ISO-10303-21;
HEADER;
FILE_DESCRIPTION(('FreeCAD Model'),'2;1');
FILE_NAME('Open CASCADE Shape Model','2026-09-02T13:20:52',('FreeCAD'),(
    'FreeCAD'),'Open CASCADE STEP processor 7.8','FreeCAD','Unknown');
FILE_SCHEMA(('AUTOMOTIVE_DESIGN { 1 0 10303 214 1 1 1 1 }'));
ENDSEC;
DATA;
#1 = APPLICATION_PROTOCOL_DEFINITION('international standard',
  'automotive_design',2000,#2);
#2 = APPLICATION_CONTEXT(
  'core data for automotive mechanical design processes');
#3 = SHAPE_DEFINITION_REPRESENTATION(#4,#10);
#4 = PRODUCT_DEFINITION_SHAPE('','',#5);
#5 = PRODUCT_DEFINITION('design','',#6,#9);
#6 = PRODUCT_DEFINITION_FORMATION('','',#7);
#7 = PRODUCT('Open CASCADE STEP translator 7.8 2',
  'Open CASCADE STEP translator 7.8 2','',(#8));
#8 = PRODUCT_CONTEXT('',#2,'mechanical');
#9 = PRODUCT_DEFINITION_CONTEXT('part definition',#2,'design');
#10 = SHAPE_REPRESENTATION('',(#11,#15,#1675,#2381,#3009,#3861,#5147,
    #5239,#5331,#5423,#5515,#5939,#6363,#6909,#7254,#7680,#7986,#8268,
    #8418,#8568,#8718,#9412,#10321,#10510,#10699,#10888,#11077,#11986,
    #12175,#12364,#12553,#12742,#12937,#13132,#13185,#13238,#13250,
    #13400,#13550,#13700,#13753,#13903,#14053,#14106,#14256,#14406,
    #14459,#14609,#14759,#14909,#15059,#15209),#15359);
#11 = AXIS2_PLACEMENT_3D('',#12,#13,#14);
#12 = CARTESIAN_POINT('',(0.,0.,0.));
#13 = DIRECTION('',(0.,0.,1.));
#14 = DIRECTION('',(1.,0.,-0.));
#15 = MANIFOLD_SOLID_BREP('',#16);
#16 = CLOSED_SHELL('',(#17,#57,#88,#510,#534,#949,#961,#978,#995,#1017,
    #1034,#1051,#1063,#1080,#1102,#1119,#1136,#1148,#1170,#1187,#1204,
    #1216,#1233,#1250,#1267,#1289,#1306,#1323,#1335,#1357,#1374,#1391,
    #1403,#1420,#1437,#1459,#1476,#1493,#1505,#1527,#1544,#1561,#1573,
    #1595,#1612,#1629,#1641,#1658));
#17 = ADVANCED_FACE('',(#18),#52,.F.);
#18 = FACE_BOUND('',#19,.F.);
#19 = EDGE_LOOP('',(#20,#30,#38,#46));
#20 = ORIENTED_EDGE('',*,*,#21,.F.);
#21 = EDGE_CURVE('',#22,#24,#26,.T.);
#22 = VERTEX_POINT('',#23);
#23 = CARTESIAN_POINT('',(-90.,-70.,42.));
#24 = VERTEX_POINT('',#25);
#25 = CARTESIAN_POINT('',(-90.,-70.,46.));
#26 = LINE('',#27,#28);
#27 = CARTESIAN_POINT('',(-90.,-70.,42.));
#28 = VECTOR('',#29,1.);
#29 = DIRECTION('',(0.,0.,1.));
#30 = ORIENTED_EDGE('',*,*,#31,.T.);
#31 = EDGE_CURVE('',#22,#32,#34,.T.);
#32 = VERTEX_POINT('',#33);
#33 = CARTESIAN_POINT('',(-90.,70.,42.));
#34 = LINE('',#35,#36);
#35 = CARTESIAN_POINT('',(-90.,-70.,42.));
#36 = VECTOR('',#37,1.);
#37 = DIRECTION('',(0.,1.,0.));
#38 = ORIENTED_EDGE('',*,*,#39,.T.);
#39 = EDGE_CURVE('',#32,#40,#42,.T.);
#40 = VERTEX_POINT('',#41);
#41 = CARTESIAN_POINT('',(-90.,70.,46.));
#42 = LINE('',#43,#44);
#43 = CARTESIAN_POINT('',(-90.,70.,42.));
#44 = VECTOR('',#45,1.);
#45 = DIRECTION('',(0.,0.,1.));
#46 = ORIENTED_EDGE('',*,*,#47,.F.);
#47 = EDGE_CURVE('',#24,#40,#48,.T.);
#48 = LINE('',#49,#50);
#49 = CARTESIAN_POINT('',(-90.,-70.,46.));
#50 = VECTOR('',#51,1.);
#51 = DIRECTION('',(0.,1.,0.));
#52 = PLANE('',#53);
#53 = AXIS2_PLACEMENT_3D('',#54,#55,#56);
#54 = CARTESIAN_POINT('',(-90.,-70.,42.));
#55 = DIRECTION('',(1.,0.,0.));
#56 = DIRECTION('',(0.,0.,1.));
#57 = ADVANCED_FACE('',(#58),#83,.F.);
#58 = FACE_BOUND('',#59,.F.);
#59 = EDGE_LOOP('',(#60,#68,#69,#77));
#60 = ORIENTED_EDGE('',*,*,#61,.F.);
#61 = EDGE_CURVE('',#22,#62,#64,.T.);
#62 = VERTEX_POINT('',#63);
#63 = CARTESIAN_POINT('',(90.,-70.,42.));
#64 = LINE('',#65,#66);
#65 = CARTESIAN_POINT('',(-90.,-70.,42.));
#66 = VECTOR('',#67,1.);
#67 = DIRECTION('',(1.,0.,0.));
#68 = ORIENTED_EDGE('',*,*,#21,.T.);
#69 = ORIENTED_EDGE('',*,*,#70,.T.);
#70 = EDGE_CURVE('',#24,#71,#73,.T.);
#71 = VERTEX_POINT('',#72);
#72 = CARTESIAN_POINT('',(90.,-70.,46.));
#73 = LINE('',#74,#75);
#74 = CARTESIAN_POINT('',(-90.,-70.,46.));
#75 = VECTOR('',#76,1.);
#76 = DIRECTION('',(1.,0.,0.));
#77 = ORIENTED_EDGE('',*,*,#78,.F.);
#78 = EDGE_CURVE('',#62,#71,#79,.T.);
#79 = LINE('',#80,#81);
#80 = CARTESIAN_POINT('',(90.,-70.,42.));
#81 = VECTOR('',#82,1.);
#82 = DIRECTION('',(0.,0.,1.));
#83 = PLANE('',#84);
#84 = AXIS2_PLACEMENT_3D('',#85,#86,#87);
#85 = CARTESIAN_POINT('',(-90.,-70.,42.));
#86 = DIRECTION('',(0.,1.,0.));
#87 = DIRECTION('',(0.,0.,1.));
#88 = ADVANCED_FACE('',(#89,#107,#118,#129,#165,#176,#212,#248,#259,#270
    ,#281,#317,#353,#364,#375,#411,#447,#483,#494),#505,.T.);
#89 = FACE_BOUND('',#90,.T.);
#90 = EDGE_LOOP('',(#91,#92,#93,#101));
#91 = ORIENTED_EDGE('',*,*,#47,.F.);
#92 = ORIENTED_EDGE('',*,*,#70,.T.);
#93 = ORIENTED_EDGE('',*,*,#94,.T.);
#94 = EDGE_CURVE('',#71,#95,#97,.T.);
#95 = VERTEX_POINT('',#96);
#96 = CARTESIAN_POINT('',(90.,70.,46.));
#97 = LINE('',#98,#99);
#98 = CARTESIAN_POINT('',(90.,-70.,46.));
#99 = VECTOR('',#100,1.);
#100 = DIRECTION('',(0.,1.,0.));
#101 = ORIENTED_EDGE('',*,*,#102,.F.);
#102 = EDGE_CURVE('',#40,#95,#103,.T.);
#103 = LINE('',#104,#105);
#104 = CARTESIAN_POINT('',(-90.,70.,46.));
#105 = VECTOR('',#106,1.);
#106 = DIRECTION('',(1.,0.,0.));
#107 = FACE_BOUND('',#108,.T.);
#108 = EDGE_LOOP('',(#109));
#109 = ORIENTED_EDGE('',*,*,#110,.F.);
#110 = EDGE_CURVE('',#111,#111,#113,.T.);
#111 = VERTEX_POINT('',#112);
#112 = CARTESIAN_POINT('',(-76.3,-58.,46.));
#113 = CIRCLE('',#114,1.7);
#114 = AXIS2_PLACEMENT_3D('',#115,#116,#117);
#115 = CARTESIAN_POINT('',(-78.,-58.,46.));
#116 = DIRECTION('',(0.,0.,1.));
#117 = DIRECTION('',(1.,0.,0.));
#118 = FACE_BOUND('',#119,.T.);
#119 = EDGE_LOOP('',(#120));
#120 = ORIENTED_EDGE('',*,*,#121,.F.);
#121 = EDGE_CURVE('',#122,#122,#124,.T.);
#122 = VERTEX_POINT('',#123);
#123 = CARTESIAN_POINT('',(-70.3,-52.,46.));
#124 = CIRCLE('',#125,1.7);
#125 = AXIS2_PLACEMENT_3D('',#126,#127,#128);
#126 = CARTESIAN_POINT('',(-72.,-52.,46.));
#127 = DIRECTION('',(0.,0.,1.));
#128 = DIRECTION('',(1.,0.,0.));
#129 = FACE_BOUND('',#130,.T.);
#130 = EDGE_LOOP('',(#131,#142,#150,#159));
#131 = ORIENTED_EDGE('',*,*,#132,.F.);
#132 = EDGE_CURVE('',#133,#135,#137,.T.);
#133 = VERTEX_POINT('',#134);
#134 = CARTESIAN_POINT('',(-68.1,-52.9,46.));
#135 = VERTEX_POINT('',#136);
#136 = CARTESIAN_POINT('',(-63.9,-52.9,46.));
#137 = CIRCLE('',#138,2.1);
#138 = AXIS2_PLACEMENT_3D('',#139,#140,#141);
#139 = CARTESIAN_POINT('',(-66.,-52.9,46.));
#140 = DIRECTION('',(0.,0.,1.));
#141 = DIRECTION('',(1.,0.,0.));
#142 = ORIENTED_EDGE('',*,*,#143,.T.);
#143 = EDGE_CURVE('',#133,#144,#146,.T.);
#144 = VERTEX_POINT('',#145);
#145 = CARTESIAN_POINT('',(-68.1,-23.1,46.));
#146 = LINE('',#147,#148);
#147 = CARTESIAN_POINT('',(-68.1,-61.45,46.));
#148 = VECTOR('',#149,1.);
#149 = DIRECTION('',(0.,1.,0.));
#150 = ORIENTED_EDGE('',*,*,#151,.F.);
#151 = EDGE_CURVE('',#152,#144,#154,.T.);
#152 = VERTEX_POINT('',#153);
#153 = CARTESIAN_POINT('',(-63.9,-23.1,46.));
#154 = CIRCLE('',#155,2.1);
#155 = AXIS2_PLACEMENT_3D('',#156,#157,#158);
#156 = CARTESIAN_POINT('',(-66.,-23.1,46.));
#157 = DIRECTION('',(0.,0.,1.));
#158 = DIRECTION('',(1.,0.,0.));
#159 = ORIENTED_EDGE('',*,*,#160,.F.);
#160 = EDGE_CURVE('',#135,#152,#161,.T.);
#161 = LINE('',#162,#163);
#162 = CARTESIAN_POINT('',(-63.9,-61.45,46.));
#163 = VECTOR('',#164,1.);
#164 = DIRECTION('',(0.,1.,0.));
#165 = FACE_BOUND('',#166,.T.);
#166 = EDGE_LOOP('',(#167));
#167 = ORIENTED_EDGE('',*,*,#168,.F.);
#168 = EDGE_CURVE('',#169,#169,#171,.T.);
#169 = VERTEX_POINT('',#170);
#170 = CARTESIAN_POINT('',(-56.3,-42.,46.));
#171 = CIRCLE('',#172,1.7);
#172 = AXIS2_PLACEMENT_3D('',#173,#174,#175);
#173 = CARTESIAN_POINT('',(-58.,-42.,46.));
#174 = DIRECTION('',(0.,0.,1.));
#175 = DIRECTION('',(1.,0.,0.));
#176 = FACE_BOUND('',#177,.T.);
#177 = EDGE_LOOP('',(#178,#189,#197,#206));
#178 = ORIENTED_EDGE('',*,*,#179,.F.);
#179 = EDGE_CURVE('',#180,#182,#184,.T.);
#180 = VERTEX_POINT('',#181);
#181 = CARTESIAN_POINT('',(-45.9,-52.9,46.));
#182 = VERTEX_POINT('',#183);
#183 = CARTESIAN_POINT('',(-45.9,-57.1,46.));
#184 = CIRCLE('',#185,2.1);
#185 = AXIS2_PLACEMENT_3D('',#186,#187,#188);
#186 = CARTESIAN_POINT('',(-45.9,-55.,46.));
#187 = DIRECTION('',(0.,0.,1.));
#188 = DIRECTION('',(1.,0.,0.));
#189 = ORIENTED_EDGE('',*,*,#190,.F.);
#190 = EDGE_CURVE('',#191,#180,#193,.T.);
#191 = VERTEX_POINT('',#192);
#192 = CARTESIAN_POINT('',(-22.1,-52.9,46.));
#193 = LINE('',#194,#195);
#194 = CARTESIAN_POINT('',(-67.95,-52.9,46.));
#195 = VECTOR('',#196,1.);
#196 = DIRECTION('',(-1.,0.,0.));
#197 = ORIENTED_EDGE('',*,*,#198,.F.);
#198 = EDGE_CURVE('',#199,#191,#201,.T.);
#199 = VERTEX_POINT('',#200);
#200 = CARTESIAN_POINT('',(-22.1,-57.1,46.));
#201 = CIRCLE('',#202,2.1);
#202 = AXIS2_PLACEMENT_3D('',#203,#204,#205);
#203 = CARTESIAN_POINT('',(-22.1,-55.,46.));
#204 = DIRECTION('',(0.,0.,1.));
#205 = DIRECTION('',(1.,0.,0.));
#206 = ORIENTED_EDGE('',*,*,#207,.T.);
#207 = EDGE_CURVE('',#199,#182,#208,.T.);
#208 = LINE('',#209,#210);
#209 = CARTESIAN_POINT('',(-67.95,-57.1,46.));
#210 = VECTOR('',#211,1.);
#211 = DIRECTION('',(-1.,0.,0.));
#212 = FACE_BOUND('',#213,.T.);
#213 = EDGE_LOOP('',(#214,#225,#233,#242));
#214 = ORIENTED_EDGE('',*,*,#215,.F.);
#215 = EDGE_CURVE('',#216,#218,#220,.T.);
#216 = VERTEX_POINT('',#217);
#217 = CARTESIAN_POINT('',(22.1,-52.9,46.));
#218 = VERTEX_POINT('',#219);
#219 = CARTESIAN_POINT('',(22.1,-57.1,46.));
#220 = CIRCLE('',#221,2.1);
#221 = AXIS2_PLACEMENT_3D('',#222,#223,#224);
#222 = CARTESIAN_POINT('',(22.1,-55.,46.));
#223 = DIRECTION('',(0.,0.,1.));
#224 = DIRECTION('',(1.,0.,0.));
#225 = ORIENTED_EDGE('',*,*,#226,.F.);
#226 = EDGE_CURVE('',#227,#216,#229,.T.);
#227 = VERTEX_POINT('',#228);
#228 = CARTESIAN_POINT('',(45.9,-52.9,46.));
#229 = LINE('',#230,#231);
#230 = CARTESIAN_POINT('',(-33.95,-52.9,46.));
#231 = VECTOR('',#232,1.);
#232 = DIRECTION('',(-1.,0.,0.));
#233 = ORIENTED_EDGE('',*,*,#234,.F.);
#234 = EDGE_CURVE('',#235,#227,#237,.T.);
#235 = VERTEX_POINT('',#236);
#236 = CARTESIAN_POINT('',(45.9,-57.1,46.));
#237 = CIRCLE('',#238,2.1);
#238 = AXIS2_PLACEMENT_3D('',#239,#240,#241);
#239 = CARTESIAN_POINT('',(45.9,-55.,46.));
#240 = DIRECTION('',(0.,0.,1.));
#241 = DIRECTION('',(1.,0.,0.));
#242 = ORIENTED_EDGE('',*,*,#243,.T.);
#243 = EDGE_CURVE('',#235,#218,#244,.T.);
#244 = LINE('',#245,#246);
#245 = CARTESIAN_POINT('',(-33.95,-57.1,46.));
#246 = VECTOR('',#247,1.);
#247 = DIRECTION('',(-1.,0.,0.));
#248 = FACE_BOUND('',#249,.T.);
#249 = EDGE_LOOP('',(#250));
#250 = ORIENTED_EDGE('',*,*,#251,.F.);
#251 = EDGE_CURVE('',#252,#252,#254,.T.);
#252 = VERTEX_POINT('',#253);
#253 = CARTESIAN_POINT('',(79.7,-58.,46.));
#254 = CIRCLE('',#255,1.7);
#255 = AXIS2_PLACEMENT_3D('',#256,#257,#258);
#256 = CARTESIAN_POINT('',(78.,-58.,46.));
#257 = DIRECTION('',(0.,0.,1.));
#258 = DIRECTION('',(1.,0.,0.));
#259 = FACE_BOUND('',#260,.T.);
#260 = EDGE_LOOP('',(#261));
#261 = ORIENTED_EDGE('',*,*,#262,.F.);
#262 = EDGE_CURVE('',#263,#263,#265,.T.);
#263 = VERTEX_POINT('',#264);
#264 = CARTESIAN_POINT('',(73.7,-52.,46.));
#265 = CIRCLE('',#266,1.7);
#266 = AXIS2_PLACEMENT_3D('',#267,#268,#269);
#267 = CARTESIAN_POINT('',(72.,-52.,46.));
#268 = DIRECTION('',(0.,0.,1.));
#269 = DIRECTION('',(1.,0.,0.));
#270 = FACE_BOUND('',#271,.T.);
#271 = EDGE_LOOP('',(#272));
#272 = ORIENTED_EDGE('',*,*,#273,.F.);
#273 = EDGE_CURVE('',#274,#274,#276,.T.);
#274 = VERTEX_POINT('',#275);
#275 = CARTESIAN_POINT('',(59.7,-42.,46.));
#276 = CIRCLE('',#277,1.7);
#277 = AXIS2_PLACEMENT_3D('',#278,#279,#280);
#278 = CARTESIAN_POINT('',(58.,-42.,46.));
#279 = DIRECTION('',(0.,0.,1.));
#280 = DIRECTION('',(1.,0.,0.));
#281 = FACE_BOUND('',#282,.T.);
#282 = EDGE_LOOP('',(#283,#294,#302,#311));
#283 = ORIENTED_EDGE('',*,*,#284,.F.);
#284 = EDGE_CURVE('',#285,#287,#289,.T.);
#285 = VERTEX_POINT('',#286);
#286 = CARTESIAN_POINT('',(63.9,-52.9,46.));
#287 = VERTEX_POINT('',#288);
#288 = CARTESIAN_POINT('',(68.1,-52.9,46.));
#289 = CIRCLE('',#290,2.1);
#290 = AXIS2_PLACEMENT_3D('',#291,#292,#293);
#291 = CARTESIAN_POINT('',(66.,-52.9,46.));
#292 = DIRECTION('',(0.,0.,1.));
#293 = DIRECTION('',(1.,0.,0.));
#294 = ORIENTED_EDGE('',*,*,#295,.T.);
#295 = EDGE_CURVE('',#285,#296,#298,.T.);
#296 = VERTEX_POINT('',#297);
#297 = CARTESIAN_POINT('',(63.9,-23.1,46.));
#298 = LINE('',#299,#300);
#299 = CARTESIAN_POINT('',(63.9,-61.45,46.));
#300 = VECTOR('',#301,1.);
#301 = DIRECTION('',(0.,1.,0.));
#302 = ORIENTED_EDGE('',*,*,#303,.F.);
#303 = EDGE_CURVE('',#304,#296,#306,.T.);
#304 = VERTEX_POINT('',#305);
#305 = CARTESIAN_POINT('',(68.1,-23.1,46.));
#306 = CIRCLE('',#307,2.1);
#307 = AXIS2_PLACEMENT_3D('',#308,#309,#310);
#308 = CARTESIAN_POINT('',(66.,-23.1,46.));
#309 = DIRECTION('',(0.,0.,1.));
#310 = DIRECTION('',(1.,0.,0.));
#311 = ORIENTED_EDGE('',*,*,#312,.F.);
#312 = EDGE_CURVE('',#287,#304,#313,.T.);
#313 = LINE('',#314,#315);
#314 = CARTESIAN_POINT('',(68.1,-61.45,46.));
#315 = VECTOR('',#316,1.);
#316 = DIRECTION('',(0.,1.,0.));
#317 = FACE_BOUND('',#318,.T.);
#318 = EDGE_LOOP('',(#319,#330,#338,#347));
#319 = ORIENTED_EDGE('',*,*,#320,.F.);
#320 = EDGE_CURVE('',#321,#323,#325,.T.);
#321 = VERTEX_POINT('',#322);
#322 = CARTESIAN_POINT('',(-68.1,3.1,46.));
#323 = VERTEX_POINT('',#324);
#324 = CARTESIAN_POINT('',(-63.9,3.1,46.));
#325 = CIRCLE('',#326,2.1);
#326 = AXIS2_PLACEMENT_3D('',#327,#328,#329);
#327 = CARTESIAN_POINT('',(-66.,3.1,46.));
#328 = DIRECTION('',(0.,0.,1.));
#329 = DIRECTION('',(1.,0.,0.));
#330 = ORIENTED_EDGE('',*,*,#331,.T.);
#331 = EDGE_CURVE('',#321,#332,#334,.T.);
#332 = VERTEX_POINT('',#333);
#333 = CARTESIAN_POINT('',(-68.1,32.9,46.));
#334 = LINE('',#335,#336);
#335 = CARTESIAN_POINT('',(-68.1,-33.45,46.));
#336 = VECTOR('',#337,1.);
#337 = DIRECTION('',(0.,1.,0.));
#338 = ORIENTED_EDGE('',*,*,#339,.F.);
#339 = EDGE_CURVE('',#340,#332,#342,.T.);
#340 = VERTEX_POINT('',#341);
#341 = CARTESIAN_POINT('',(-63.9,32.9,46.));
#342 = CIRCLE('',#343,2.1);
#343 = AXIS2_PLACEMENT_3D('',#344,#345,#346);
#344 = CARTESIAN_POINT('',(-66.,32.9,46.));
#345 = DIRECTION('',(0.,0.,1.));
#346 = DIRECTION('',(1.,0.,0.));
#347 = ORIENTED_EDGE('',*,*,#348,.F.);
#348 = EDGE_CURVE('',#323,#340,#349,.T.);
#349 = LINE('',#350,#351);
#350 = CARTESIAN_POINT('',(-63.9,-33.45,46.));
#351 = VECTOR('',#352,1.);
#352 = DIRECTION('',(0.,1.,0.));
#353 = FACE_BOUND('',#354,.T.);
#354 = EDGE_LOOP('',(#355));
#355 = ORIENTED_EDGE('',*,*,#356,.F.);
#356 = EDGE_CURVE('',#357,#357,#359,.T.);
#357 = VERTEX_POINT('',#358);
#358 = CARTESIAN_POINT('',(-56.3,42.,46.));
#359 = CIRCLE('',#360,1.7);
#360 = AXIS2_PLACEMENT_3D('',#361,#362,#363);
#361 = CARTESIAN_POINT('',(-58.,42.,46.));
#362 = DIRECTION('',(0.,0.,1.));
#363 = DIRECTION('',(1.,0.,0.));
#364 = FACE_BOUND('',#365,.T.);
#365 = EDGE_LOOP('',(#366));
#366 = ORIENTED_EDGE('',*,*,#367,.F.);
#367 = EDGE_CURVE('',#368,#368,#370,.T.);
#368 = VERTEX_POINT('',#369);
#369 = CARTESIAN_POINT('',(-76.3,58.,46.));
#370 = CIRCLE('',#371,1.7);
#371 = AXIS2_PLACEMENT_3D('',#372,#373,#374);
#372 = CARTESIAN_POINT('',(-78.,58.,46.));
#373 = DIRECTION('',(0.,0.,1.));
#374 = DIRECTION('',(1.,0.,0.));
#375 = FACE_BOUND('',#376,.T.);
#376 = EDGE_LOOP('',(#377,#388,#396,#405));
#377 = ORIENTED_EDGE('',*,*,#378,.F.);
#378 = EDGE_CURVE('',#379,#381,#383,.T.);
#379 = VERTEX_POINT('',#380);
#380 = CARTESIAN_POINT('',(-45.9,57.1,46.));
#381 = VERTEX_POINT('',#382);
#382 = CARTESIAN_POINT('',(-45.9,52.9,46.));
#383 = CIRCLE('',#384,2.1);
#384 = AXIS2_PLACEMENT_3D('',#385,#386,#387);
#385 = CARTESIAN_POINT('',(-45.9,55.,46.));
#386 = DIRECTION('',(0.,0.,1.));
#387 = DIRECTION('',(1.,0.,0.));
#388 = ORIENTED_EDGE('',*,*,#389,.F.);
#389 = EDGE_CURVE('',#390,#379,#392,.T.);
#390 = VERTEX_POINT('',#391);
#391 = CARTESIAN_POINT('',(-22.1,57.1,46.));
#392 = LINE('',#393,#394);
#393 = CARTESIAN_POINT('',(-67.95,57.1,46.));
#394 = VECTOR('',#395,1.);
#395 = DIRECTION('',(-1.,0.,0.));
#396 = ORIENTED_EDGE('',*,*,#397,.F.);
#397 = EDGE_CURVE('',#398,#390,#400,.T.);
#398 = VERTEX_POINT('',#399);
#399 = CARTESIAN_POINT('',(-22.1,52.9,46.));
#400 = CIRCLE('',#401,2.1);
#401 = AXIS2_PLACEMENT_3D('',#402,#403,#404);
#402 = CARTESIAN_POINT('',(-22.1,55.,46.));
#403 = DIRECTION('',(0.,0.,1.));
#404 = DIRECTION('',(1.,0.,0.));
#405 = ORIENTED_EDGE('',*,*,#406,.T.);
#406 = EDGE_CURVE('',#398,#381,#407,.T.);
#407 = LINE('',#408,#409);
#408 = CARTESIAN_POINT('',(-67.95,52.9,46.));
#409 = VECTOR('',#410,1.);
#410 = DIRECTION('',(-1.,0.,0.));
#411 = FACE_BOUND('',#412,.T.);
#412 = EDGE_LOOP('',(#413,#424,#432,#441));
#413 = ORIENTED_EDGE('',*,*,#414,.F.);
#414 = EDGE_CURVE('',#415,#417,#419,.T.);
#415 = VERTEX_POINT('',#416);
#416 = CARTESIAN_POINT('',(63.9,3.1,46.));
#417 = VERTEX_POINT('',#418);
#418 = CARTESIAN_POINT('',(68.1,3.1,46.));
#419 = CIRCLE('',#420,2.1);
#420 = AXIS2_PLACEMENT_3D('',#421,#422,#423);
#421 = CARTESIAN_POINT('',(66.,3.1,46.));
#422 = DIRECTION('',(0.,0.,1.));
#423 = DIRECTION('',(1.,0.,0.));
#424 = ORIENTED_EDGE('',*,*,#425,.T.);
#425 = EDGE_CURVE('',#415,#426,#428,.T.);
#426 = VERTEX_POINT('',#427);
#427 = CARTESIAN_POINT('',(63.9,32.9,46.));
#428 = LINE('',#429,#430);
#429 = CARTESIAN_POINT('',(63.9,-33.45,46.));
#430 = VECTOR('',#431,1.);
#431 = DIRECTION('',(0.,1.,0.));
#432 = ORIENTED_EDGE('',*,*,#433,.F.);
#433 = EDGE_CURVE('',#434,#426,#436,.T.);
#434 = VERTEX_POINT('',#435);
#435 = CARTESIAN_POINT('',(68.1,32.9,46.));
#436 = CIRCLE('',#437,2.1);
#437 = AXIS2_PLACEMENT_3D('',#438,#439,#440);
#438 = CARTESIAN_POINT('',(66.,32.9,46.));
#439 = DIRECTION('',(0.,0.,1.));
#440 = DIRECTION('',(1.,0.,0.));
#441 = ORIENTED_EDGE('',*,*,#442,.F.);
#442 = EDGE_CURVE('',#417,#434,#443,.T.);
#443 = LINE('',#444,#445);
#444 = CARTESIAN_POINT('',(68.1,-33.45,46.));
#445 = VECTOR('',#446,1.);
#446 = DIRECTION('',(0.,1.,0.));
#447 = FACE_BOUND('',#448,.T.);
#448 = EDGE_LOOP('',(#449,#460,#468,#477));
#449 = ORIENTED_EDGE('',*,*,#450,.F.);
#450 = EDGE_CURVE('',#451,#453,#455,.T.);
#451 = VERTEX_POINT('',#452);
#452 = CARTESIAN_POINT('',(22.1,57.1,46.));
#453 = VERTEX_POINT('',#454);
#454 = CARTESIAN_POINT('',(22.1,52.9,46.));
#455 = CIRCLE('',#456,2.1);
#456 = AXIS2_PLACEMENT_3D('',#457,#458,#459);
#457 = CARTESIAN_POINT('',(22.1,55.,46.));
#458 = DIRECTION('',(0.,0.,1.));
#459 = DIRECTION('',(1.,0.,0.));
#460 = ORIENTED_EDGE('',*,*,#461,.F.);
#461 = EDGE_CURVE('',#462,#451,#464,.T.);
#462 = VERTEX_POINT('',#463);
#463 = CARTESIAN_POINT('',(45.9,57.1,46.));
#464 = LINE('',#465,#466);
#465 = CARTESIAN_POINT('',(-33.95,57.1,46.));
#466 = VECTOR('',#467,1.);
#467 = DIRECTION('',(-1.,0.,0.));
#468 = ORIENTED_EDGE('',*,*,#469,.F.);
#469 = EDGE_CURVE('',#470,#462,#472,.T.);
#470 = VERTEX_POINT('',#471);
#471 = CARTESIAN_POINT('',(45.9,52.9,46.));
#472 = CIRCLE('',#473,2.1);
#473 = AXIS2_PLACEMENT_3D('',#474,#475,#476);
#474 = CARTESIAN_POINT('',(45.9,55.,46.));
#475 = DIRECTION('',(0.,0.,1.));
#476 = DIRECTION('',(1.,0.,0.));
#477 = ORIENTED_EDGE('',*,*,#478,.T.);
#478 = EDGE_CURVE('',#470,#453,#479,.T.);
#479 = LINE('',#480,#481);
#480 = CARTESIAN_POINT('',(-33.95,52.9,46.));
#481 = VECTOR('',#482,1.);
#482 = DIRECTION('',(-1.,0.,0.));
#483 = FACE_BOUND('',#484,.T.);
#484 = EDGE_LOOP('',(#485));
#485 = ORIENTED_EDGE('',*,*,#486,.F.);
#486 = EDGE_CURVE('',#487,#487,#489,.T.);
#487 = VERTEX_POINT('',#488);
#488 = CARTESIAN_POINT('',(59.7,42.,46.));
#489 = CIRCLE('',#490,1.7);
#490 = AXIS2_PLACEMENT_3D('',#491,#492,#493);
#491 = CARTESIAN_POINT('',(58.,42.,46.));
#492 = DIRECTION('',(0.,0.,1.));
#493 = DIRECTION('',(1.,0.,0.));
#494 = FACE_BOUND('',#495,.T.);
#495 = EDGE_LOOP('',(#496));
#496 = ORIENTED_EDGE('',*,*,#497,.F.);
#497 = EDGE_CURVE('',#498,#498,#500,.T.);
#498 = VERTEX_POINT('',#499);
#499 = CARTESIAN_POINT('',(79.7,58.,46.));
#500 = CIRCLE('',#501,1.7);
#501 = AXIS2_PLACEMENT_3D('',#502,#503,#504);
#502 = CARTESIAN_POINT('',(78.,58.,46.));
#503 = DIRECTION('',(0.,0.,1.));
#504 = DIRECTION('',(1.,0.,0.));
#505 = PLANE('',#506);
#506 = AXIS2_PLACEMENT_3D('',#507,#508,#509);
#507 = CARTESIAN_POINT('',(-90.,-70.,46.));
#508 = DIRECTION('',(0.,0.,1.));
#509 = DIRECTION('',(1.,0.,0.));
#510 = ADVANCED_FACE('',(#511),#529,.T.);
#511 = FACE_BOUND('',#512,.T.);
#512 = EDGE_LOOP('',(#513,#521,#522,#523));
#513 = ORIENTED_EDGE('',*,*,#514,.F.);
#514 = EDGE_CURVE('',#32,#515,#517,.T.);
#515 = VERTEX_POINT('',#516);
#516 = CARTESIAN_POINT('',(90.,70.,42.));
#517 = LINE('',#518,#519);
#518 = CARTESIAN_POINT('',(-90.,70.,42.));
#519 = VECTOR('',#520,1.);
#520 = DIRECTION('',(1.,0.,0.));
#521 = ORIENTED_EDGE('',*,*,#39,.T.);
#522 = ORIENTED_EDGE('',*,*,#102,.T.);
#523 = ORIENTED_EDGE('',*,*,#524,.F.);
#524 = EDGE_CURVE('',#515,#95,#525,.T.);
#525 = LINE('',#526,#527);
#526 = CARTESIAN_POINT('',(90.,70.,42.));
#527 = VECTOR('',#528,1.);
#528 = DIRECTION('',(0.,0.,1.));
#529 = PLANE('',#530);
#530 = AXIS2_PLACEMENT_3D('',#531,#532,#533);
#531 = CARTESIAN_POINT('',(-90.,70.,42.));
#532 = DIRECTION('',(0.,1.,0.));
#533 = DIRECTION('',(0.,0.,1.));
#534 = ADVANCED_FACE('',(#535,#546,#557,#568,#604,#615,#651,#687,#698,
    #709,#720,#756,#792,#803,#814,#850,#886,#922,#933),#944,.F.);
#535 = FACE_BOUND('',#536,.F.);
#536 = EDGE_LOOP('',(#537,#538,#539,#545));
#537 = ORIENTED_EDGE('',*,*,#31,.F.);
#538 = ORIENTED_EDGE('',*,*,#61,.T.);
#539 = ORIENTED_EDGE('',*,*,#540,.T.);
#540 = EDGE_CURVE('',#62,#515,#541,.T.);
#541 = LINE('',#542,#543);
#542 = CARTESIAN_POINT('',(90.,-70.,42.));
#543 = VECTOR('',#544,1.);
#544 = DIRECTION('',(0.,1.,0.));
#545 = ORIENTED_EDGE('',*,*,#514,.F.);
#546 = FACE_BOUND('',#547,.F.);
#547 = EDGE_LOOP('',(#548));
#548 = ORIENTED_EDGE('',*,*,#549,.F.);
#549 = EDGE_CURVE('',#550,#550,#552,.T.);
#550 = VERTEX_POINT('',#551);
#551 = CARTESIAN_POINT('',(-76.3,-58.,42.));
#552 = CIRCLE('',#553,1.7);
#553 = AXIS2_PLACEMENT_3D('',#554,#555,#556);
#554 = CARTESIAN_POINT('',(-78.,-58.,42.));
#555 = DIRECTION('',(0.,0.,1.));
#556 = DIRECTION('',(1.,0.,0.));
#557 = FACE_BOUND('',#558,.F.);
#558 = EDGE_LOOP('',(#559));
#559 = ORIENTED_EDGE('',*,*,#560,.F.);
#560 = EDGE_CURVE('',#561,#561,#563,.T.);
#561 = VERTEX_POINT('',#562);
#562 = CARTESIAN_POINT('',(-70.3,-52.,42.));
#563 = CIRCLE('',#564,1.7);
#564 = AXIS2_PLACEMENT_3D('',#565,#566,#567);
#565 = CARTESIAN_POINT('',(-72.,-52.,42.));
#566 = DIRECTION('',(0.,0.,1.));
#567 = DIRECTION('',(1.,0.,0.));
#568 = FACE_BOUND('',#569,.F.);
#569 = EDGE_LOOP('',(#570,#581,#589,#598));
#570 = ORIENTED_EDGE('',*,*,#571,.F.);
#571 = EDGE_CURVE('',#572,#574,#576,.T.);
#572 = VERTEX_POINT('',#573);
#573 = CARTESIAN_POINT('',(-68.1,-52.9,42.));
#574 = VERTEX_POINT('',#575);
#575 = CARTESIAN_POINT('',(-63.9,-52.9,42.));
#576 = CIRCLE('',#577,2.1);
#577 = AXIS2_PLACEMENT_3D('',#578,#579,#580);
#578 = CARTESIAN_POINT('',(-66.,-52.9,42.));
#579 = DIRECTION('',(0.,0.,1.));
#580 = DIRECTION('',(1.,0.,0.));
#581 = ORIENTED_EDGE('',*,*,#582,.T.);
#582 = EDGE_CURVE('',#572,#583,#585,.T.);
#583 = VERTEX_POINT('',#584);
#584 = CARTESIAN_POINT('',(-68.1,-23.1,42.));
#585 = LINE('',#586,#587);
#586 = CARTESIAN_POINT('',(-68.1,-61.45,42.));
#587 = VECTOR('',#588,1.);
#588 = DIRECTION('',(0.,1.,0.));
#589 = ORIENTED_EDGE('',*,*,#590,.F.);
#590 = EDGE_CURVE('',#591,#583,#593,.T.);
#591 = VERTEX_POINT('',#592);
#592 = CARTESIAN_POINT('',(-63.9,-23.1,42.));
#593 = CIRCLE('',#594,2.1);
#594 = AXIS2_PLACEMENT_3D('',#595,#596,#597);
#595 = CARTESIAN_POINT('',(-66.,-23.1,42.));
#596 = DIRECTION('',(0.,0.,1.));
#597 = DIRECTION('',(1.,0.,0.));
#598 = ORIENTED_EDGE('',*,*,#599,.F.);
#599 = EDGE_CURVE('',#574,#591,#600,.T.);
#600 = LINE('',#601,#602);
#601 = CARTESIAN_POINT('',(-63.9,-61.45,42.));
#602 = VECTOR('',#603,1.);
#603 = DIRECTION('',(0.,1.,0.));
#604 = FACE_BOUND('',#605,.F.);
#605 = EDGE_LOOP('',(#606));
#606 = ORIENTED_EDGE('',*,*,#607,.F.);
#607 = EDGE_CURVE('',#608,#608,#610,.T.);
#608 = VERTEX_POINT('',#609);
#609 = CARTESIAN_POINT('',(-56.3,-42.,42.));
#610 = CIRCLE('',#611,1.7);
#611 = AXIS2_PLACEMENT_3D('',#612,#613,#614);
#612 = CARTESIAN_POINT('',(-58.,-42.,42.));
#613 = DIRECTION('',(0.,0.,1.));
#614 = DIRECTION('',(1.,0.,0.));
#615 = FACE_BOUND('',#616,.F.);
#616 = EDGE_LOOP('',(#617,#628,#636,#645));
#617 = ORIENTED_EDGE('',*,*,#618,.F.);
#618 = EDGE_CURVE('',#619,#621,#623,.T.);
#619 = VERTEX_POINT('',#620);
#620 = CARTESIAN_POINT('',(-45.9,-52.9,42.));
#621 = VERTEX_POINT('',#622);
#622 = CARTESIAN_POINT('',(-45.9,-57.1,42.));
#623 = CIRCLE('',#624,2.1);
#624 = AXIS2_PLACEMENT_3D('',#625,#626,#627);
#625 = CARTESIAN_POINT('',(-45.9,-55.,42.));
#626 = DIRECTION('',(0.,0.,1.));
#627 = DIRECTION('',(1.,0.,0.));
#628 = ORIENTED_EDGE('',*,*,#629,.F.);
#629 = EDGE_CURVE('',#630,#619,#632,.T.);
#630 = VERTEX_POINT('',#631);
#631 = CARTESIAN_POINT('',(-22.1,-52.9,42.));
#632 = LINE('',#633,#634);
#633 = CARTESIAN_POINT('',(-67.95,-52.9,42.));
#634 = VECTOR('',#635,1.);
#635 = DIRECTION('',(-1.,0.,0.));
#636 = ORIENTED_EDGE('',*,*,#637,.F.);
#637 = EDGE_CURVE('',#638,#630,#640,.T.);
#638 = VERTEX_POINT('',#639);
#639 = CARTESIAN_POINT('',(-22.1,-57.1,42.));
#640 = CIRCLE('',#641,2.1);
#641 = AXIS2_PLACEMENT_3D('',#642,#643,#644);
#642 = CARTESIAN_POINT('',(-22.1,-55.,42.));
#643 = DIRECTION('',(0.,0.,1.));
#644 = DIRECTION('',(1.,0.,0.));
#645 = ORIENTED_EDGE('',*,*,#646,.T.);
#646 = EDGE_CURVE('',#638,#621,#647,.T.);
#647 = LINE('',#648,#649);
#648 = CARTESIAN_POINT('',(-67.95,-57.1,42.));
#649 = VECTOR('',#650,1.);
#650 = DIRECTION('',(-1.,0.,0.));
#651 = FACE_BOUND('',#652,.F.);
#652 = EDGE_LOOP('',(#653,#664,#672,#681));
#653 = ORIENTED_EDGE('',*,*,#654,.F.);
#654 = EDGE_CURVE('',#655,#657,#659,.T.);
#655 = VERTEX_POINT('',#656);
#656 = CARTESIAN_POINT('',(22.1,-52.9,42.));
#657 = VERTEX_POINT('',#658);
#658 = CARTESIAN_POINT('',(22.1,-57.1,42.));
#659 = CIRCLE('',#660,2.1);
#660 = AXIS2_PLACEMENT_3D('',#661,#662,#663);
#661 = CARTESIAN_POINT('',(22.1,-55.,42.));
#662 = DIRECTION('',(0.,0.,1.));
#663 = DIRECTION('',(1.,0.,0.));
#664 = ORIENTED_EDGE('',*,*,#665,.F.);
#665 = EDGE_CURVE('',#666,#655,#668,.T.);
#666 = VERTEX_POINT('',#667);
#667 = CARTESIAN_POINT('',(45.9,-52.9,42.));
#668 = LINE('',#669,#670);
#669 = CARTESIAN_POINT('',(-33.95,-52.9,42.));
#670 = VECTOR('',#671,1.);
#671 = DIRECTION('',(-1.,0.,0.));
#672 = ORIENTED_EDGE('',*,*,#673,.F.);
#673 = EDGE_CURVE('',#674,#666,#676,.T.);
#674 = VERTEX_POINT('',#675);
#675 = CARTESIAN_POINT('',(45.9,-57.1,42.));
#676 = CIRCLE('',#677,2.1);
#677 = AXIS2_PLACEMENT_3D('',#678,#679,#680);
#678 = CARTESIAN_POINT('',(45.9,-55.,42.));
#679 = DIRECTION('',(0.,0.,1.));
#680 = DIRECTION('',(1.,0.,0.));
#681 = ORIENTED_EDGE('',*,*,#682,.T.);
#682 = EDGE_CURVE('',#674,#657,#683,.T.);
#683 = LINE('',#684,#685);
#684 = CARTESIAN_POINT('',(-33.95,-57.1,42.));
#685 = VECTOR('',#686,1.);
#686 = DIRECTION('',(-1.,0.,0.));
#687 = FACE_BOUND('',#688,.F.);
#688 = EDGE_LOOP('',(#689));
#689 = ORIENTED_EDGE('',*,*,#690,.F.);
#690 = EDGE_CURVE('',#691,#691,#693,.T.);
#691 = VERTEX_POINT('',#692);
#692 = CARTESIAN_POINT('',(79.7,-58.,42.));
#693 = CIRCLE('',#694,1.7);
#694 = AXIS2_PLACEMENT_3D('',#695,#696,#697);
#695 = CARTESIAN_POINT('',(78.,-58.,42.));
#696 = DIRECTION('',(0.,0.,1.));
#697 = DIRECTION('',(1.,0.,0.));
#698 = FACE_BOUND('',#699,.F.);
#699 = EDGE_LOOP('',(#700));
#700 = ORIENTED_EDGE('',*,*,#701,.F.);
#701 = EDGE_CURVE('',#702,#702,#704,.T.);
#702 = VERTEX_POINT('',#703);
#703 = CARTESIAN_POINT('',(73.7,-52.,42.));
#704 = CIRCLE('',#705,1.7);
#705 = AXIS2_PLACEMENT_3D('',#706,#707,#708);
#706 = CARTESIAN_POINT('',(72.,-52.,42.));
#707 = DIRECTION('',(0.,0.,1.));
#708 = DIRECTION('',(1.,0.,0.));
#709 = FACE_BOUND('',#710,.F.);
#710 = EDGE_LOOP('',(#711));
#711 = ORIENTED_EDGE('',*,*,#712,.F.);
#712 = EDGE_CURVE('',#713,#713,#715,.T.);
#713 = VERTEX_POINT('',#714);
#714 = CARTESIAN_POINT('',(59.7,-42.,42.));
#715 = CIRCLE('',#716,1.7);
#716 = AXIS2_PLACEMENT_3D('',#717,#718,#719);
#717 = CARTESIAN_POINT('',(58.,-42.,42.));
#718 = DIRECTION('',(0.,0.,1.));
#719 = DIRECTION('',(1.,0.,0.));
#720 = FACE_BOUND('',#721,.F.);
#721 = EDGE_LOOP('',(#722,#733,#741,#750));
#722 = ORIENTED_EDGE('',*,*,#723,.F.);
#723 = EDGE_CURVE('',#724,#726,#728,.T.);
#724 = VERTEX_POINT('',#725);
#725 = CARTESIAN_POINT('',(63.9,-52.9,42.));
#726 = VERTEX_POINT('',#727);
#727 = CARTESIAN_POINT('',(68.1,-52.9,42.));
#728 = CIRCLE('',#729,2.1);
#729 = AXIS2_PLACEMENT_3D('',#730,#731,#732);
#730 = CARTESIAN_POINT('',(66.,-52.9,42.));
#731 = DIRECTION('',(0.,0.,1.));
#732 = DIRECTION('',(1.,0.,0.));
#733 = ORIENTED_EDGE('',*,*,#734,.T.);
#734 = EDGE_CURVE('',#724,#735,#737,.T.);
#735 = VERTEX_POINT('',#736);
#736 = CARTESIAN_POINT('',(63.9,-23.1,42.));
#737 = LINE('',#738,#739);
#738 = CARTESIAN_POINT('',(63.9,-61.45,42.));
#739 = VECTOR('',#740,1.);
#740 = DIRECTION('',(0.,1.,0.));
#741 = ORIENTED_EDGE('',*,*,#742,.F.);
#742 = EDGE_CURVE('',#743,#735,#745,.T.);
#743 = VERTEX_POINT('',#744);
#744 = CARTESIAN_POINT('',(68.1,-23.1,42.));
#745 = CIRCLE('',#746,2.1);
#746 = AXIS2_PLACEMENT_3D('',#747,#748,#749);
#747 = CARTESIAN_POINT('',(66.,-23.1,42.));
#748 = DIRECTION('',(0.,0.,1.));
#749 = DIRECTION('',(1.,0.,0.));
#750 = ORIENTED_EDGE('',*,*,#751,.F.);
#751 = EDGE_CURVE('',#726,#743,#752,.T.);
#752 = LINE('',#753,#754);
#753 = CARTESIAN_POINT('',(68.1,-61.45,42.));
#754 = VECTOR('',#755,1.);
#755 = DIRECTION('',(0.,1.,0.));
#756 = FACE_BOUND('',#757,.F.);
#757 = EDGE_LOOP('',(#758,#769,#777,#786));
#758 = ORIENTED_EDGE('',*,*,#759,.F.);
#759 = EDGE_CURVE('',#760,#762,#764,.T.);
#760 = VERTEX_POINT('',#761);
#761 = CARTESIAN_POINT('',(-68.1,3.1,42.));
#762 = VERTEX_POINT('',#763);
#763 = CARTESIAN_POINT('',(-63.9,3.1,42.));
#764 = CIRCLE('',#765,2.1);
#765 = AXIS2_PLACEMENT_3D('',#766,#767,#768);
#766 = CARTESIAN_POINT('',(-66.,3.1,42.));
#767 = DIRECTION('',(0.,0.,1.));
#768 = DIRECTION('',(1.,0.,0.));
#769 = ORIENTED_EDGE('',*,*,#770,.T.);
#770 = EDGE_CURVE('',#760,#771,#773,.T.);
#771 = VERTEX_POINT('',#772);
#772 = CARTESIAN_POINT('',(-68.1,32.9,42.));
#773 = LINE('',#774,#775);
#774 = CARTESIAN_POINT('',(-68.1,-33.45,42.));
#775 = VECTOR('',#776,1.);
#776 = DIRECTION('',(0.,1.,0.));
#777 = ORIENTED_EDGE('',*,*,#778,.F.);
#778 = EDGE_CURVE('',#779,#771,#781,.T.);
#779 = VERTEX_POINT('',#780);
#780 = CARTESIAN_POINT('',(-63.9,32.9,42.));
#781 = CIRCLE('',#782,2.1);
#782 = AXIS2_PLACEMENT_3D('',#783,#784,#785);
#783 = CARTESIAN_POINT('',(-66.,32.9,42.));
#784 = DIRECTION('',(0.,0.,1.));
#785 = DIRECTION('',(1.,0.,0.));
#786 = ORIENTED_EDGE('',*,*,#787,.F.);
#787 = EDGE_CURVE('',#762,#779,#788,.T.);
#788 = LINE('',#789,#790);
#789 = CARTESIAN_POINT('',(-63.9,-33.45,42.));
#790 = VECTOR('',#791,1.);
#791 = DIRECTION('',(0.,1.,0.));
#792 = FACE_BOUND('',#793,.F.);
#793 = EDGE_LOOP('',(#794));
#794 = ORIENTED_EDGE('',*,*,#795,.F.);
#795 = EDGE_CURVE('',#796,#796,#798,.T.);
#796 = VERTEX_POINT('',#797);
#797 = CARTESIAN_POINT('',(-56.3,42.,42.));
#798 = CIRCLE('',#799,1.7);
#799 = AXIS2_PLACEMENT_3D('',#800,#801,#802);
#800 = CARTESIAN_POINT('',(-58.,42.,42.));
#801 = DIRECTION('',(0.,0.,1.));
#802 = DIRECTION('',(1.,0.,0.));
#803 = FACE_BOUND('',#804,.F.);
#804 = EDGE_LOOP('',(#805));
#805 = ORIENTED_EDGE('',*,*,#806,.F.);
#806 = EDGE_CURVE('',#807,#807,#809,.T.);
#807 = VERTEX_POINT('',#808);
#808 = CARTESIAN_POINT('',(-76.3,58.,42.));
#809 = CIRCLE('',#810,1.7);
#810 = AXIS2_PLACEMENT_3D('',#811,#812,#813);
#811 = CARTESIAN_POINT('',(-78.,58.,42.));
#812 = DIRECTION('',(0.,0.,1.));
#813 = DIRECTION('',(1.,0.,0.));
#814 = FACE_BOUND('',#815,.F.);
#815 = EDGE_LOOP('',(#816,#827,#835,#844));
#816 = ORIENTED_EDGE('',*,*,#817,.F.);
#817 = EDGE_CURVE('',#818,#820,#822,.T.);
#818 = VERTEX_POINT('',#819);
#819 = CARTESIAN_POINT('',(-45.9,57.1,42.));
#820 = VERTEX_POINT('',#821);
#821 = CARTESIAN_POINT('',(-45.9,52.9,42.));
#822 = CIRCLE('',#823,2.1);
#823 = AXIS2_PLACEMENT_3D('',#824,#825,#826);
#824 = CARTESIAN_POINT('',(-45.9,55.,42.));
#825 = DIRECTION('',(0.,0.,1.));
#826 = DIRECTION('',(1.,0.,0.));
#827 = ORIENTED_EDGE('',*,*,#828,.F.);
#828 = EDGE_CURVE('',#829,#818,#831,.T.);
#829 = VERTEX_POINT('',#830);
#830 = CARTESIAN_POINT('',(-22.1,57.1,42.));
#831 = LINE('',#832,#833);
#832 = CARTESIAN_POINT('',(-67.95,57.1,42.));
#833 = VECTOR('',#834,1.);
#834 = DIRECTION('',(-1.,0.,0.));
#835 = ORIENTED_EDGE('',*,*,#836,.F.);
#836 = EDGE_CURVE('',#837,#829,#839,.T.);
#837 = VERTEX_POINT('',#838);
#838 = CARTESIAN_POINT('',(-22.1,52.9,42.));
#839 = CIRCLE('',#840,2.1);
#840 = AXIS2_PLACEMENT_3D('',#841,#842,#843);
#841 = CARTESIAN_POINT('',(-22.1,55.,42.));
#842 = DIRECTION('',(0.,0.,1.));
#843 = DIRECTION('',(1.,0.,0.));
#844 = ORIENTED_EDGE('',*,*,#845,.T.);
#845 = EDGE_CURVE('',#837,#820,#846,.T.);
#846 = LINE('',#847,#848);
#847 = CARTESIAN_POINT('',(-67.95,52.9,42.));
#848 = VECTOR('',#849,1.);
#849 = DIRECTION('',(-1.,0.,0.));
#850 = FACE_BOUND('',#851,.F.);
#851 = EDGE_LOOP('',(#852,#863,#871,#880));
#852 = ORIENTED_EDGE('',*,*,#853,.F.);
#853 = EDGE_CURVE('',#854,#856,#858,.T.);
#854 = VERTEX_POINT('',#855);
#855 = CARTESIAN_POINT('',(63.9,3.1,42.));
#856 = VERTEX_POINT('',#857);
#857 = CARTESIAN_POINT('',(68.1,3.1,42.));
#858 = CIRCLE('',#859,2.1);
#859 = AXIS2_PLACEMENT_3D('',#860,#861,#862);
#860 = CARTESIAN_POINT('',(66.,3.1,42.));
#861 = DIRECTION('',(0.,0.,1.));
#862 = DIRECTION('',(1.,0.,0.));
#863 = ORIENTED_EDGE('',*,*,#864,.T.);
#864 = EDGE_CURVE('',#854,#865,#867,.T.);
#865 = VERTEX_POINT('',#866);
#866 = CARTESIAN_POINT('',(63.9,32.9,42.));
#867 = LINE('',#868,#869);
#868 = CARTESIAN_POINT('',(63.9,-33.45,42.));
#869 = VECTOR('',#870,1.);
#870 = DIRECTION('',(0.,1.,0.));
#871 = ORIENTED_EDGE('',*,*,#872,.F.);
#872 = EDGE_CURVE('',#873,#865,#875,.T.);
#873 = VERTEX_POINT('',#874);
#874 = CARTESIAN_POINT('',(68.1,32.9,42.));
#875 = CIRCLE('',#876,2.1);
#876 = AXIS2_PLACEMENT_3D('',#877,#878,#879);
#877 = CARTESIAN_POINT('',(66.,32.9,42.));
#878 = DIRECTION('',(0.,0.,1.));
#879 = DIRECTION('',(1.,0.,0.));
#880 = ORIENTED_EDGE('',*,*,#881,.F.);
#881 = EDGE_CURVE('',#856,#873,#882,.T.);
#882 = LINE('',#883,#884);
#883 = CARTESIAN_POINT('',(68.1,-33.45,42.));
#884 = VECTOR('',#885,1.);
#885 = DIRECTION('',(0.,1.,0.));
#886 = FACE_BOUND('',#887,.F.);
#887 = EDGE_LOOP('',(#888,#899,#907,#916));
#888 = ORIENTED_EDGE('',*,*,#889,.F.);
#889 = EDGE_CURVE('',#890,#892,#894,.T.);
#890 = VERTEX_POINT('',#891);
#891 = CARTESIAN_POINT('',(22.1,57.1,42.));
#892 = VERTEX_POINT('',#893);
#893 = CARTESIAN_POINT('',(22.1,52.9,42.));
#894 = CIRCLE('',#895,2.1);
#895 = AXIS2_PLACEMENT_3D('',#896,#897,#898);
#896 = CARTESIAN_POINT('',(22.1,55.,42.));
#897 = DIRECTION('',(0.,0.,1.));
#898 = DIRECTION('',(1.,0.,0.));
#899 = ORIENTED_EDGE('',*,*,#900,.F.);
#900 = EDGE_CURVE('',#901,#890,#903,.T.);
#901 = VERTEX_POINT('',#902);
#902 = CARTESIAN_POINT('',(45.9,57.1,42.));
#903 = LINE('',#904,#905);
#904 = CARTESIAN_POINT('',(-33.95,57.1,42.));
#905 = VECTOR('',#906,1.);
#906 = DIRECTION('',(-1.,0.,0.));
#907 = ORIENTED_EDGE('',*,*,#908,.F.);
#908 = EDGE_CURVE('',#909,#901,#911,.T.);
#909 = VERTEX_POINT('',#910);
#910 = CARTESIAN_POINT('',(45.9,52.9,42.));
#911 = CIRCLE('',#912,2.1);
#912 = AXIS2_PLACEMENT_3D('',#913,#914,#915);
#913 = CARTESIAN_POINT('',(45.9,55.,42.));
#914 = DIRECTION('',(0.,0.,1.));
#915 = DIRECTION('',(1.,0.,0.));
#916 = ORIENTED_EDGE('',*,*,#917,.T.);
#917 = EDGE_CURVE('',#909,#892,#918,.T.);
#918 = LINE('',#919,#920);
#919 = CARTESIAN_POINT('',(-33.95,52.9,42.));
#920 = VECTOR('',#921,1.);
#921 = DIRECTION('',(-1.,0.,0.));
#922 = FACE_BOUND('',#923,.F.);
#923 = EDGE_LOOP('',(#924));
#924 = ORIENTED_EDGE('',*,*,#925,.F.);
#925 = EDGE_CURVE('',#926,#926,#928,.T.);
#926 = VERTEX_POINT('',#927);
#927 = CARTESIAN_POINT('',(59.7,42.,42.));
#928 = CIRCLE('',#929,1.7);
#929 = AXIS2_PLACEMENT_3D('',#930,#931,#932);
#930 = CARTESIAN_POINT('',(58.,42.,42.));
#931 = DIRECTION('',(0.,0.,1.));
#932 = DIRECTION('',(1.,0.,0.));
#933 = FACE_BOUND('',#934,.F.);
#934 = EDGE_LOOP('',(#935));
#935 = ORIENTED_EDGE('',*,*,#936,.F.);
#936 = EDGE_CURVE('',#937,#937,#939,.T.);
#937 = VERTEX_POINT('',#938);
#938 = CARTESIAN_POINT('',(79.7,58.,42.));
#939 = CIRCLE('',#940,1.7);
#940 = AXIS2_PLACEMENT_3D('',#941,#942,#943);
#941 = CARTESIAN_POINT('',(78.,58.,42.));
#942 = DIRECTION('',(0.,0.,1.));
#943 = DIRECTION('',(1.,0.,0.));
#944 = PLANE('',#945);
#945 = AXIS2_PLACEMENT_3D('',#946,#947,#948);
#946 = CARTESIAN_POINT('',(-90.,-70.,42.));
#947 = DIRECTION('',(0.,0.,1.));
#948 = DIRECTION('',(1.,0.,0.));
#949 = ADVANCED_FACE('',(#950),#956,.T.);
#950 = FACE_BOUND('',#951,.T.);
#951 = EDGE_LOOP('',(#952,#953,#954,#955));
#952 = ORIENTED_EDGE('',*,*,#78,.F.);
#953 = ORIENTED_EDGE('',*,*,#540,.T.);
#954 = ORIENTED_EDGE('',*,*,#524,.T.);
#955 = ORIENTED_EDGE('',*,*,#94,.F.);
#956 = PLANE('',#957);
#957 = AXIS2_PLACEMENT_3D('',#958,#959,#960);
#958 = CARTESIAN_POINT('',(90.,-70.,42.));
#959 = DIRECTION('',(1.,0.,0.));
#960 = DIRECTION('',(0.,0.,1.));
#961 = ADVANCED_FACE('',(#962),#973,.F.);
#962 = FACE_BOUND('',#963,.F.);
#963 = EDGE_LOOP('',(#964,#965,#971,#972));
#964 = ORIENTED_EDGE('',*,*,#110,.F.);
#965 = ORIENTED_EDGE('',*,*,#966,.F.);
#966 = EDGE_CURVE('',#550,#111,#967,.T.);
#967 = LINE('',#968,#969);
#968 = CARTESIAN_POINT('',(-76.3,-58.,41.));
#969 = VECTOR('',#970,1.);
#970 = DIRECTION('',(0.,0.,1.));
#971 = ORIENTED_EDGE('',*,*,#549,.T.);
#972 = ORIENTED_EDGE('',*,*,#966,.T.);
#973 = CYLINDRICAL_SURFACE('',#974,1.7);
#974 = AXIS2_PLACEMENT_3D('',#975,#976,#977);
#975 = CARTESIAN_POINT('',(-78.,-58.,41.));
#976 = DIRECTION('',(0.,0.,1.));
#977 = DIRECTION('',(1.,0.,0.));
#978 = ADVANCED_FACE('',(#979),#990,.F.);
#979 = FACE_BOUND('',#980,.F.);
#980 = EDGE_LOOP('',(#981,#982,#988,#989));
#981 = ORIENTED_EDGE('',*,*,#121,.F.);
#982 = ORIENTED_EDGE('',*,*,#983,.F.);
#983 = EDGE_CURVE('',#561,#122,#984,.T.);
#984 = LINE('',#985,#986);
#985 = CARTESIAN_POINT('',(-70.3,-52.,41.));
#986 = VECTOR('',#987,1.);
#987 = DIRECTION('',(0.,0.,1.));
#988 = ORIENTED_EDGE('',*,*,#560,.T.);
#989 = ORIENTED_EDGE('',*,*,#983,.T.);
#990 = CYLINDRICAL_SURFACE('',#991,1.7);
#991 = AXIS2_PLACEMENT_3D('',#992,#993,#994);
#992 = CARTESIAN_POINT('',(-72.,-52.,41.));
#993 = DIRECTION('',(0.,0.,1.));
#994 = DIRECTION('',(1.,0.,0.));
#995 = ADVANCED_FACE('',(#996),#1012,.F.);
#996 = FACE_BOUND('',#997,.F.);
#997 = EDGE_LOOP('',(#998,#999,#1005,#1006));
#998 = ORIENTED_EDGE('',*,*,#571,.T.);
#999 = ORIENTED_EDGE('',*,*,#1000,.T.);
#1000 = EDGE_CURVE('',#574,#135,#1001,.T.);
#1001 = LINE('',#1002,#1003);
#1002 = CARTESIAN_POINT('',(-63.9,-52.9,41.));
#1003 = VECTOR('',#1004,1.);
#1004 = DIRECTION('',(0.,0.,1.));
#1005 = ORIENTED_EDGE('',*,*,#132,.F.);
#1006 = ORIENTED_EDGE('',*,*,#1007,.F.);
#1007 = EDGE_CURVE('',#572,#133,#1008,.T.);
#1008 = LINE('',#1009,#1010);
#1009 = CARTESIAN_POINT('',(-68.1,-52.9,41.));
#1010 = VECTOR('',#1011,1.);
#1011 = DIRECTION('',(0.,0.,1.));
#1012 = CYLINDRICAL_SURFACE('',#1013,2.1);
#1013 = AXIS2_PLACEMENT_3D('',#1014,#1015,#1016);
#1014 = CARTESIAN_POINT('',(-66.,-52.9,41.));
#1015 = DIRECTION('',(0.,0.,1.));
#1016 = DIRECTION('',(1.,0.,0.));
#1017 = ADVANCED_FACE('',(#1018),#1029,.T.);
#1018 = FACE_BOUND('',#1019,.T.);
#1019 = EDGE_LOOP('',(#1020,#1021,#1022,#1028));
#1020 = ORIENTED_EDGE('',*,*,#1007,.F.);
#1021 = ORIENTED_EDGE('',*,*,#582,.T.);
#1022 = ORIENTED_EDGE('',*,*,#1023,.T.);
#1023 = EDGE_CURVE('',#583,#144,#1024,.T.);
#1024 = LINE('',#1025,#1026);
#1025 = CARTESIAN_POINT('',(-68.1,-23.1,41.));
#1026 = VECTOR('',#1027,1.);
#1027 = DIRECTION('',(0.,0.,1.));
#1028 = ORIENTED_EDGE('',*,*,#143,.F.);
#1029 = PLANE('',#1030);
#1030 = AXIS2_PLACEMENT_3D('',#1031,#1032,#1033);
#1031 = CARTESIAN_POINT('',(-68.1,-52.9,41.));
#1032 = DIRECTION('',(1.,0.,0.));
#1033 = DIRECTION('',(0.,0.,1.));
#1034 = ADVANCED_FACE('',(#1035),#1046,.F.);
#1035 = FACE_BOUND('',#1036,.F.);
#1036 = EDGE_LOOP('',(#1037,#1038,#1039,#1045));
#1037 = ORIENTED_EDGE('',*,*,#1000,.F.);
#1038 = ORIENTED_EDGE('',*,*,#599,.T.);
#1039 = ORIENTED_EDGE('',*,*,#1040,.T.);
#1040 = EDGE_CURVE('',#591,#152,#1041,.T.);
#1041 = LINE('',#1042,#1043);
#1042 = CARTESIAN_POINT('',(-63.9,-23.1,41.));
#1043 = VECTOR('',#1044,1.);
#1044 = DIRECTION('',(0.,0.,1.));
#1045 = ORIENTED_EDGE('',*,*,#160,.F.);
#1046 = PLANE('',#1047);
#1047 = AXIS2_PLACEMENT_3D('',#1048,#1049,#1050);
#1048 = CARTESIAN_POINT('',(-63.9,-52.9,41.));
#1049 = DIRECTION('',(1.,0.,0.));
#1050 = DIRECTION('',(0.,0.,1.));
#1051 = ADVANCED_FACE('',(#1052),#1058,.F.);
#1052 = FACE_BOUND('',#1053,.F.);
#1053 = EDGE_LOOP('',(#1054,#1055,#1056,#1057));
#1054 = ORIENTED_EDGE('',*,*,#151,.F.);
#1055 = ORIENTED_EDGE('',*,*,#1040,.F.);
#1056 = ORIENTED_EDGE('',*,*,#590,.T.);
#1057 = ORIENTED_EDGE('',*,*,#1023,.T.);
#1058 = CYLINDRICAL_SURFACE('',#1059,2.1);
#1059 = AXIS2_PLACEMENT_3D('',#1060,#1061,#1062);
#1060 = CARTESIAN_POINT('',(-66.,-23.1,41.));
#1061 = DIRECTION('',(0.,0.,1.));
#1062 = DIRECTION('',(1.,0.,0.));
#1063 = ADVANCED_FACE('',(#1064),#1075,.F.);
#1064 = FACE_BOUND('',#1065,.F.);
#1065 = EDGE_LOOP('',(#1066,#1067,#1073,#1074));
#1066 = ORIENTED_EDGE('',*,*,#168,.F.);
#1067 = ORIENTED_EDGE('',*,*,#1068,.F.);
#1068 = EDGE_CURVE('',#608,#169,#1069,.T.);
#1069 = LINE('',#1070,#1071);
#1070 = CARTESIAN_POINT('',(-56.3,-42.,41.));
#1071 = VECTOR('',#1072,1.);
#1072 = DIRECTION('',(0.,0.,1.));
#1073 = ORIENTED_EDGE('',*,*,#607,.T.);
#1074 = ORIENTED_EDGE('',*,*,#1068,.T.);
#1075 = CYLINDRICAL_SURFACE('',#1076,1.7);
#1076 = AXIS2_PLACEMENT_3D('',#1077,#1078,#1079);
#1077 = CARTESIAN_POINT('',(-58.,-42.,41.));
#1078 = DIRECTION('',(0.,0.,1.));
#1079 = DIRECTION('',(1.,0.,0.));
#1080 = ADVANCED_FACE('',(#1081),#1097,.F.);
#1081 = FACE_BOUND('',#1082,.F.);
#1082 = EDGE_LOOP('',(#1083,#1084,#1090,#1091));
#1083 = ORIENTED_EDGE('',*,*,#179,.F.);
#1084 = ORIENTED_EDGE('',*,*,#1085,.F.);
#1085 = EDGE_CURVE('',#619,#180,#1086,.T.);
#1086 = LINE('',#1087,#1088);
#1087 = CARTESIAN_POINT('',(-45.9,-52.9,41.));
#1088 = VECTOR('',#1089,1.);
#1089 = DIRECTION('',(0.,0.,1.));
#1090 = ORIENTED_EDGE('',*,*,#618,.T.);
#1091 = ORIENTED_EDGE('',*,*,#1092,.T.);
#1092 = EDGE_CURVE('',#621,#182,#1093,.T.);
#1093 = LINE('',#1094,#1095);
#1094 = CARTESIAN_POINT('',(-45.9,-57.1,41.));
#1095 = VECTOR('',#1096,1.);
#1096 = DIRECTION('',(0.,0.,1.));
#1097 = CYLINDRICAL_SURFACE('',#1098,2.1);
#1098 = AXIS2_PLACEMENT_3D('',#1099,#1100,#1101);
#1099 = CARTESIAN_POINT('',(-45.9,-55.,41.));
#1100 = DIRECTION('',(0.,0.,1.));
#1101 = DIRECTION('',(1.,0.,0.));
#1102 = ADVANCED_FACE('',(#1103),#1114,.F.);
#1103 = FACE_BOUND('',#1104,.F.);
#1104 = EDGE_LOOP('',(#1105,#1106,#1107,#1108));
#1105 = ORIENTED_EDGE('',*,*,#629,.T.);
#1106 = ORIENTED_EDGE('',*,*,#1085,.T.);
#1107 = ORIENTED_EDGE('',*,*,#190,.F.);
#1108 = ORIENTED_EDGE('',*,*,#1109,.F.);
#1109 = EDGE_CURVE('',#630,#191,#1110,.T.);
#1110 = LINE('',#1111,#1112);
#1111 = CARTESIAN_POINT('',(-22.1,-52.9,41.));
#1112 = VECTOR('',#1113,1.);
#1113 = DIRECTION('',(0.,0.,1.));
#1114 = PLANE('',#1115);
#1115 = AXIS2_PLACEMENT_3D('',#1116,#1117,#1118);
#1116 = CARTESIAN_POINT('',(-45.9,-52.9,41.));
#1117 = DIRECTION('',(0.,1.,0.));
#1118 = DIRECTION('',(0.,0.,1.));
#1119 = ADVANCED_FACE('',(#1120),#1131,.T.);
#1120 = FACE_BOUND('',#1121,.T.);
#1121 = EDGE_LOOP('',(#1122,#1123,#1124,#1125));
#1122 = ORIENTED_EDGE('',*,*,#646,.T.);
#1123 = ORIENTED_EDGE('',*,*,#1092,.T.);
#1124 = ORIENTED_EDGE('',*,*,#207,.F.);
#1125 = ORIENTED_EDGE('',*,*,#1126,.F.);
#1126 = EDGE_CURVE('',#638,#199,#1127,.T.);
#1127 = LINE('',#1128,#1129);
#1128 = CARTESIAN_POINT('',(-22.1,-57.1,41.));
#1129 = VECTOR('',#1130,1.);
#1130 = DIRECTION('',(0.,0.,1.));
#1131 = PLANE('',#1132);
#1132 = AXIS2_PLACEMENT_3D('',#1133,#1134,#1135);
#1133 = CARTESIAN_POINT('',(-45.9,-57.1,41.));
#1134 = DIRECTION('',(0.,1.,0.));
#1135 = DIRECTION('',(0.,0.,1.));
#1136 = ADVANCED_FACE('',(#1137),#1143,.F.);
#1137 = FACE_BOUND('',#1138,.F.);
#1138 = EDGE_LOOP('',(#1139,#1140,#1141,#1142));
#1139 = ORIENTED_EDGE('',*,*,#198,.F.);
#1140 = ORIENTED_EDGE('',*,*,#1126,.F.);
#1141 = ORIENTED_EDGE('',*,*,#637,.T.);
#1142 = ORIENTED_EDGE('',*,*,#1109,.T.);
#1143 = CYLINDRICAL_SURFACE('',#1144,2.1);
#1144 = AXIS2_PLACEMENT_3D('',#1145,#1146,#1147);
#1145 = CARTESIAN_POINT('',(-22.1,-55.,41.));
#1146 = DIRECTION('',(0.,0.,1.));
#1147 = DIRECTION('',(1.,0.,0.));
#1148 = ADVANCED_FACE('',(#1149),#1165,.F.);
#1149 = FACE_BOUND('',#1150,.F.);
#1150 = EDGE_LOOP('',(#1151,#1152,#1158,#1159));
#1151 = ORIENTED_EDGE('',*,*,#215,.F.);
#1152 = ORIENTED_EDGE('',*,*,#1153,.F.);
#1153 = EDGE_CURVE('',#655,#216,#1154,.T.);
#1154 = LINE('',#1155,#1156);
#1155 = CARTESIAN_POINT('',(22.1,-52.9,41.));
#1156 = VECTOR('',#1157,1.);
#1157 = DIRECTION('',(0.,0.,1.));
#1158 = ORIENTED_EDGE('',*,*,#654,.T.);
#1159 = ORIENTED_EDGE('',*,*,#1160,.T.);
#1160 = EDGE_CURVE('',#657,#218,#1161,.T.);
#1161 = LINE('',#1162,#1163);
#1162 = CARTESIAN_POINT('',(22.1,-57.1,41.));
#1163 = VECTOR('',#1164,1.);
#1164 = DIRECTION('',(0.,0.,1.));
#1165 = CYLINDRICAL_SURFACE('',#1166,2.1);
#1166 = AXIS2_PLACEMENT_3D('',#1167,#1168,#1169);
#1167 = CARTESIAN_POINT('',(22.1,-55.,41.));
#1168 = DIRECTION('',(0.,0.,1.));
#1169 = DIRECTION('',(1.,0.,0.));
#1170 = ADVANCED_FACE('',(#1171),#1182,.F.);
#1171 = FACE_BOUND('',#1172,.F.);
#1172 = EDGE_LOOP('',(#1173,#1174,#1175,#1176));
#1173 = ORIENTED_EDGE('',*,*,#665,.T.);
#1174 = ORIENTED_EDGE('',*,*,#1153,.T.);
#1175 = ORIENTED_EDGE('',*,*,#226,.F.);
#1176 = ORIENTED_EDGE('',*,*,#1177,.F.);
#1177 = EDGE_CURVE('',#666,#227,#1178,.T.);
#1178 = LINE('',#1179,#1180);
#1179 = CARTESIAN_POINT('',(45.9,-52.9,41.));
#1180 = VECTOR('',#1181,1.);
#1181 = DIRECTION('',(0.,0.,1.));
#1182 = PLANE('',#1183);
#1183 = AXIS2_PLACEMENT_3D('',#1184,#1185,#1186);
#1184 = CARTESIAN_POINT('',(22.1,-52.9,41.));
#1185 = DIRECTION('',(0.,1.,0.));
#1186 = DIRECTION('',(0.,0.,1.));
#1187 = ADVANCED_FACE('',(#1188),#1199,.T.);
#1188 = FACE_BOUND('',#1189,.T.);
#1189 = EDGE_LOOP('',(#1190,#1191,#1192,#1193));
#1190 = ORIENTED_EDGE('',*,*,#682,.T.);
#1191 = ORIENTED_EDGE('',*,*,#1160,.T.);
#1192 = ORIENTED_EDGE('',*,*,#243,.F.);
#1193 = ORIENTED_EDGE('',*,*,#1194,.F.);
#1194 = EDGE_CURVE('',#674,#235,#1195,.T.);
#1195 = LINE('',#1196,#1197);
#1196 = CARTESIAN_POINT('',(45.9,-57.1,41.));
#1197 = VECTOR('',#1198,1.);
#1198 = DIRECTION('',(0.,0.,1.));
#1199 = PLANE('',#1200);
#1200 = AXIS2_PLACEMENT_3D('',#1201,#1202,#1203);
#1201 = CARTESIAN_POINT('',(22.1,-57.1,41.));
#1202 = DIRECTION('',(0.,1.,0.));
#1203 = DIRECTION('',(0.,0.,1.));
#1204 = ADVANCED_FACE('',(#1205),#1211,.F.);
#1205 = FACE_BOUND('',#1206,.F.);
#1206 = EDGE_LOOP('',(#1207,#1208,#1209,#1210));
#1207 = ORIENTED_EDGE('',*,*,#234,.F.);
#1208 = ORIENTED_EDGE('',*,*,#1194,.F.);
#1209 = ORIENTED_EDGE('',*,*,#673,.T.);
#1210 = ORIENTED_EDGE('',*,*,#1177,.T.);
#1211 = CYLINDRICAL_SURFACE('',#1212,2.1);
#1212 = AXIS2_PLACEMENT_3D('',#1213,#1214,#1215);
#1213 = CARTESIAN_POINT('',(45.9,-55.,41.));
#1214 = DIRECTION('',(0.,0.,1.));
#1215 = DIRECTION('',(1.,0.,0.));
#1216 = ADVANCED_FACE('',(#1217),#1228,.F.);
#1217 = FACE_BOUND('',#1218,.F.);
#1218 = EDGE_LOOP('',(#1219,#1220,#1226,#1227));
#1219 = ORIENTED_EDGE('',*,*,#251,.F.);
#1220 = ORIENTED_EDGE('',*,*,#1221,.F.);
#1221 = EDGE_CURVE('',#691,#252,#1222,.T.);
#1222 = LINE('',#1223,#1224);
#1223 = CARTESIAN_POINT('',(79.7,-58.,41.));
#1224 = VECTOR('',#1225,1.);
#1225 = DIRECTION('',(0.,0.,1.));
#1226 = ORIENTED_EDGE('',*,*,#690,.T.);
#1227 = ORIENTED_EDGE('',*,*,#1221,.T.);
#1228 = CYLINDRICAL_SURFACE('',#1229,1.7);
#1229 = AXIS2_PLACEMENT_3D('',#1230,#1231,#1232);
#1230 = CARTESIAN_POINT('',(78.,-58.,41.));
#1231 = DIRECTION('',(0.,0.,1.));
#1232 = DIRECTION('',(1.,0.,0.));
#1233 = ADVANCED_FACE('',(#1234),#1245,.F.);
#1234 = FACE_BOUND('',#1235,.F.);
#1235 = EDGE_LOOP('',(#1236,#1237,#1243,#1244));
#1236 = ORIENTED_EDGE('',*,*,#262,.F.);
#1237 = ORIENTED_EDGE('',*,*,#1238,.F.);
#1238 = EDGE_CURVE('',#702,#263,#1239,.T.);
#1239 = LINE('',#1240,#1241);
#1240 = CARTESIAN_POINT('',(73.7,-52.,41.));
#1241 = VECTOR('',#1242,1.);
#1242 = DIRECTION('',(0.,0.,1.));
#1243 = ORIENTED_EDGE('',*,*,#701,.T.);
#1244 = ORIENTED_EDGE('',*,*,#1238,.T.);
#1245 = CYLINDRICAL_SURFACE('',#1246,1.7);
#1246 = AXIS2_PLACEMENT_3D('',#1247,#1248,#1249);
#1247 = CARTESIAN_POINT('',(72.,-52.,41.));
#1248 = DIRECTION('',(0.,0.,1.));
#1249 = DIRECTION('',(1.,0.,0.));
#1250 = ADVANCED_FACE('',(#1251),#1262,.F.);
#1251 = FACE_BOUND('',#1252,.F.);
#1252 = EDGE_LOOP('',(#1253,#1254,#1260,#1261));
#1253 = ORIENTED_EDGE('',*,*,#273,.F.);
#1254 = ORIENTED_EDGE('',*,*,#1255,.F.);
#1255 = EDGE_CURVE('',#713,#274,#1256,.T.);
#1256 = LINE('',#1257,#1258);
#1257 = CARTESIAN_POINT('',(59.7,-42.,41.));
#1258 = VECTOR('',#1259,1.);
#1259 = DIRECTION('',(0.,0.,1.));
#1260 = ORIENTED_EDGE('',*,*,#712,.T.);
#1261 = ORIENTED_EDGE('',*,*,#1255,.T.);
#1262 = CYLINDRICAL_SURFACE('',#1263,1.7);
#1263 = AXIS2_PLACEMENT_3D('',#1264,#1265,#1266);
#1264 = CARTESIAN_POINT('',(58.,-42.,41.));
#1265 = DIRECTION('',(0.,0.,1.));
#1266 = DIRECTION('',(1.,0.,0.));
#1267 = ADVANCED_FACE('',(#1268),#1284,.F.);
#1268 = FACE_BOUND('',#1269,.F.);
#1269 = EDGE_LOOP('',(#1270,#1271,#1277,#1278));
#1270 = ORIENTED_EDGE('',*,*,#723,.T.);
#1271 = ORIENTED_EDGE('',*,*,#1272,.T.);
#1272 = EDGE_CURVE('',#726,#287,#1273,.T.);
#1273 = LINE('',#1274,#1275);
#1274 = CARTESIAN_POINT('',(68.1,-52.9,41.));
#1275 = VECTOR('',#1276,1.);
#1276 = DIRECTION('',(0.,0.,1.));
#1277 = ORIENTED_EDGE('',*,*,#284,.F.);
#1278 = ORIENTED_EDGE('',*,*,#1279,.F.);
#1279 = EDGE_CURVE('',#724,#285,#1280,.T.);
#1280 = LINE('',#1281,#1282);
#1281 = CARTESIAN_POINT('',(63.9,-52.9,41.));
#1282 = VECTOR('',#1283,1.);
#1283 = DIRECTION('',(0.,0.,1.));
#1284 = CYLINDRICAL_SURFACE('',#1285,2.1);
#1285 = AXIS2_PLACEMENT_3D('',#1286,#1287,#1288);
#1286 = CARTESIAN_POINT('',(66.,-52.9,41.));
#1287 = DIRECTION('',(0.,0.,1.));
#1288 = DIRECTION('',(1.,0.,0.));
#1289 = ADVANCED_FACE('',(#1290),#1301,.T.);
#1290 = FACE_BOUND('',#1291,.T.);
#1291 = EDGE_LOOP('',(#1292,#1293,#1294,#1300));
#1292 = ORIENTED_EDGE('',*,*,#1279,.F.);
#1293 = ORIENTED_EDGE('',*,*,#734,.T.);
#1294 = ORIENTED_EDGE('',*,*,#1295,.T.);
#1295 = EDGE_CURVE('',#735,#296,#1296,.T.);
#1296 = LINE('',#1297,#1298);
#1297 = CARTESIAN_POINT('',(63.9,-23.1,41.));
#1298 = VECTOR('',#1299,1.);
#1299 = DIRECTION('',(0.,0.,1.));
#1300 = ORIENTED_EDGE('',*,*,#295,.F.);
#1301 = PLANE('',#1302);
#1302 = AXIS2_PLACEMENT_3D('',#1303,#1304,#1305);
#1303 = CARTESIAN_POINT('',(63.9,-52.9,41.));
#1304 = DIRECTION('',(1.,0.,0.));
#1305 = DIRECTION('',(0.,0.,1.));
#1306 = ADVANCED_FACE('',(#1307),#1318,.F.);
#1307 = FACE_BOUND('',#1308,.F.);
#1308 = EDGE_LOOP('',(#1309,#1310,#1311,#1317));
#1309 = ORIENTED_EDGE('',*,*,#1272,.F.);
#1310 = ORIENTED_EDGE('',*,*,#751,.T.);
#1311 = ORIENTED_EDGE('',*,*,#1312,.T.);
#1312 = EDGE_CURVE('',#743,#304,#1313,.T.);
#1313 = LINE('',#1314,#1315);
#1314 = CARTESIAN_POINT('',(68.1,-23.1,41.));
#1315 = VECTOR('',#1316,1.);
#1316 = DIRECTION('',(0.,0.,1.));
#1317 = ORIENTED_EDGE('',*,*,#312,.F.);
#1318 = PLANE('',#1319);
#1319 = AXIS2_PLACEMENT_3D('',#1320,#1321,#1322);
#1320 = CARTESIAN_POINT('',(68.1,-52.9,41.));
#1321 = DIRECTION('',(1.,0.,0.));
#1322 = DIRECTION('',(0.,0.,1.));
#1323 = ADVANCED_FACE('',(#1324),#1330,.F.);
#1324 = FACE_BOUND('',#1325,.F.);
#1325 = EDGE_LOOP('',(#1326,#1327,#1328,#1329));
#1326 = ORIENTED_EDGE('',*,*,#303,.F.);
#1327 = ORIENTED_EDGE('',*,*,#1312,.F.);
#1328 = ORIENTED_EDGE('',*,*,#742,.T.);
#1329 = ORIENTED_EDGE('',*,*,#1295,.T.);
#1330 = CYLINDRICAL_SURFACE('',#1331,2.1);
#1331 = AXIS2_PLACEMENT_3D('',#1332,#1333,#1334);
#1332 = CARTESIAN_POINT('',(66.,-23.1,41.));
#1333 = DIRECTION('',(0.,0.,1.));
#1334 = DIRECTION('',(1.,0.,0.));
#1335 = ADVANCED_FACE('',(#1336),#1352,.F.);
#1336 = FACE_BOUND('',#1337,.F.);
#1337 = EDGE_LOOP('',(#1338,#1339,#1345,#1346));
#1338 = ORIENTED_EDGE('',*,*,#759,.T.);
#1339 = ORIENTED_EDGE('',*,*,#1340,.T.);
#1340 = EDGE_CURVE('',#762,#323,#1341,.T.);
#1341 = LINE('',#1342,#1343);
#1342 = CARTESIAN_POINT('',(-63.9,3.1,41.));
#1343 = VECTOR('',#1344,1.);
#1344 = DIRECTION('',(0.,0.,1.));
#1345 = ORIENTED_EDGE('',*,*,#320,.F.);
#1346 = ORIENTED_EDGE('',*,*,#1347,.F.);
#1347 = EDGE_CURVE('',#760,#321,#1348,.T.);
#1348 = LINE('',#1349,#1350);
#1349 = CARTESIAN_POINT('',(-68.1,3.1,41.));
#1350 = VECTOR('',#1351,1.);
#1351 = DIRECTION('',(0.,0.,1.));
#1352 = CYLINDRICAL_SURFACE('',#1353,2.1);
#1353 = AXIS2_PLACEMENT_3D('',#1354,#1355,#1356);
#1354 = CARTESIAN_POINT('',(-66.,3.1,41.));
#1355 = DIRECTION('',(0.,0.,1.));
#1356 = DIRECTION('',(1.,0.,0.));
#1357 = ADVANCED_FACE('',(#1358),#1369,.T.);
#1358 = FACE_BOUND('',#1359,.T.);
#1359 = EDGE_LOOP('',(#1360,#1361,#1362,#1368));
#1360 = ORIENTED_EDGE('',*,*,#1347,.F.);
#1361 = ORIENTED_EDGE('',*,*,#770,.T.);
#1362 = ORIENTED_EDGE('',*,*,#1363,.T.);
#1363 = EDGE_CURVE('',#771,#332,#1364,.T.);
#1364 = LINE('',#1365,#1366);
#1365 = CARTESIAN_POINT('',(-68.1,32.9,41.));
#1366 = VECTOR('',#1367,1.);
#1367 = DIRECTION('',(0.,0.,1.));
#1368 = ORIENTED_EDGE('',*,*,#331,.F.);
#1369 = PLANE('',#1370);
#1370 = AXIS2_PLACEMENT_3D('',#1371,#1372,#1373);
#1371 = CARTESIAN_POINT('',(-68.1,3.1,41.));
#1372 = DIRECTION('',(1.,0.,0.));
#1373 = DIRECTION('',(0.,0.,1.));
#1374 = ADVANCED_FACE('',(#1375),#1386,.F.);
#1375 = FACE_BOUND('',#1376,.F.);
#1376 = EDGE_LOOP('',(#1377,#1378,#1379,#1385));
#1377 = ORIENTED_EDGE('',*,*,#1340,.F.);
#1378 = ORIENTED_EDGE('',*,*,#787,.T.);
#1379 = ORIENTED_EDGE('',*,*,#1380,.T.);
#1380 = EDGE_CURVE('',#779,#340,#1381,.T.);
#1381 = LINE('',#1382,#1383);
#1382 = CARTESIAN_POINT('',(-63.9,32.9,41.));
#1383 = VECTOR('',#1384,1.);
#1384 = DIRECTION('',(0.,0.,1.));
#1385 = ORIENTED_EDGE('',*,*,#348,.F.);
#1386 = PLANE('',#1387);
#1387 = AXIS2_PLACEMENT_3D('',#1388,#1389,#1390);
#1388 = CARTESIAN_POINT('',(-63.9,3.1,41.));
#1389 = DIRECTION('',(1.,0.,0.));
#1390 = DIRECTION('',(0.,0.,1.));
#1391 = ADVANCED_FACE('',(#1392),#1398,.F.);
#1392 = FACE_BOUND('',#1393,.F.);
#1393 = EDGE_LOOP('',(#1394,#1395,#1396,#1397));
#1394 = ORIENTED_EDGE('',*,*,#339,.F.);
#1395 = ORIENTED_EDGE('',*,*,#1380,.F.);
#1396 = ORIENTED_EDGE('',*,*,#778,.T.);
#1397 = ORIENTED_EDGE('',*,*,#1363,.T.);
#1398 = CYLINDRICAL_SURFACE('',#1399,2.1);
#1399 = AXIS2_PLACEMENT_3D('',#1400,#1401,#1402);
#1400 = CARTESIAN_POINT('',(-66.,32.9,41.));
#1401 = DIRECTION('',(0.,0.,1.));
#1402 = DIRECTION('',(1.,0.,0.));
#1403 = ADVANCED_FACE('',(#1404),#1415,.F.);
#1404 = FACE_BOUND('',#1405,.F.);
#1405 = EDGE_LOOP('',(#1406,#1407,#1413,#1414));
#1406 = ORIENTED_EDGE('',*,*,#356,.F.);
#1407 = ORIENTED_EDGE('',*,*,#1408,.F.);
#1408 = EDGE_CURVE('',#796,#357,#1409,.T.);
#1409 = LINE('',#1410,#1411);
#1410 = CARTESIAN_POINT('',(-56.3,42.,41.));
#1411 = VECTOR('',#1412,1.);
#1412 = DIRECTION('',(0.,0.,1.));
#1413 = ORIENTED_EDGE('',*,*,#795,.T.);
#1414 = ORIENTED_EDGE('',*,*,#1408,.T.);
#1415 = CYLINDRICAL_SURFACE('',#1416,1.7);
#1416 = AXIS2_PLACEMENT_3D('',#1417,#1418,#1419);
#1417 = CARTESIAN_POINT('',(-58.,42.,41.));
#1418 = DIRECTION('',(0.,0.,1.));
#1419 = DIRECTION('',(1.,0.,0.));
#1420 = ADVANCED_FACE('',(#1421),#1432,.F.);
#1421 = FACE_BOUND('',#1422,.F.);
#1422 = EDGE_LOOP('',(#1423,#1424,#1430,#1431));
#1423 = ORIENTED_EDGE('',*,*,#367,.F.);
#1424 = ORIENTED_EDGE('',*,*,#1425,.F.);
#1425 = EDGE_CURVE('',#807,#368,#1426,.T.);
#1426 = LINE('',#1427,#1428);
#1427 = CARTESIAN_POINT('',(-76.3,58.,41.));
#1428 = VECTOR('',#1429,1.);
#1429 = DIRECTION('',(0.,0.,1.));
#1430 = ORIENTED_EDGE('',*,*,#806,.T.);
#1431 = ORIENTED_EDGE('',*,*,#1425,.T.);
#1432 = CYLINDRICAL_SURFACE('',#1433,1.7);
#1433 = AXIS2_PLACEMENT_3D('',#1434,#1435,#1436);
#1434 = CARTESIAN_POINT('',(-78.,58.,41.));
#1435 = DIRECTION('',(0.,0.,1.));
#1436 = DIRECTION('',(1.,0.,0.));
#1437 = ADVANCED_FACE('',(#1438),#1454,.F.);
#1438 = FACE_BOUND('',#1439,.F.);
#1439 = EDGE_LOOP('',(#1440,#1441,#1447,#1448));
#1440 = ORIENTED_EDGE('',*,*,#378,.F.);
#1441 = ORIENTED_EDGE('',*,*,#1442,.F.);
#1442 = EDGE_CURVE('',#818,#379,#1443,.T.);
#1443 = LINE('',#1444,#1445);
#1444 = CARTESIAN_POINT('',(-45.9,57.1,41.));
#1445 = VECTOR('',#1446,1.);
#1446 = DIRECTION('',(0.,0.,1.));
#1447 = ORIENTED_EDGE('',*,*,#817,.T.);
#1448 = ORIENTED_EDGE('',*,*,#1449,.T.);
#1449 = EDGE_CURVE('',#820,#381,#1450,.T.);
#1450 = LINE('',#1451,#1452);
#1451 = CARTESIAN_POINT('',(-45.9,52.9,41.));
#1452 = VECTOR('',#1453,1.);
#1453 = DIRECTION('',(0.,0.,1.));
#1454 = CYLINDRICAL_SURFACE('',#1455,2.1);
#1455 = AXIS2_PLACEMENT_3D('',#1456,#1457,#1458);
#1456 = CARTESIAN_POINT('',(-45.9,55.,41.));
#1457 = DIRECTION('',(0.,0.,1.));
#1458 = DIRECTION('',(1.,0.,0.));
#1459 = ADVANCED_FACE('',(#1460),#1471,.F.);
#1460 = FACE_BOUND('',#1461,.F.);
#1461 = EDGE_LOOP('',(#1462,#1463,#1464,#1465));
#1462 = ORIENTED_EDGE('',*,*,#828,.T.);
#1463 = ORIENTED_EDGE('',*,*,#1442,.T.);
#1464 = ORIENTED_EDGE('',*,*,#389,.F.);
#1465 = ORIENTED_EDGE('',*,*,#1466,.F.);
#1466 = EDGE_CURVE('',#829,#390,#1467,.T.);
#1467 = LINE('',#1468,#1469);
#1468 = CARTESIAN_POINT('',(-22.1,57.1,41.));
#1469 = VECTOR('',#1470,1.);
#1470 = DIRECTION('',(0.,0.,1.));
#1471 = PLANE('',#1472);
#1472 = AXIS2_PLACEMENT_3D('',#1473,#1474,#1475);
#1473 = CARTESIAN_POINT('',(-45.9,57.1,41.));
#1474 = DIRECTION('',(0.,1.,0.));
#1475 = DIRECTION('',(0.,0.,1.));
#1476 = ADVANCED_FACE('',(#1477),#1488,.T.);
#1477 = FACE_BOUND('',#1478,.T.);
#1478 = EDGE_LOOP('',(#1479,#1480,#1481,#1482));
#1479 = ORIENTED_EDGE('',*,*,#845,.T.);
#1480 = ORIENTED_EDGE('',*,*,#1449,.T.);
#1481 = ORIENTED_EDGE('',*,*,#406,.F.);
#1482 = ORIENTED_EDGE('',*,*,#1483,.F.);
#1483 = EDGE_CURVE('',#837,#398,#1484,.T.);
#1484 = LINE('',#1485,#1486);
#1485 = CARTESIAN_POINT('',(-22.1,52.9,41.));
#1486 = VECTOR('',#1487,1.);
#1487 = DIRECTION('',(0.,0.,1.));
#1488 = PLANE('',#1489);
#1489 = AXIS2_PLACEMENT_3D('',#1490,#1491,#1492);
#1490 = CARTESIAN_POINT('',(-45.9,52.9,41.));
#1491 = DIRECTION('',(0.,1.,0.));
#1492 = DIRECTION('',(0.,0.,1.));
#1493 = ADVANCED_FACE('',(#1494),#1500,.F.);
#1494 = FACE_BOUND('',#1495,.F.);
#1495 = EDGE_LOOP('',(#1496,#1497,#1498,#1499));
#1496 = ORIENTED_EDGE('',*,*,#397,.F.);
#1497 = ORIENTED_EDGE('',*,*,#1483,.F.);
#1498 = ORIENTED_EDGE('',*,*,#836,.T.);
#1499 = ORIENTED_EDGE('',*,*,#1466,.T.);
#1500 = CYLINDRICAL_SURFACE('',#1501,2.1);
#1501 = AXIS2_PLACEMENT_3D('',#1502,#1503,#1504);
#1502 = CARTESIAN_POINT('',(-22.1,55.,41.));
#1503 = DIRECTION('',(0.,0.,1.));
#1504 = DIRECTION('',(1.,0.,0.));
#1505 = ADVANCED_FACE('',(#1506),#1522,.F.);
#1506 = FACE_BOUND('',#1507,.F.);
#1507 = EDGE_LOOP('',(#1508,#1509,#1515,#1516));
#1508 = ORIENTED_EDGE('',*,*,#853,.T.);
#1509 = ORIENTED_EDGE('',*,*,#1510,.T.);
#1510 = EDGE_CURVE('',#856,#417,#1511,.T.);
#1511 = LINE('',#1512,#1513);
#1512 = CARTESIAN_POINT('',(68.1,3.1,41.));
#1513 = VECTOR('',#1514,1.);
#1514 = DIRECTION('',(0.,0.,1.));
#1515 = ORIENTED_EDGE('',*,*,#414,.F.);
#1516 = ORIENTED_EDGE('',*,*,#1517,.F.);
#1517 = EDGE_CURVE('',#854,#415,#1518,.T.);
#1518 = LINE('',#1519,#1520);
#1519 = CARTESIAN_POINT('',(63.9,3.1,41.));
#1520 = VECTOR('',#1521,1.);
#1521 = DIRECTION('',(0.,0.,1.));
#1522 = CYLINDRICAL_SURFACE('',#1523,2.1);
#1523 = AXIS2_PLACEMENT_3D('',#1524,#1525,#1526);
#1524 = CARTESIAN_POINT('',(66.,3.1,41.));
#1525 = DIRECTION('',(0.,0.,1.));
#1526 = DIRECTION('',(1.,0.,0.));
#1527 = ADVANCED_FACE('',(#1528),#1539,.T.);
#1528 = FACE_BOUND('',#1529,.T.);
#1529 = EDGE_LOOP('',(#1530,#1531,#1532,#1538));
#1530 = ORIENTED_EDGE('',*,*,#1517,.F.);
#1531 = ORIENTED_EDGE('',*,*,#864,.T.);
#1532 = ORIENTED_EDGE('',*,*,#1533,.T.);
#1533 = EDGE_CURVE('',#865,#426,#1534,.T.);
#1534 = LINE('',#1535,#1536);
#1535 = CARTESIAN_POINT('',(63.9,32.9,41.));
#1536 = VECTOR('',#1537,1.);
#1537 = DIRECTION('',(0.,0.,1.));
#1538 = ORIENTED_EDGE('',*,*,#425,.F.);
#1539 = PLANE('',#1540);
#1540 = AXIS2_PLACEMENT_3D('',#1541,#1542,#1543);
#1541 = CARTESIAN_POINT('',(63.9,3.1,41.));
#1542 = DIRECTION('',(1.,0.,0.));
#1543 = DIRECTION('',(0.,0.,1.));
#1544 = ADVANCED_FACE('',(#1545),#1556,.F.);
#1545 = FACE_BOUND('',#1546,.F.);
#1546 = EDGE_LOOP('',(#1547,#1548,#1549,#1555));
#1547 = ORIENTED_EDGE('',*,*,#1510,.F.);
#1548 = ORIENTED_EDGE('',*,*,#881,.T.);
#1549 = ORIENTED_EDGE('',*,*,#1550,.T.);
#1550 = EDGE_CURVE('',#873,#434,#1551,.T.);
#1551 = LINE('',#1552,#1553);
#1552 = CARTESIAN_POINT('',(68.1,32.9,41.));
#1553 = VECTOR('',#1554,1.);
#1554 = DIRECTION('',(0.,0.,1.));
#1555 = ORIENTED_EDGE('',*,*,#442,.F.);
#1556 = PLANE('',#1557);
#1557 = AXIS2_PLACEMENT_3D('',#1558,#1559,#1560);
#1558 = CARTESIAN_POINT('',(68.1,3.1,41.));
#1559 = DIRECTION('',(1.,0.,0.));
#1560 = DIRECTION('',(0.,0.,1.));
#1561 = ADVANCED_FACE('',(#1562),#1568,.F.);
#1562 = FACE_BOUND('',#1563,.F.);
#1563 = EDGE_LOOP('',(#1564,#1565,#1566,#1567));
#1564 = ORIENTED_EDGE('',*,*,#433,.F.);
#1565 = ORIENTED_EDGE('',*,*,#1550,.F.);
#1566 = ORIENTED_EDGE('',*,*,#872,.T.);
#1567 = ORIENTED_EDGE('',*,*,#1533,.T.);
#1568 = CYLINDRICAL_SURFACE('',#1569,2.1);
#1569 = AXIS2_PLACEMENT_3D('',#1570,#1571,#1572);
#1570 = CARTESIAN_POINT('',(66.,32.9,41.));
#1571 = DIRECTION('',(0.,0.,1.));
#1572 = DIRECTION('',(1.,0.,0.));
#1573 = ADVANCED_FACE('',(#1574),#1590,.F.);
#1574 = FACE_BOUND('',#1575,.F.);
#1575 = EDGE_LOOP('',(#1576,#1577,#1583,#1584));
#1576 = ORIENTED_EDGE('',*,*,#450,.F.);
#1577 = ORIENTED_EDGE('',*,*,#1578,.F.);
#1578 = EDGE_CURVE('',#890,#451,#1579,.T.);
#1579 = LINE('',#1580,#1581);
#1580 = CARTESIAN_POINT('',(22.1,57.1,41.));
#1581 = VECTOR('',#1582,1.);
#1582 = DIRECTION('',(0.,0.,1.));
#1583 = ORIENTED_EDGE('',*,*,#889,.T.);
#1584 = ORIENTED_EDGE('',*,*,#1585,.T.);
#1585 = EDGE_CURVE('',#892,#453,#1586,.T.);
#1586 = LINE('',#1587,#1588);
#1587 = CARTESIAN_POINT('',(22.1,52.9,41.));
#1588 = VECTOR('',#1589,1.);
#1589 = DIRECTION('',(0.,0.,1.));
#1590 = CYLINDRICAL_SURFACE('',#1591,2.1);
#1591 = AXIS2_PLACEMENT_3D('',#1592,#1593,#1594);
#1592 = CARTESIAN_POINT('',(22.1,55.,41.));
#1593 = DIRECTION('',(0.,0.,1.));
#1594 = DIRECTION('',(1.,0.,0.));
#1595 = ADVANCED_FACE('',(#1596),#1607,.T.);
#1596 = FACE_BOUND('',#1597,.T.);
#1597 = EDGE_LOOP('',(#1598,#1599,#1600,#1601));
#1598 = ORIENTED_EDGE('',*,*,#917,.T.);
#1599 = ORIENTED_EDGE('',*,*,#1585,.T.);
#1600 = ORIENTED_EDGE('',*,*,#478,.F.);
#1601 = ORIENTED_EDGE('',*,*,#1602,.F.);
#1602 = EDGE_CURVE('',#909,#470,#1603,.T.);
#1603 = LINE('',#1604,#1605);
#1604 = CARTESIAN_POINT('',(45.9,52.9,41.));
#1605 = VECTOR('',#1606,1.);
#1606 = DIRECTION('',(0.,0.,1.));
#1607 = PLANE('',#1608);
#1608 = AXIS2_PLACEMENT_3D('',#1609,#1610,#1611);
#1609 = CARTESIAN_POINT('',(22.1,52.9,41.));
#1610 = DIRECTION('',(0.,1.,0.));
#1611 = DIRECTION('',(0.,0.,1.));
#1612 = ADVANCED_FACE('',(#1613),#1624,.F.);
#1613 = FACE_BOUND('',#1614,.F.);
#1614 = EDGE_LOOP('',(#1615,#1616,#1617,#1618));
#1615 = ORIENTED_EDGE('',*,*,#469,.F.);
#1616 = ORIENTED_EDGE('',*,*,#1602,.F.);
#1617 = ORIENTED_EDGE('',*,*,#908,.T.);
#1618 = ORIENTED_EDGE('',*,*,#1619,.T.);
#1619 = EDGE_CURVE('',#901,#462,#1620,.T.);
#1620 = LINE('',#1621,#1622);
#1621 = CARTESIAN_POINT('',(45.9,57.1,41.));
#1622 = VECTOR('',#1623,1.);
#1623 = DIRECTION('',(0.,0.,1.));
#1624 = CYLINDRICAL_SURFACE('',#1625,2.1);
#1625 = AXIS2_PLACEMENT_3D('',#1626,#1627,#1628);
#1626 = CARTESIAN_POINT('',(45.9,55.,41.));
#1627 = DIRECTION('',(0.,0.,1.));
#1628 = DIRECTION('',(1.,0.,0.));
#1629 = ADVANCED_FACE('',(#1630),#1636,.F.);
#1630 = FACE_BOUND('',#1631,.F.);
#1631 = EDGE_LOOP('',(#1632,#1633,#1634,#1635));
#1632 = ORIENTED_EDGE('',*,*,#900,.T.);
#1633 = ORIENTED_EDGE('',*,*,#1578,.T.);
#1634 = ORIENTED_EDGE('',*,*,#461,.F.);
#1635 = ORIENTED_EDGE('',*,*,#1619,.F.);
#1636 = PLANE('',#1637);
#1637 = AXIS2_PLACEMENT_3D('',#1638,#1639,#1640);
#1638 = CARTESIAN_POINT('',(22.1,57.1,41.));
#1639 = DIRECTION('',(0.,1.,0.));
#1640 = DIRECTION('',(0.,0.,1.));
#1641 = ADVANCED_FACE('',(#1642),#1653,.F.);
#1642 = FACE_BOUND('',#1643,.F.);
#1643 = EDGE_LOOP('',(#1644,#1645,#1651,#1652));
#1644 = ORIENTED_EDGE('',*,*,#486,.F.);
#1645 = ORIENTED_EDGE('',*,*,#1646,.F.);
#1646 = EDGE_CURVE('',#926,#487,#1647,.T.);
#1647 = LINE('',#1648,#1649);
#1648 = CARTESIAN_POINT('',(59.7,42.,41.));
#1649 = VECTOR('',#1650,1.);
#1650 = DIRECTION('',(0.,0.,1.));
#1651 = ORIENTED_EDGE('',*,*,#925,.T.);
#1652 = ORIENTED_EDGE('',*,*,#1646,.T.);
#1653 = CYLINDRICAL_SURFACE('',#1654,1.7);
#1654 = AXIS2_PLACEMENT_3D('',#1655,#1656,#1657);
#1655 = CARTESIAN_POINT('',(58.,42.,41.));
#1656 = DIRECTION('',(0.,0.,1.));
#1657 = DIRECTION('',(1.,0.,0.));
#1658 = ADVANCED_FACE('',(#1659),#1670,.F.);
#1659 = FACE_BOUND('',#1660,.F.);
#1660 = EDGE_LOOP('',(#1661,#1662,#1668,#1669));
#1661 = ORIENTED_EDGE('',*,*,#497,.F.);
#1662 = ORIENTED_EDGE('',*,*,#1663,.F.);
#1663 = EDGE_CURVE('',#937,#498,#1664,.T.);
#1664 = LINE('',#1665,#1666);
#1665 = CARTESIAN_POINT('',(79.7,58.,41.));
#1666 = VECTOR('',#1667,1.);
#1667 = DIRECTION('',(0.,0.,1.));
#1668 = ORIENTED_EDGE('',*,*,#936,.T.);
#1669 = ORIENTED_EDGE('',*,*,#1663,.T.);
#1670 = CYLINDRICAL_SURFACE('',#1671,1.7);
#1671 = AXIS2_PLACEMENT_3D('',#1672,#1673,#1674);
#1672 = CARTESIAN_POINT('',(78.,58.,41.));
#1673 = DIRECTION('',(0.,0.,1.));
#1674 = DIRECTION('',(1.,0.,0.));
#1675 = MANIFOLD_SOLID_BREP('',#1676);
#1676 = CLOSED_SHELL('',(#1677,#1717,#1748,#1826,#1866,#1915,#2004,#2028
    ,#2059,#2076,#2088,#2113,#2138,#2227,#2245,#2267,#2284,#2301,#2313,
    #2335,#2352,#2369));
#1677 = ADVANCED_FACE('',(#1678),#1712,.T.);
#1678 = FACE_BOUND('',#1679,.T.);
#1679 = EDGE_LOOP('',(#1680,#1690,#1698,#1706));
#1680 = ORIENTED_EDGE('',*,*,#1681,.F.);
#1681 = EDGE_CURVE('',#1682,#1684,#1686,.T.);
#1682 = VERTEX_POINT('',#1683);
#1683 = CARTESIAN_POINT('',(-90.,-35.,45.));
#1684 = VERTEX_POINT('',#1685);
#1685 = CARTESIAN_POINT('',(-63.,-35.,45.));
#1686 = LINE('',#1687,#1688);
#1687 = CARTESIAN_POINT('',(-90.,-35.,45.));
#1688 = VECTOR('',#1689,1.);
#1689 = DIRECTION('',(1.,0.,0.));
#1690 = ORIENTED_EDGE('',*,*,#1691,.F.);
#1691 = EDGE_CURVE('',#1692,#1682,#1694,.T.);
#1692 = VERTEX_POINT('',#1693);
#1693 = CARTESIAN_POINT('',(-90.,-38.,45.));
#1694 = LINE('',#1695,#1696);
#1695 = CARTESIAN_POINT('',(-90.,-38.,45.));
#1696 = VECTOR('',#1697,1.);
#1697 = DIRECTION('',(0.,1.,0.));
#1698 = ORIENTED_EDGE('',*,*,#1699,.T.);
#1699 = EDGE_CURVE('',#1692,#1700,#1702,.T.);
#1700 = VERTEX_POINT('',#1701);
#1701 = CARTESIAN_POINT('',(-63.,-38.,45.));
#1702 = LINE('',#1703,#1704);
#1703 = CARTESIAN_POINT('',(-90.,-38.,45.));
#1704 = VECTOR('',#1705,1.);
#1705 = DIRECTION('',(1.,0.,0.));
#1706 = ORIENTED_EDGE('',*,*,#1707,.F.);
#1707 = EDGE_CURVE('',#1684,#1700,#1708,.T.);
#1708 = LINE('',#1709,#1710);
#1709 = CARTESIAN_POINT('',(-63.,-38.,45.));
#1710 = VECTOR('',#1711,1.);
#1711 = DIRECTION('',(0.,-1.,0.));
#1712 = PLANE('',#1713);
#1713 = AXIS2_PLACEMENT_3D('',#1714,#1715,#1716);
#1714 = CARTESIAN_POINT('',(-90.,-38.,45.));
#1715 = DIRECTION('',(0.,0.,1.));
#1716 = DIRECTION('',(1.,0.,0.));
#1717 = ADVANCED_FACE('',(#1718),#1743,.T.);
#1718 = FACE_BOUND('',#1719,.T.);
#1719 = EDGE_LOOP('',(#1720,#1730,#1736,#1737));
#1720 = ORIENTED_EDGE('',*,*,#1721,.T.);
#1721 = EDGE_CURVE('',#1722,#1724,#1726,.T.);
#1722 = VERTEX_POINT('',#1723);
#1723 = CARTESIAN_POINT('',(-63.,-35.,23.));
#1724 = VERTEX_POINT('',#1725);
#1725 = CARTESIAN_POINT('',(-90.,-35.,23.));
#1726 = LINE('',#1727,#1728);
#1727 = CARTESIAN_POINT('',(-90.,-35.,23.));
#1728 = VECTOR('',#1729,1.);
#1729 = DIRECTION('',(-1.,0.,0.));
#1730 = ORIENTED_EDGE('',*,*,#1731,.T.);
#1731 = EDGE_CURVE('',#1724,#1682,#1732,.T.);
#1732 = LINE('',#1733,#1734);
#1733 = CARTESIAN_POINT('',(-90.,-35.,20.));
#1734 = VECTOR('',#1735,1.);
#1735 = DIRECTION('',(0.,0.,1.));
#1736 = ORIENTED_EDGE('',*,*,#1681,.T.);
#1737 = ORIENTED_EDGE('',*,*,#1738,.F.);
#1738 = EDGE_CURVE('',#1722,#1684,#1739,.T.);
#1739 = LINE('',#1740,#1741);
#1740 = CARTESIAN_POINT('',(-63.,-35.,20.));
#1741 = VECTOR('',#1742,1.);
#1742 = DIRECTION('',(0.,0.,1.));
#1743 = PLANE('',#1744);
#1744 = AXIS2_PLACEMENT_3D('',#1745,#1746,#1747);
#1745 = CARTESIAN_POINT('',(-90.,-35.,20.));
#1746 = DIRECTION('',(0.,1.,0.));
#1747 = DIRECTION('',(0.,0.,1.));
#1748 = ADVANCED_FACE('',(#1749,#1799,#1810),#1821,.F.);
#1749 = FACE_BOUND('',#1750,.F.);
#1750 = EDGE_LOOP('',(#1751,#1759,#1760,#1761,#1769,#1777,#1785,#1793));
#1751 = ORIENTED_EDGE('',*,*,#1752,.F.);
#1752 = EDGE_CURVE('',#1700,#1753,#1755,.T.);
#1753 = VERTEX_POINT('',#1754);
#1754 = CARTESIAN_POINT('',(-63.,-38.,51.));
#1755 = LINE('',#1756,#1757);
#1756 = CARTESIAN_POINT('',(-63.,-38.,20.));
#1757 = VECTOR('',#1758,1.);
#1758 = DIRECTION('',(0.,0.,1.));
#1759 = ORIENTED_EDGE('',*,*,#1707,.F.);
#1760 = ORIENTED_EDGE('',*,*,#1738,.F.);
#1761 = ORIENTED_EDGE('',*,*,#1762,.T.);
#1762 = EDGE_CURVE('',#1722,#1763,#1765,.T.);
#1763 = VERTEX_POINT('',#1764);
#1764 = CARTESIAN_POINT('',(-63.,35.,23.));
#1765 = LINE('',#1766,#1767);
#1766 = CARTESIAN_POINT('',(-63.,-38.,23.));
#1767 = VECTOR('',#1768,1.);
#1768 = DIRECTION('',(0.,1.,0.));
#1769 = ORIENTED_EDGE('',*,*,#1770,.T.);
#1770 = EDGE_CURVE('',#1763,#1771,#1773,.T.);
#1771 = VERTEX_POINT('',#1772);
#1772 = CARTESIAN_POINT('',(-63.,35.,45.));
#1773 = LINE('',#1774,#1775);
#1774 = CARTESIAN_POINT('',(-63.,35.,20.));
#1775 = VECTOR('',#1776,1.);
#1776 = DIRECTION('',(0.,0.,1.));
#1777 = ORIENTED_EDGE('',*,*,#1778,.F.);
#1778 = EDGE_CURVE('',#1779,#1771,#1781,.T.);
#1779 = VERTEX_POINT('',#1780);
#1780 = CARTESIAN_POINT('',(-63.,38.,45.));
#1781 = LINE('',#1782,#1783);
#1782 = CARTESIAN_POINT('',(-63.,-1.5,45.));
#1783 = VECTOR('',#1784,1.);
#1784 = DIRECTION('',(0.,-1.,0.));
#1785 = ORIENTED_EDGE('',*,*,#1786,.T.);
#1786 = EDGE_CURVE('',#1779,#1787,#1789,.T.);
#1787 = VERTEX_POINT('',#1788);
#1788 = CARTESIAN_POINT('',(-63.,38.,51.));
#1789 = LINE('',#1790,#1791);
#1790 = CARTESIAN_POINT('',(-63.,38.,20.));
#1791 = VECTOR('',#1792,1.);
#1792 = DIRECTION('',(0.,0.,1.));
#1793 = ORIENTED_EDGE('',*,*,#1794,.F.);
#1794 = EDGE_CURVE('',#1753,#1787,#1795,.T.);
#1795 = LINE('',#1796,#1797);
#1796 = CARTESIAN_POINT('',(-63.,-38.,51.));
#1797 = VECTOR('',#1798,1.);
#1798 = DIRECTION('',(0.,1.,0.));
#1799 = FACE_BOUND('',#1800,.F.);
#1800 = EDGE_LOOP('',(#1801));
#1801 = ORIENTED_EDGE('',*,*,#1802,.F.);
#1802 = EDGE_CURVE('',#1803,#1803,#1805,.T.);
#1803 = VERTEX_POINT('',#1804);
#1804 = CARTESIAN_POINT('',(-63.,27.,38.7));
#1805 = CIRCLE('',#1806,1.7);
#1806 = AXIS2_PLACEMENT_3D('',#1807,#1808,#1809);
#1807 = CARTESIAN_POINT('',(-63.,27.,37.));
#1808 = DIRECTION('',(1.,0.,-0.));
#1809 = DIRECTION('',(0.,0.,1.));
#1810 = FACE_BOUND('',#1811,.F.);
#1811 = EDGE_LOOP('',(#1812));
#1812 = ORIENTED_EDGE('',*,*,#1813,.F.);
#1813 = EDGE_CURVE('',#1814,#1814,#1816,.T.);
#1814 = VERTEX_POINT('',#1815);
#1815 = CARTESIAN_POINT('',(-63.,-27.,38.7));
#1816 = CIRCLE('',#1817,1.7);
#1817 = AXIS2_PLACEMENT_3D('',#1818,#1819,#1820);
#1818 = CARTESIAN_POINT('',(-63.,-27.,37.));
#1819 = DIRECTION('',(1.,0.,-0.));
#1820 = DIRECTION('',(0.,0.,1.));
#1821 = PLANE('',#1822);
#1822 = AXIS2_PLACEMENT_3D('',#1823,#1824,#1825);
#1823 = CARTESIAN_POINT('',(-63.,-38.,20.));
#1824 = DIRECTION('',(1.,0.,0.));
#1825 = DIRECTION('',(0.,0.,1.));
#1826 = ADVANCED_FACE('',(#1827),#1861,.T.);
#1827 = FACE_BOUND('',#1828,.T.);
#1828 = EDGE_LOOP('',(#1829,#1839,#1847,#1853,#1854,#1855));
#1829 = ORIENTED_EDGE('',*,*,#1830,.T.);
#1830 = EDGE_CURVE('',#1831,#1833,#1835,.T.);
#1831 = VERTEX_POINT('',#1832);
#1832 = CARTESIAN_POINT('',(-90.,-38.,20.));
#1833 = VERTEX_POINT('',#1834);
#1834 = CARTESIAN_POINT('',(-60.,-38.,20.));
#1835 = LINE('',#1836,#1837);
#1836 = CARTESIAN_POINT('',(-90.,-38.,20.));
#1837 = VECTOR('',#1838,1.);
#1838 = DIRECTION('',(1.,0.,0.));
#1839 = ORIENTED_EDGE('',*,*,#1840,.T.);
#1840 = EDGE_CURVE('',#1833,#1841,#1843,.T.);
#1841 = VERTEX_POINT('',#1842);
#1842 = CARTESIAN_POINT('',(-60.,-38.,51.));
#1843 = LINE('',#1844,#1845);
#1844 = CARTESIAN_POINT('',(-60.,-38.,20.));
#1845 = VECTOR('',#1846,1.);
#1846 = DIRECTION('',(0.,0.,1.));
#1847 = ORIENTED_EDGE('',*,*,#1848,.F.);
#1848 = EDGE_CURVE('',#1753,#1841,#1849,.T.);
#1849 = LINE('',#1850,#1851);
#1850 = CARTESIAN_POINT('',(-63.,-38.,51.));
#1851 = VECTOR('',#1852,1.);
#1852 = DIRECTION('',(1.,0.,0.));
#1853 = ORIENTED_EDGE('',*,*,#1752,.F.);
#1854 = ORIENTED_EDGE('',*,*,#1699,.F.);
#1855 = ORIENTED_EDGE('',*,*,#1856,.F.);
#1856 = EDGE_CURVE('',#1831,#1692,#1857,.T.);
#1857 = LINE('',#1858,#1859);
#1858 = CARTESIAN_POINT('',(-90.,-38.,20.));
#1859 = VECTOR('',#1860,1.);
#1860 = DIRECTION('',(0.,0.,1.));
#1861 = PLANE('',#1862);
#1862 = AXIS2_PLACEMENT_3D('',#1863,#1864,#1865);
#1863 = CARTESIAN_POINT('',(-73.67213114754,-38.,34.172131147541));
#1864 = DIRECTION('',(-0.,-1.,-0.));
#1865 = DIRECTION('',(0.,0.,-1.));
#1866 = ADVANCED_FACE('',(#1867),#1910,.T.);
#1867 = FACE_BOUND('',#1868,.T.);
#1868 = EDGE_LOOP('',(#1869,#1870,#1871,#1872,#1880,#1888,#1896,#1904));
#1869 = ORIENTED_EDGE('',*,*,#1856,.T.);
#1870 = ORIENTED_EDGE('',*,*,#1691,.T.);
#1871 = ORIENTED_EDGE('',*,*,#1731,.F.);
#1872 = ORIENTED_EDGE('',*,*,#1873,.T.);
#1873 = EDGE_CURVE('',#1724,#1874,#1876,.T.);
#1874 = VERTEX_POINT('',#1875);
#1875 = CARTESIAN_POINT('',(-90.,35.,23.));
#1876 = LINE('',#1877,#1878);
#1877 = CARTESIAN_POINT('',(-90.,-38.,23.));
#1878 = VECTOR('',#1879,1.);
#1879 = DIRECTION('',(0.,1.,0.));
#1880 = ORIENTED_EDGE('',*,*,#1881,.T.);
#1881 = EDGE_CURVE('',#1874,#1882,#1884,.T.);
#1882 = VERTEX_POINT('',#1883);
#1883 = CARTESIAN_POINT('',(-90.,35.,45.));
#1884 = LINE('',#1885,#1886);
#1885 = CARTESIAN_POINT('',(-90.,35.,20.));
#1886 = VECTOR('',#1887,1.);
#1887 = DIRECTION('',(0.,0.,1.));
#1888 = ORIENTED_EDGE('',*,*,#1889,.T.);
#1889 = EDGE_CURVE('',#1882,#1890,#1892,.T.);
#1890 = VERTEX_POINT('',#1891);
#1891 = CARTESIAN_POINT('',(-90.,38.,45.));
#1892 = LINE('',#1893,#1894);
#1893 = CARTESIAN_POINT('',(-90.,35.,45.));
#1894 = VECTOR('',#1895,1.);
#1895 = DIRECTION('',(0.,1.,0.));
#1896 = ORIENTED_EDGE('',*,*,#1897,.F.);
#1897 = EDGE_CURVE('',#1898,#1890,#1900,.T.);
#1898 = VERTEX_POINT('',#1899);
#1899 = CARTESIAN_POINT('',(-90.,38.,20.));
#1900 = LINE('',#1901,#1902);
#1901 = CARTESIAN_POINT('',(-90.,38.,20.));
#1902 = VECTOR('',#1903,1.);
#1903 = DIRECTION('',(0.,0.,1.));
#1904 = ORIENTED_EDGE('',*,*,#1905,.F.);
#1905 = EDGE_CURVE('',#1831,#1898,#1906,.T.);
#1906 = LINE('',#1907,#1908);
#1907 = CARTESIAN_POINT('',(-90.,-38.,20.));
#1908 = VECTOR('',#1909,1.);
#1909 = DIRECTION('',(0.,1.,0.));
#1910 = PLANE('',#1911);
#1911 = AXIS2_PLACEMENT_3D('',#1912,#1913,#1914);
#1912 = CARTESIAN_POINT('',(-90.,0.,26.508130081301));
#1913 = DIRECTION('',(-1.,-0.,-0.));
#1914 = DIRECTION('',(0.,0.,-1.));
#1915 = ADVANCED_FACE('',(#1916,#1927,#1963),#1999,.T.);
#1916 = FACE_BOUND('',#1917,.T.);
#1917 = EDGE_LOOP('',(#1918,#1924,#1925,#1926));
#1918 = ORIENTED_EDGE('',*,*,#1919,.T.);
#1919 = EDGE_CURVE('',#1763,#1874,#1920,.T.);
#1920 = LINE('',#1921,#1922);
#1921 = CARTESIAN_POINT('',(-90.,35.,23.));
#1922 = VECTOR('',#1923,1.);
#1923 = DIRECTION('',(-1.,0.,0.));
#1924 = ORIENTED_EDGE('',*,*,#1873,.F.);
#1925 = ORIENTED_EDGE('',*,*,#1721,.F.);
#1926 = ORIENTED_EDGE('',*,*,#1762,.T.);
#1927 = FACE_BOUND('',#1928,.T.);
#1928 = EDGE_LOOP('',(#1929,#1940,#1948,#1957));
#1929 = ORIENTED_EDGE('',*,*,#1930,.F.);
#1930 = EDGE_CURVE('',#1931,#1933,#1935,.T.);
#1931 = VERTEX_POINT('',#1932);
#1932 = CARTESIAN_POINT('',(-81.4,-19.4,23.));
#1933 = VERTEX_POINT('',#1934);
#1934 = CARTESIAN_POINT('',(-81.4,-22.6,23.));
#1935 = CIRCLE('',#1936,1.6);
#1936 = AXIS2_PLACEMENT_3D('',#1937,#1938,#1939);
#1937 = CARTESIAN_POINT('',(-81.4,-21.,23.));
#1938 = DIRECTION('',(0.,0.,1.));
#1939 = DIRECTION('',(1.,0.,0.));
#1940 = ORIENTED_EDGE('',*,*,#1941,.F.);
#1941 = EDGE_CURVE('',#1942,#1931,#1944,.T.);
#1942 = VERTEX_POINT('',#1943);
#1943 = CARTESIAN_POINT('',(-68.6,-19.4,23.));
#1944 = LINE('',#1945,#1946);
#1945 = CARTESIAN_POINT('',(-85.7,-19.4,23.));
#1946 = VECTOR('',#1947,1.);
#1947 = DIRECTION('',(-1.,0.,0.));
#1948 = ORIENTED_EDGE('',*,*,#1949,.F.);
#1949 = EDGE_CURVE('',#1950,#1942,#1952,.T.);
#1950 = VERTEX_POINT('',#1951);
#1951 = CARTESIAN_POINT('',(-68.6,-22.6,23.));
#1952 = CIRCLE('',#1953,1.6);
#1953 = AXIS2_PLACEMENT_3D('',#1954,#1955,#1956);
#1954 = CARTESIAN_POINT('',(-68.6,-21.,23.));
#1955 = DIRECTION('',(0.,0.,1.));
#1956 = DIRECTION('',(1.,0.,0.));
#1957 = ORIENTED_EDGE('',*,*,#1958,.T.);
#1958 = EDGE_CURVE('',#1950,#1933,#1959,.T.);
#1959 = LINE('',#1960,#1961);
#1960 = CARTESIAN_POINT('',(-85.7,-22.6,23.));
#1961 = VECTOR('',#1962,1.);
#1962 = DIRECTION('',(-1.,0.,0.));
#1963 = FACE_BOUND('',#1964,.T.);
#1964 = EDGE_LOOP('',(#1965,#1976,#1984,#1993));
#1965 = ORIENTED_EDGE('',*,*,#1966,.F.);
#1966 = EDGE_CURVE('',#1967,#1969,#1971,.T.);
#1967 = VERTEX_POINT('',#1968);
#1968 = CARTESIAN_POINT('',(-81.4,22.6,23.));
#1969 = VERTEX_POINT('',#1970);
#1970 = CARTESIAN_POINT('',(-81.4,19.4,23.));
#1971 = CIRCLE('',#1972,1.6);
#1972 = AXIS2_PLACEMENT_3D('',#1973,#1974,#1975);
#1973 = CARTESIAN_POINT('',(-81.4,21.,23.));
#1974 = DIRECTION('',(0.,0.,1.));
#1975 = DIRECTION('',(1.,0.,0.));
#1976 = ORIENTED_EDGE('',*,*,#1977,.F.);
#1977 = EDGE_CURVE('',#1978,#1967,#1980,.T.);
#1978 = VERTEX_POINT('',#1979);
#1979 = CARTESIAN_POINT('',(-68.6,22.6,23.));
#1980 = LINE('',#1981,#1982);
#1981 = CARTESIAN_POINT('',(-85.7,22.6,23.));
#1982 = VECTOR('',#1983,1.);
#1983 = DIRECTION('',(-1.,0.,0.));
#1984 = ORIENTED_EDGE('',*,*,#1985,.F.);
#1985 = EDGE_CURVE('',#1986,#1978,#1988,.T.);
#1986 = VERTEX_POINT('',#1987);
#1987 = CARTESIAN_POINT('',(-68.6,19.4,23.));
#1988 = CIRCLE('',#1989,1.6);
#1989 = AXIS2_PLACEMENT_3D('',#1990,#1991,#1992);
#1990 = CARTESIAN_POINT('',(-68.6,21.,23.));
#1991 = DIRECTION('',(0.,0.,1.));
#1992 = DIRECTION('',(1.,0.,0.));
#1993 = ORIENTED_EDGE('',*,*,#1994,.T.);
#1994 = EDGE_CURVE('',#1986,#1969,#1995,.T.);
#1995 = LINE('',#1996,#1997);
#1996 = CARTESIAN_POINT('',(-85.7,19.4,23.));
#1997 = VECTOR('',#1998,1.);
#1998 = DIRECTION('',(-1.,0.,0.));
#1999 = PLANE('',#2000);
#2000 = AXIS2_PLACEMENT_3D('',#2001,#2002,#2003);
#2001 = CARTESIAN_POINT('',(-90.,-38.,23.));
#2002 = DIRECTION('',(0.,0.,1.));
#2003 = DIRECTION('',(1.,0.,0.));
#2004 = ADVANCED_FACE('',(#2005),#2023,.T.);
#2005 = FACE_BOUND('',#2006,.T.);
#2006 = EDGE_LOOP('',(#2007,#2008,#2009,#2017));
#2007 = ORIENTED_EDGE('',*,*,#1794,.F.);
#2008 = ORIENTED_EDGE('',*,*,#1848,.T.);
#2009 = ORIENTED_EDGE('',*,*,#2010,.T.);
#2010 = EDGE_CURVE('',#1841,#2011,#2013,.T.);
#2011 = VERTEX_POINT('',#2012);
#2012 = CARTESIAN_POINT('',(-60.,38.,51.));
#2013 = LINE('',#2014,#2015);
#2014 = CARTESIAN_POINT('',(-60.,-38.,51.));
#2015 = VECTOR('',#2016,1.);
#2016 = DIRECTION('',(0.,1.,0.));
#2017 = ORIENTED_EDGE('',*,*,#2018,.F.);
#2018 = EDGE_CURVE('',#1787,#2011,#2019,.T.);
#2019 = LINE('',#2020,#2021);
#2020 = CARTESIAN_POINT('',(-63.,38.,51.));
#2021 = VECTOR('',#2022,1.);
#2022 = DIRECTION('',(1.,0.,0.));
#2023 = PLANE('',#2024);
#2024 = AXIS2_PLACEMENT_3D('',#2025,#2026,#2027);
#2025 = CARTESIAN_POINT('',(-63.,-38.,51.));
#2026 = DIRECTION('',(0.,0.,1.));
#2027 = DIRECTION('',(1.,0.,0.));
#2028 = ADVANCED_FACE('',(#2029),#2054,.T.);
#2029 = FACE_BOUND('',#2030,.T.);
#2030 = EDGE_LOOP('',(#2031,#2039,#2040,#2046,#2047,#2048));
#2031 = ORIENTED_EDGE('',*,*,#2032,.F.);
#2032 = EDGE_CURVE('',#1898,#2033,#2035,.T.);
#2033 = VERTEX_POINT('',#2034);
#2034 = CARTESIAN_POINT('',(-60.,38.,20.));
#2035 = LINE('',#2036,#2037);
#2036 = CARTESIAN_POINT('',(-90.,38.,20.));
#2037 = VECTOR('',#2038,1.);
#2038 = DIRECTION('',(1.,0.,0.));
#2039 = ORIENTED_EDGE('',*,*,#1897,.T.);
#2040 = ORIENTED_EDGE('',*,*,#2041,.T.);
#2041 = EDGE_CURVE('',#1890,#1779,#2042,.T.);
#2042 = LINE('',#2043,#2044);
#2043 = CARTESIAN_POINT('',(-90.,38.,45.));
#2044 = VECTOR('',#2045,1.);
#2045 = DIRECTION('',(1.,0.,0.));
#2046 = ORIENTED_EDGE('',*,*,#1786,.T.);
#2047 = ORIENTED_EDGE('',*,*,#2018,.T.);
#2048 = ORIENTED_EDGE('',*,*,#2049,.F.);
#2049 = EDGE_CURVE('',#2033,#2011,#2050,.T.);
#2050 = LINE('',#2051,#2052);
#2051 = CARTESIAN_POINT('',(-60.,38.,20.));
#2052 = VECTOR('',#2053,1.);
#2053 = DIRECTION('',(0.,0.,1.));
#2054 = PLANE('',#2055);
#2055 = AXIS2_PLACEMENT_3D('',#2056,#2057,#2058);
#2056 = CARTESIAN_POINT('',(-73.67213114754,38.,34.172131147541));
#2057 = DIRECTION('',(0.,1.,0.));
#2058 = DIRECTION('',(0.,0.,1.));
#2059 = ADVANCED_FACE('',(#2060),#2071,.T.);
#2060 = FACE_BOUND('',#2061,.T.);
#2061 = EDGE_LOOP('',(#2062,#2063,#2064,#2070));
#2062 = ORIENTED_EDGE('',*,*,#2041,.F.);
#2063 = ORIENTED_EDGE('',*,*,#1889,.F.);
#2064 = ORIENTED_EDGE('',*,*,#2065,.T.);
#2065 = EDGE_CURVE('',#1882,#1771,#2066,.T.);
#2066 = LINE('',#2067,#2068);
#2067 = CARTESIAN_POINT('',(-90.,35.,45.));
#2068 = VECTOR('',#2069,1.);
#2069 = DIRECTION('',(1.,0.,0.));
#2070 = ORIENTED_EDGE('',*,*,#1778,.F.);
#2071 = PLANE('',#2072);
#2072 = AXIS2_PLACEMENT_3D('',#2073,#2074,#2075);
#2073 = CARTESIAN_POINT('',(-90.,35.,45.));
#2074 = DIRECTION('',(0.,0.,1.));
#2075 = DIRECTION('',(1.,0.,0.));
#2076 = ADVANCED_FACE('',(#2077),#2083,.F.);
#2077 = FACE_BOUND('',#2078,.F.);
#2078 = EDGE_LOOP('',(#2079,#2080,#2081,#2082));
#2079 = ORIENTED_EDGE('',*,*,#1919,.T.);
#2080 = ORIENTED_EDGE('',*,*,#1881,.T.);
#2081 = ORIENTED_EDGE('',*,*,#2065,.T.);
#2082 = ORIENTED_EDGE('',*,*,#1770,.F.);
#2083 = PLANE('',#2084);
#2084 = AXIS2_PLACEMENT_3D('',#2085,#2086,#2087);
#2085 = CARTESIAN_POINT('',(-90.,35.,20.));
#2086 = DIRECTION('',(0.,1.,0.));
#2087 = DIRECTION('',(0.,0.,1.));
#2088 = ADVANCED_FACE('',(#2089),#2108,.F.);
#2089 = FACE_BOUND('',#2090,.F.);
#2090 = EDGE_LOOP('',(#2091,#2100,#2106,#2107));
#2091 = ORIENTED_EDGE('',*,*,#2092,.F.);
#2092 = EDGE_CURVE('',#2093,#2093,#2095,.T.);
#2093 = VERTEX_POINT('',#2094);
#2094 = CARTESIAN_POINT('',(-60.,27.,38.7));
#2095 = CIRCLE('',#2096,1.7);
#2096 = AXIS2_PLACEMENT_3D('',#2097,#2098,#2099);
#2097 = CARTESIAN_POINT('',(-60.,27.,37.));
#2098 = DIRECTION('',(1.,0.,-0.));
#2099 = DIRECTION('',(0.,0.,1.));
#2100 = ORIENTED_EDGE('',*,*,#2101,.F.);
#2101 = EDGE_CURVE('',#1803,#2093,#2102,.T.);
#2102 = LINE('',#2103,#2104);
#2103 = CARTESIAN_POINT('',(-67.,27.,38.7));
#2104 = VECTOR('',#2105,1.);
#2105 = DIRECTION('',(1.,0.,0.));
#2106 = ORIENTED_EDGE('',*,*,#1802,.T.);
#2107 = ORIENTED_EDGE('',*,*,#2101,.T.);
#2108 = CYLINDRICAL_SURFACE('',#2109,1.7);
#2109 = AXIS2_PLACEMENT_3D('',#2110,#2111,#2112);
#2110 = CARTESIAN_POINT('',(-67.,27.,37.));
#2111 = DIRECTION('',(1.,0.,0.));
#2112 = DIRECTION('',(0.,0.,1.));
#2113 = ADVANCED_FACE('',(#2114),#2133,.F.);
#2114 = FACE_BOUND('',#2115,.F.);
#2115 = EDGE_LOOP('',(#2116,#2125,#2131,#2132));
#2116 = ORIENTED_EDGE('',*,*,#2117,.F.);
#2117 = EDGE_CURVE('',#2118,#2118,#2120,.T.);
#2118 = VERTEX_POINT('',#2119);
#2119 = CARTESIAN_POINT('',(-60.,-27.,38.7));
#2120 = CIRCLE('',#2121,1.7);
#2121 = AXIS2_PLACEMENT_3D('',#2122,#2123,#2124);
#2122 = CARTESIAN_POINT('',(-60.,-27.,37.));
#2123 = DIRECTION('',(1.,0.,-0.));
#2124 = DIRECTION('',(0.,0.,1.));
#2125 = ORIENTED_EDGE('',*,*,#2126,.F.);
#2126 = EDGE_CURVE('',#1814,#2118,#2127,.T.);
#2127 = LINE('',#2128,#2129);
#2128 = CARTESIAN_POINT('',(-67.,-27.,38.7));
#2129 = VECTOR('',#2130,1.);
#2130 = DIRECTION('',(1.,0.,0.));
#2131 = ORIENTED_EDGE('',*,*,#1813,.T.);
#2132 = ORIENTED_EDGE('',*,*,#2126,.T.);
#2133 = CYLINDRICAL_SURFACE('',#2134,1.7);
#2134 = AXIS2_PLACEMENT_3D('',#2135,#2136,#2137);
#2135 = CARTESIAN_POINT('',(-67.,-27.,37.));
#2136 = DIRECTION('',(1.,0.,0.));
#2137 = DIRECTION('',(0.,0.,1.));
#2138 = ADVANCED_FACE('',(#2139,#2150,#2186),#2222,.F.);
#2139 = FACE_BOUND('',#2140,.F.);
#2140 = EDGE_LOOP('',(#2141,#2142,#2148,#2149));
#2141 = ORIENTED_EDGE('',*,*,#1830,.T.);
#2142 = ORIENTED_EDGE('',*,*,#2143,.T.);
#2143 = EDGE_CURVE('',#1833,#2033,#2144,.T.);
#2144 = LINE('',#2145,#2146);
#2145 = CARTESIAN_POINT('',(-60.,-38.,20.));
#2146 = VECTOR('',#2147,1.);
#2147 = DIRECTION('',(0.,1.,0.));
#2148 = ORIENTED_EDGE('',*,*,#2032,.F.);
#2149 = ORIENTED_EDGE('',*,*,#1905,.F.);
#2150 = FACE_BOUND('',#2151,.F.);
#2151 = EDGE_LOOP('',(#2152,#2163,#2171,#2180));
#2152 = ORIENTED_EDGE('',*,*,#2153,.F.);
#2153 = EDGE_CURVE('',#2154,#2156,#2158,.T.);
#2154 = VERTEX_POINT('',#2155);
#2155 = CARTESIAN_POINT('',(-81.4,-19.4,20.));
#2156 = VERTEX_POINT('',#2157);
#2157 = CARTESIAN_POINT('',(-81.4,-22.6,20.));
#2158 = CIRCLE('',#2159,1.6);
#2159 = AXIS2_PLACEMENT_3D('',#2160,#2161,#2162);
#2160 = CARTESIAN_POINT('',(-81.4,-21.,20.));
#2161 = DIRECTION('',(0.,0.,1.));
#2162 = DIRECTION('',(1.,0.,0.));
#2163 = ORIENTED_EDGE('',*,*,#2164,.F.);
#2164 = EDGE_CURVE('',#2165,#2154,#2167,.T.);
#2165 = VERTEX_POINT('',#2166);
#2166 = CARTESIAN_POINT('',(-68.6,-19.4,20.));
#2167 = LINE('',#2168,#2169);
#2168 = CARTESIAN_POINT('',(-85.7,-19.4,20.));
#2169 = VECTOR('',#2170,1.);
#2170 = DIRECTION('',(-1.,0.,0.));
#2171 = ORIENTED_EDGE('',*,*,#2172,.F.);
#2172 = EDGE_CURVE('',#2173,#2165,#2175,.T.);
#2173 = VERTEX_POINT('',#2174);
#2174 = CARTESIAN_POINT('',(-68.6,-22.6,20.));
#2175 = CIRCLE('',#2176,1.6);
#2176 = AXIS2_PLACEMENT_3D('',#2177,#2178,#2179);
#2177 = CARTESIAN_POINT('',(-68.6,-21.,20.));
#2178 = DIRECTION('',(0.,0.,1.));
#2179 = DIRECTION('',(1.,0.,0.));
#2180 = ORIENTED_EDGE('',*,*,#2181,.T.);
#2181 = EDGE_CURVE('',#2173,#2156,#2182,.T.);
#2182 = LINE('',#2183,#2184);
#2183 = CARTESIAN_POINT('',(-85.7,-22.6,20.));
#2184 = VECTOR('',#2185,1.);
#2185 = DIRECTION('',(-1.,0.,0.));
#2186 = FACE_BOUND('',#2187,.F.);
#2187 = EDGE_LOOP('',(#2188,#2199,#2207,#2216));
#2188 = ORIENTED_EDGE('',*,*,#2189,.F.);
#2189 = EDGE_CURVE('',#2190,#2192,#2194,.T.);
#2190 = VERTEX_POINT('',#2191);
#2191 = CARTESIAN_POINT('',(-81.4,22.6,20.));
#2192 = VERTEX_POINT('',#2193);
#2193 = CARTESIAN_POINT('',(-81.4,19.4,20.));
#2194 = CIRCLE('',#2195,1.6);
#2195 = AXIS2_PLACEMENT_3D('',#2196,#2197,#2198);
#2196 = CARTESIAN_POINT('',(-81.4,21.,20.));
#2197 = DIRECTION('',(0.,0.,1.));
#2198 = DIRECTION('',(1.,0.,0.));
#2199 = ORIENTED_EDGE('',*,*,#2200,.F.);
#2200 = EDGE_CURVE('',#2201,#2190,#2203,.T.);
#2201 = VERTEX_POINT('',#2202);
#2202 = CARTESIAN_POINT('',(-68.6,22.6,20.));
#2203 = LINE('',#2204,#2205);
#2204 = CARTESIAN_POINT('',(-85.7,22.6,20.));
#2205 = VECTOR('',#2206,1.);
#2206 = DIRECTION('',(-1.,0.,0.));
#2207 = ORIENTED_EDGE('',*,*,#2208,.F.);
#2208 = EDGE_CURVE('',#2209,#2201,#2211,.T.);
#2209 = VERTEX_POINT('',#2210);
#2210 = CARTESIAN_POINT('',(-68.6,19.4,20.));
#2211 = CIRCLE('',#2212,1.6);
#2212 = AXIS2_PLACEMENT_3D('',#2213,#2214,#2215);
#2213 = CARTESIAN_POINT('',(-68.6,21.,20.));
#2214 = DIRECTION('',(0.,0.,1.));
#2215 = DIRECTION('',(1.,0.,0.));
#2216 = ORIENTED_EDGE('',*,*,#2217,.T.);
#2217 = EDGE_CURVE('',#2209,#2192,#2218,.T.);
#2218 = LINE('',#2219,#2220);
#2219 = CARTESIAN_POINT('',(-85.7,19.4,20.));
#2220 = VECTOR('',#2221,1.);
#2221 = DIRECTION('',(-1.,0.,0.));
#2222 = PLANE('',#2223);
#2223 = AXIS2_PLACEMENT_3D('',#2224,#2225,#2226);
#2224 = CARTESIAN_POINT('',(-90.,-38.,20.));
#2225 = DIRECTION('',(0.,0.,1.));
#2226 = DIRECTION('',(1.,0.,0.));
#2227 = ADVANCED_FACE('',(#2228,#2234,#2237),#2240,.T.);
#2228 = FACE_BOUND('',#2229,.T.);
#2229 = EDGE_LOOP('',(#2230,#2231,#2232,#2233));
#2230 = ORIENTED_EDGE('',*,*,#1840,.F.);
#2231 = ORIENTED_EDGE('',*,*,#2143,.T.);
#2232 = ORIENTED_EDGE('',*,*,#2049,.T.);
#2233 = ORIENTED_EDGE('',*,*,#2010,.F.);
#2234 = FACE_BOUND('',#2235,.T.);
#2235 = EDGE_LOOP('',(#2236));
#2236 = ORIENTED_EDGE('',*,*,#2092,.F.);
#2237 = FACE_BOUND('',#2238,.T.);
#2238 = EDGE_LOOP('',(#2239));
#2239 = ORIENTED_EDGE('',*,*,#2117,.F.);
#2240 = PLANE('',#2241);
#2241 = AXIS2_PLACEMENT_3D('',#2242,#2243,#2244);
#2242 = CARTESIAN_POINT('',(-60.,0.,35.5));
#2243 = DIRECTION('',(1.,0.,0.));
#2244 = DIRECTION('',(0.,0.,1.));
#2245 = ADVANCED_FACE('',(#2246),#2262,.F.);
#2246 = FACE_BOUND('',#2247,.F.);
#2247 = EDGE_LOOP('',(#2248,#2249,#2255,#2256));
#2248 = ORIENTED_EDGE('',*,*,#1930,.F.);
#2249 = ORIENTED_EDGE('',*,*,#2250,.F.);
#2250 = EDGE_CURVE('',#2154,#1931,#2251,.T.);
#2251 = LINE('',#2252,#2253);
#2252 = CARTESIAN_POINT('',(-81.4,-19.4,19.));
#2253 = VECTOR('',#2254,1.);
#2254 = DIRECTION('',(0.,0.,1.));
#2255 = ORIENTED_EDGE('',*,*,#2153,.T.);
#2256 = ORIENTED_EDGE('',*,*,#2257,.T.);
#2257 = EDGE_CURVE('',#2156,#1933,#2258,.T.);
#2258 = LINE('',#2259,#2260);
#2259 = CARTESIAN_POINT('',(-81.4,-22.6,19.));
#2260 = VECTOR('',#2261,1.);
#2261 = DIRECTION('',(0.,0.,1.));
#2262 = CYLINDRICAL_SURFACE('',#2263,1.6);
#2263 = AXIS2_PLACEMENT_3D('',#2264,#2265,#2266);
#2264 = CARTESIAN_POINT('',(-81.4,-21.,19.));
#2265 = DIRECTION('',(0.,0.,1.));
#2266 = DIRECTION('',(1.,0.,0.));
#2267 = ADVANCED_FACE('',(#2268),#2279,.F.);
#2268 = FACE_BOUND('',#2269,.F.);
#2269 = EDGE_LOOP('',(#2270,#2271,#2272,#2273));
#2270 = ORIENTED_EDGE('',*,*,#2164,.T.);
#2271 = ORIENTED_EDGE('',*,*,#2250,.T.);
#2272 = ORIENTED_EDGE('',*,*,#1941,.F.);
#2273 = ORIENTED_EDGE('',*,*,#2274,.F.);
#2274 = EDGE_CURVE('',#2165,#1942,#2275,.T.);
#2275 = LINE('',#2276,#2277);
#2276 = CARTESIAN_POINT('',(-68.6,-19.4,19.));
#2277 = VECTOR('',#2278,1.);
#2278 = DIRECTION('',(0.,0.,1.));
#2279 = PLANE('',#2280);
#2280 = AXIS2_PLACEMENT_3D('',#2281,#2282,#2283);
#2281 = CARTESIAN_POINT('',(-81.4,-19.4,19.));
#2282 = DIRECTION('',(0.,1.,0.));
#2283 = DIRECTION('',(0.,0.,1.));
#2284 = ADVANCED_FACE('',(#2285),#2296,.T.);
#2285 = FACE_BOUND('',#2286,.T.);
#2286 = EDGE_LOOP('',(#2287,#2288,#2289,#2290));
#2287 = ORIENTED_EDGE('',*,*,#2181,.T.);
#2288 = ORIENTED_EDGE('',*,*,#2257,.T.);
#2289 = ORIENTED_EDGE('',*,*,#1958,.F.);
#2290 = ORIENTED_EDGE('',*,*,#2291,.F.);
#2291 = EDGE_CURVE('',#2173,#1950,#2292,.T.);
#2292 = LINE('',#2293,#2294);
#2293 = CARTESIAN_POINT('',(-68.6,-22.6,19.));
#2294 = VECTOR('',#2295,1.);
#2295 = DIRECTION('',(0.,0.,1.));
#2296 = PLANE('',#2297);
#2297 = AXIS2_PLACEMENT_3D('',#2298,#2299,#2300);
#2298 = CARTESIAN_POINT('',(-81.4,-22.6,19.));
#2299 = DIRECTION('',(0.,1.,0.));
#2300 = DIRECTION('',(0.,0.,1.));
#2301 = ADVANCED_FACE('',(#2302),#2308,.F.);
#2302 = FACE_BOUND('',#2303,.F.);
#2303 = EDGE_LOOP('',(#2304,#2305,#2306,#2307));
#2304 = ORIENTED_EDGE('',*,*,#1949,.F.);
#2305 = ORIENTED_EDGE('',*,*,#2291,.F.);
#2306 = ORIENTED_EDGE('',*,*,#2172,.T.);
#2307 = ORIENTED_EDGE('',*,*,#2274,.T.);
#2308 = CYLINDRICAL_SURFACE('',#2309,1.6);
#2309 = AXIS2_PLACEMENT_3D('',#2310,#2311,#2312);
#2310 = CARTESIAN_POINT('',(-68.6,-21.,19.));
#2311 = DIRECTION('',(0.,0.,1.));
#2312 = DIRECTION('',(1.,0.,0.));
#2313 = ADVANCED_FACE('',(#2314),#2330,.F.);
#2314 = FACE_BOUND('',#2315,.F.);
#2315 = EDGE_LOOP('',(#2316,#2317,#2323,#2324));
#2316 = ORIENTED_EDGE('',*,*,#1966,.F.);
#2317 = ORIENTED_EDGE('',*,*,#2318,.F.);
#2318 = EDGE_CURVE('',#2190,#1967,#2319,.T.);
#2319 = LINE('',#2320,#2321);
#2320 = CARTESIAN_POINT('',(-81.4,22.6,19.));
#2321 = VECTOR('',#2322,1.);
#2322 = DIRECTION('',(0.,0.,1.));
#2323 = ORIENTED_EDGE('',*,*,#2189,.T.);
#2324 = ORIENTED_EDGE('',*,*,#2325,.T.);
#2325 = EDGE_CURVE('',#2192,#1969,#2326,.T.);
#2326 = LINE('',#2327,#2328);
#2327 = CARTESIAN_POINT('',(-81.4,19.4,19.));
#2328 = VECTOR('',#2329,1.);
#2329 = DIRECTION('',(0.,0.,1.));
#2330 = CYLINDRICAL_SURFACE('',#2331,1.6);
#2331 = AXIS2_PLACEMENT_3D('',#2332,#2333,#2334);
#2332 = CARTESIAN_POINT('',(-81.4,21.,19.));
#2333 = DIRECTION('',(0.,0.,1.));
#2334 = DIRECTION('',(1.,0.,0.));
#2335 = ADVANCED_FACE('',(#2336),#2347,.T.);
#2336 = FACE_BOUND('',#2337,.T.);
#2337 = EDGE_LOOP('',(#2338,#2339,#2340,#2341));
#2338 = ORIENTED_EDGE('',*,*,#2217,.T.);
#2339 = ORIENTED_EDGE('',*,*,#2325,.T.);
#2340 = ORIENTED_EDGE('',*,*,#1994,.F.);
#2341 = ORIENTED_EDGE('',*,*,#2342,.F.);
#2342 = EDGE_CURVE('',#2209,#1986,#2343,.T.);
#2343 = LINE('',#2344,#2345);
#2344 = CARTESIAN_POINT('',(-68.6,19.4,19.));
#2345 = VECTOR('',#2346,1.);
#2346 = DIRECTION('',(0.,0.,1.));
#2347 = PLANE('',#2348);
#2348 = AXIS2_PLACEMENT_3D('',#2349,#2350,#2351);
#2349 = CARTESIAN_POINT('',(-81.4,19.4,19.));
#2350 = DIRECTION('',(0.,1.,0.));
#2351 = DIRECTION('',(0.,0.,1.));
#2352 = ADVANCED_FACE('',(#2353),#2364,.F.);
#2353 = FACE_BOUND('',#2354,.F.);
#2354 = EDGE_LOOP('',(#2355,#2356,#2357,#2358));
#2355 = ORIENTED_EDGE('',*,*,#1985,.F.);
#2356 = ORIENTED_EDGE('',*,*,#2342,.F.);
#2357 = ORIENTED_EDGE('',*,*,#2208,.T.);
#2358 = ORIENTED_EDGE('',*,*,#2359,.T.);
#2359 = EDGE_CURVE('',#2201,#1978,#2360,.T.);
#2360 = LINE('',#2361,#2362);
#2361 = CARTESIAN_POINT('',(-68.6,22.6,19.));
#2362 = VECTOR('',#2363,1.);
#2363 = DIRECTION('',(0.,0.,1.));
#2364 = CYLINDRICAL_SURFACE('',#2365,1.6);
#2365 = AXIS2_PLACEMENT_3D('',#2366,#2367,#2368);
#2366 = CARTESIAN_POINT('',(-68.6,21.,19.));
#2367 = DIRECTION('',(0.,0.,1.));
#2368 = DIRECTION('',(1.,0.,0.));
#2369 = ADVANCED_FACE('',(#2370),#2376,.F.);
#2370 = FACE_BOUND('',#2371,.F.);
#2371 = EDGE_LOOP('',(#2372,#2373,#2374,#2375));
#2372 = ORIENTED_EDGE('',*,*,#2200,.T.);
#2373 = ORIENTED_EDGE('',*,*,#2318,.T.);
#2374 = ORIENTED_EDGE('',*,*,#1977,.F.);
#2375 = ORIENTED_EDGE('',*,*,#2359,.F.);
#2376 = PLANE('',#2377);
#2377 = AXIS2_PLACEMENT_3D('',#2378,#2379,#2380);
#2378 = CARTESIAN_POINT('',(-81.4,22.6,19.));
#2379 = DIRECTION('',(0.,1.,0.));
#2380 = DIRECTION('',(0.,0.,1.));
#2381 = MANIFOLD_SOLID_BREP('',#2382);
#2382 = CLOSED_SHELL('',(#2383,#2423,#2454,#2494,#2550,#2583,#2672,#2696
    ,#2738,#2755,#2844,#2861,#2873,#2895,#2912,#2929,#2941,#2963,#2980,
    #2997));
#2383 = ADVANCED_FACE('',(#2384),#2418,.T.);
#2384 = FACE_BOUND('',#2385,.T.);
#2385 = EDGE_LOOP('',(#2386,#2396,#2404,#2412));
#2386 = ORIENTED_EDGE('',*,*,#2387,.F.);
#2387 = EDGE_CURVE('',#2388,#2390,#2392,.T.);
#2388 = VERTEX_POINT('',#2389);
#2389 = CARTESIAN_POINT('',(60.,-38.,51.));
#2390 = VERTEX_POINT('',#2391);
#2391 = CARTESIAN_POINT('',(60.,38.,51.));
#2392 = LINE('',#2393,#2394);
#2393 = CARTESIAN_POINT('',(60.,-38.,51.));
#2394 = VECTOR('',#2395,1.);
#2395 = DIRECTION('',(0.,1.,0.));
#2396 = ORIENTED_EDGE('',*,*,#2397,.T.);
#2397 = EDGE_CURVE('',#2388,#2398,#2400,.T.);
#2398 = VERTEX_POINT('',#2399);
#2399 = CARTESIAN_POINT('',(63.,-38.,51.));
#2400 = LINE('',#2401,#2402);
#2401 = CARTESIAN_POINT('',(60.,-38.,51.));
#2402 = VECTOR('',#2403,1.);
#2403 = DIRECTION('',(1.,0.,0.));
#2404 = ORIENTED_EDGE('',*,*,#2405,.T.);
#2405 = EDGE_CURVE('',#2398,#2406,#2408,.T.);
#2406 = VERTEX_POINT('',#2407);
#2407 = CARTESIAN_POINT('',(63.,38.,51.));
#2408 = LINE('',#2409,#2410);
#2409 = CARTESIAN_POINT('',(63.,-38.,51.));
#2410 = VECTOR('',#2411,1.);
#2411 = DIRECTION('',(0.,1.,0.));
#2412 = ORIENTED_EDGE('',*,*,#2413,.F.);
#2413 = EDGE_CURVE('',#2390,#2406,#2414,.T.);
#2414 = LINE('',#2415,#2416);
#2415 = CARTESIAN_POINT('',(60.,38.,51.));
#2416 = VECTOR('',#2417,1.);
#2417 = DIRECTION('',(1.,0.,0.));
#2418 = PLANE('',#2419);
#2419 = AXIS2_PLACEMENT_3D('',#2420,#2421,#2422);
#2420 = CARTESIAN_POINT('',(60.,-38.,51.));
#2421 = DIRECTION('',(0.,0.,1.));
#2422 = DIRECTION('',(1.,0.,0.));
#2423 = ADVANCED_FACE('',(#2424),#2449,.T.);
#2424 = FACE_BOUND('',#2425,.T.);
#2425 = EDGE_LOOP('',(#2426,#2434,#2435,#2443));
#2426 = ORIENTED_EDGE('',*,*,#2427,.T.);
#2427 = EDGE_CURVE('',#2428,#2388,#2430,.T.);
#2428 = VERTEX_POINT('',#2429);
#2429 = CARTESIAN_POINT('',(60.,-38.,20.));
#2430 = LINE('',#2431,#2432);
#2431 = CARTESIAN_POINT('',(60.,-38.,20.));
#2432 = VECTOR('',#2433,1.);
#2433 = DIRECTION('',(0.,0.,1.));
#2434 = ORIENTED_EDGE('',*,*,#2387,.T.);
#2435 = ORIENTED_EDGE('',*,*,#2436,.F.);
#2436 = EDGE_CURVE('',#2437,#2390,#2439,.T.);
#2437 = VERTEX_POINT('',#2438);
#2438 = CARTESIAN_POINT('',(60.,38.,20.));
#2439 = LINE('',#2440,#2441);
#2440 = CARTESIAN_POINT('',(60.,38.,20.));
#2441 = VECTOR('',#2442,1.);
#2442 = DIRECTION('',(0.,0.,1.));
#2443 = ORIENTED_EDGE('',*,*,#2444,.F.);
#2444 = EDGE_CURVE('',#2428,#2437,#2445,.T.);
#2445 = LINE('',#2446,#2447);
#2446 = CARTESIAN_POINT('',(60.,-38.,20.));
#2447 = VECTOR('',#2448,1.);
#2448 = DIRECTION('',(0.,1.,0.));
#2449 = PLANE('',#2450);
#2450 = AXIS2_PLACEMENT_3D('',#2451,#2452,#2453);
#2451 = CARTESIAN_POINT('',(60.,0.,35.5));
#2452 = DIRECTION('',(-1.,-0.,-0.));
#2453 = DIRECTION('',(0.,0.,-1.));
#2454 = ADVANCED_FACE('',(#2455),#2489,.T.);
#2455 = FACE_BOUND('',#2456,.T.);
#2456 = EDGE_LOOP('',(#2457,#2465,#2473,#2481,#2487,#2488));
#2457 = ORIENTED_EDGE('',*,*,#2458,.F.);
#2458 = EDGE_CURVE('',#2459,#2406,#2461,.T.);
#2459 = VERTEX_POINT('',#2460);
#2460 = CARTESIAN_POINT('',(63.,38.,45.));
#2461 = LINE('',#2462,#2463);
#2462 = CARTESIAN_POINT('',(63.,38.,20.));
#2463 = VECTOR('',#2464,1.);
#2464 = DIRECTION('',(0.,0.,1.));
#2465 = ORIENTED_EDGE('',*,*,#2466,.T.);
#2466 = EDGE_CURVE('',#2459,#2467,#2469,.T.);
#2467 = VERTEX_POINT('',#2468);
#2468 = CARTESIAN_POINT('',(90.,38.,45.));
#2469 = LINE('',#2470,#2471);
#2470 = CARTESIAN_POINT('',(60.,38.,45.));
#2471 = VECTOR('',#2472,1.);
#2472 = DIRECTION('',(1.,0.,0.));
#2473 = ORIENTED_EDGE('',*,*,#2474,.F.);
#2474 = EDGE_CURVE('',#2475,#2467,#2477,.T.);
#2475 = VERTEX_POINT('',#2476);
#2476 = CARTESIAN_POINT('',(90.,38.,20.));
#2477 = LINE('',#2478,#2479);
#2478 = CARTESIAN_POINT('',(90.,38.,20.));
#2479 = VECTOR('',#2480,1.);
#2480 = DIRECTION('',(0.,0.,1.));
#2481 = ORIENTED_EDGE('',*,*,#2482,.F.);
#2482 = EDGE_CURVE('',#2437,#2475,#2483,.T.);
#2483 = LINE('',#2484,#2485);
#2484 = CARTESIAN_POINT('',(60.,38.,20.));
#2485 = VECTOR('',#2486,1.);
#2486 = DIRECTION('',(1.,0.,0.));
#2487 = ORIENTED_EDGE('',*,*,#2436,.T.);
#2488 = ORIENTED_EDGE('',*,*,#2413,.T.);
#2489 = PLANE('',#2490);
#2490 = AXIS2_PLACEMENT_3D('',#2491,#2492,#2493);
#2491 = CARTESIAN_POINT('',(73.672131147541,38.,34.172131147541));
#2492 = DIRECTION('',(0.,1.,0.));
#2493 = DIRECTION('',(0.,0.,1.));
#2494 = ADVANCED_FACE('',(#2495),#2545,.T.);
#2495 = FACE_BOUND('',#2496,.T.);
#2496 = EDGE_LOOP('',(#2497,#2505,#2513,#2521,#2529,#2537,#2543,#2544));
#2497 = ORIENTED_EDGE('',*,*,#2498,.F.);
#2498 = EDGE_CURVE('',#2499,#2398,#2501,.T.);
#2499 = VERTEX_POINT('',#2500);
#2500 = CARTESIAN_POINT('',(63.,-38.,45.));
#2501 = LINE('',#2502,#2503);
#2502 = CARTESIAN_POINT('',(63.,-38.,20.));
#2503 = VECTOR('',#2504,1.);
#2504 = DIRECTION('',(0.,0.,1.));
#2505 = ORIENTED_EDGE('',*,*,#2506,.F.);
#2506 = EDGE_CURVE('',#2507,#2499,#2509,.T.);
#2507 = VERTEX_POINT('',#2508);
#2508 = CARTESIAN_POINT('',(63.,-35.,45.));
#2509 = LINE('',#2510,#2511);
#2510 = CARTESIAN_POINT('',(63.,-38.,45.));
#2511 = VECTOR('',#2512,1.);
#2512 = DIRECTION('',(0.,-1.,0.));
#2513 = ORIENTED_EDGE('',*,*,#2514,.F.);
#2514 = EDGE_CURVE('',#2515,#2507,#2517,.T.);
#2515 = VERTEX_POINT('',#2516);
#2516 = CARTESIAN_POINT('',(63.,-35.,23.));
#2517 = LINE('',#2518,#2519);
#2518 = CARTESIAN_POINT('',(63.,-35.,20.));
#2519 = VECTOR('',#2520,1.);
#2520 = DIRECTION('',(0.,0.,1.));
#2521 = ORIENTED_EDGE('',*,*,#2522,.T.);
#2522 = EDGE_CURVE('',#2515,#2523,#2525,.T.);
#2523 = VERTEX_POINT('',#2524);
#2524 = CARTESIAN_POINT('',(63.,35.,23.));
#2525 = LINE('',#2526,#2527);
#2526 = CARTESIAN_POINT('',(63.,-38.,23.));
#2527 = VECTOR('',#2528,1.);
#2528 = DIRECTION('',(0.,1.,0.));
#2529 = ORIENTED_EDGE('',*,*,#2530,.T.);
#2530 = EDGE_CURVE('',#2523,#2531,#2533,.T.);
#2531 = VERTEX_POINT('',#2532);
#2532 = CARTESIAN_POINT('',(63.,35.,45.));
#2533 = LINE('',#2534,#2535);
#2534 = CARTESIAN_POINT('',(63.,35.,20.));
#2535 = VECTOR('',#2536,1.);
#2536 = DIRECTION('',(0.,0.,1.));
#2537 = ORIENTED_EDGE('',*,*,#2538,.F.);
#2538 = EDGE_CURVE('',#2459,#2531,#2539,.T.);
#2539 = LINE('',#2540,#2541);
#2540 = CARTESIAN_POINT('',(63.,-1.5,45.));
#2541 = VECTOR('',#2542,1.);
#2542 = DIRECTION('',(0.,-1.,0.));
#2543 = ORIENTED_EDGE('',*,*,#2458,.T.);
#2544 = ORIENTED_EDGE('',*,*,#2405,.F.);
#2545 = PLANE('',#2546);
#2546 = AXIS2_PLACEMENT_3D('',#2547,#2548,#2549);
#2547 = CARTESIAN_POINT('',(63.,-38.,20.));
#2548 = DIRECTION('',(1.,0.,0.));
#2549 = DIRECTION('',(0.,0.,1.));
#2550 = ADVANCED_FACE('',(#2551),#2578,.T.);
#2551 = FACE_BOUND('',#2552,.T.);
#2552 = EDGE_LOOP('',(#2553,#2561,#2569,#2575,#2576,#2577));
#2553 = ORIENTED_EDGE('',*,*,#2554,.T.);
#2554 = EDGE_CURVE('',#2428,#2555,#2557,.T.);
#2555 = VERTEX_POINT('',#2556);
#2556 = CARTESIAN_POINT('',(90.,-38.,20.));
#2557 = LINE('',#2558,#2559);
#2558 = CARTESIAN_POINT('',(60.,-38.,20.));
#2559 = VECTOR('',#2560,1.);
#2560 = DIRECTION('',(1.,0.,0.));
#2561 = ORIENTED_EDGE('',*,*,#2562,.T.);
#2562 = EDGE_CURVE('',#2555,#2563,#2565,.T.);
#2563 = VERTEX_POINT('',#2564);
#2564 = CARTESIAN_POINT('',(90.,-38.,45.));
#2565 = LINE('',#2566,#2567);
#2566 = CARTESIAN_POINT('',(90.,-38.,20.));
#2567 = VECTOR('',#2568,1.);
#2568 = DIRECTION('',(0.,0.,1.));
#2569 = ORIENTED_EDGE('',*,*,#2570,.F.);
#2570 = EDGE_CURVE('',#2499,#2563,#2571,.T.);
#2571 = LINE('',#2572,#2573);
#2572 = CARTESIAN_POINT('',(60.,-38.,45.));
#2573 = VECTOR('',#2574,1.);
#2574 = DIRECTION('',(1.,0.,0.));
#2575 = ORIENTED_EDGE('',*,*,#2498,.T.);
#2576 = ORIENTED_EDGE('',*,*,#2397,.F.);
#2577 = ORIENTED_EDGE('',*,*,#2427,.F.);
#2578 = PLANE('',#2579);
#2579 = AXIS2_PLACEMENT_3D('',#2580,#2581,#2582);
#2580 = CARTESIAN_POINT('',(73.672131147541,-38.,34.172131147541));
#2581 = DIRECTION('',(-0.,-1.,-0.));
#2582 = DIRECTION('',(0.,0.,-1.));
#2583 = ADVANCED_FACE('',(#2584,#2595,#2631),#2667,.F.);
#2584 = FACE_BOUND('',#2585,.F.);
#2585 = EDGE_LOOP('',(#2586,#2587,#2588,#2594));
#2586 = ORIENTED_EDGE('',*,*,#2444,.F.);
#2587 = ORIENTED_EDGE('',*,*,#2554,.T.);
#2588 = ORIENTED_EDGE('',*,*,#2589,.T.);
#2589 = EDGE_CURVE('',#2555,#2475,#2590,.T.);
#2590 = LINE('',#2591,#2592);
#2591 = CARTESIAN_POINT('',(90.,-38.,20.));
#2592 = VECTOR('',#2593,1.);
#2593 = DIRECTION('',(0.,1.,0.));
#2594 = ORIENTED_EDGE('',*,*,#2482,.F.);
#2595 = FACE_BOUND('',#2596,.F.);
#2596 = EDGE_LOOP('',(#2597,#2608,#2616,#2625));
#2597 = ORIENTED_EDGE('',*,*,#2598,.F.);
#2598 = EDGE_CURVE('',#2599,#2601,#2603,.T.);
#2599 = VERTEX_POINT('',#2600);
#2600 = CARTESIAN_POINT('',(68.6,-19.4,20.));
#2601 = VERTEX_POINT('',#2602);
#2602 = CARTESIAN_POINT('',(68.6,-22.6,20.));
#2603 = CIRCLE('',#2604,1.6);
#2604 = AXIS2_PLACEMENT_3D('',#2605,#2606,#2607);
#2605 = CARTESIAN_POINT('',(68.6,-21.,20.));
#2606 = DIRECTION('',(0.,0.,1.));
#2607 = DIRECTION('',(1.,0.,0.));
#2608 = ORIENTED_EDGE('',*,*,#2609,.F.);
#2609 = EDGE_CURVE('',#2610,#2599,#2612,.T.);
#2610 = VERTEX_POINT('',#2611);
#2611 = CARTESIAN_POINT('',(81.4,-19.4,20.));
#2612 = LINE('',#2613,#2614);
#2613 = CARTESIAN_POINT('',(64.3,-19.4,20.));
#2614 = VECTOR('',#2615,1.);
#2615 = DIRECTION('',(-1.,0.,0.));
#2616 = ORIENTED_EDGE('',*,*,#2617,.F.);
#2617 = EDGE_CURVE('',#2618,#2610,#2620,.T.);
#2618 = VERTEX_POINT('',#2619);
#2619 = CARTESIAN_POINT('',(81.4,-22.6,20.));
#2620 = CIRCLE('',#2621,1.6);
#2621 = AXIS2_PLACEMENT_3D('',#2622,#2623,#2624);
#2622 = CARTESIAN_POINT('',(81.4,-21.,20.));
#2623 = DIRECTION('',(0.,0.,1.));
#2624 = DIRECTION('',(1.,0.,0.));
#2625 = ORIENTED_EDGE('',*,*,#2626,.T.);
#2626 = EDGE_CURVE('',#2618,#2601,#2627,.T.);
#2627 = LINE('',#2628,#2629);
#2628 = CARTESIAN_POINT('',(64.3,-22.6,20.));
#2629 = VECTOR('',#2630,1.);
#2630 = DIRECTION('',(-1.,0.,0.));
#2631 = FACE_BOUND('',#2632,.F.);
#2632 = EDGE_LOOP('',(#2633,#2644,#2652,#2661));
#2633 = ORIENTED_EDGE('',*,*,#2634,.F.);
#2634 = EDGE_CURVE('',#2635,#2637,#2639,.T.);
#2635 = VERTEX_POINT('',#2636);
#2636 = CARTESIAN_POINT('',(68.6,22.6,20.));
#2637 = VERTEX_POINT('',#2638);
#2638 = CARTESIAN_POINT('',(68.6,19.4,20.));
#2639 = CIRCLE('',#2640,1.6);
#2640 = AXIS2_PLACEMENT_3D('',#2641,#2642,#2643);
#2641 = CARTESIAN_POINT('',(68.6,21.,20.));
#2642 = DIRECTION('',(0.,0.,1.));
#2643 = DIRECTION('',(1.,0.,0.));
#2644 = ORIENTED_EDGE('',*,*,#2645,.F.);
#2645 = EDGE_CURVE('',#2646,#2635,#2648,.T.);
#2646 = VERTEX_POINT('',#2647);
#2647 = CARTESIAN_POINT('',(81.4,22.6,20.));
#2648 = LINE('',#2649,#2650);
#2649 = CARTESIAN_POINT('',(64.3,22.6,20.));
#2650 = VECTOR('',#2651,1.);
#2651 = DIRECTION('',(-1.,0.,0.));
#2652 = ORIENTED_EDGE('',*,*,#2653,.F.);
#2653 = EDGE_CURVE('',#2654,#2646,#2656,.T.);
#2654 = VERTEX_POINT('',#2655);
#2655 = CARTESIAN_POINT('',(81.4,19.4,20.));
#2656 = CIRCLE('',#2657,1.6);
#2657 = AXIS2_PLACEMENT_3D('',#2658,#2659,#2660);
#2658 = CARTESIAN_POINT('',(81.4,21.,20.));
#2659 = DIRECTION('',(0.,0.,1.));
#2660 = DIRECTION('',(1.,0.,0.));
#2661 = ORIENTED_EDGE('',*,*,#2662,.T.);
#2662 = EDGE_CURVE('',#2654,#2637,#2663,.T.);
#2663 = LINE('',#2664,#2665);
#2664 = CARTESIAN_POINT('',(64.3,19.4,20.));
#2665 = VECTOR('',#2666,1.);
#2666 = DIRECTION('',(-1.,0.,0.));
#2667 = PLANE('',#2668);
#2668 = AXIS2_PLACEMENT_3D('',#2669,#2670,#2671);
#2669 = CARTESIAN_POINT('',(60.,-38.,20.));
#2670 = DIRECTION('',(0.,0.,1.));
#2671 = DIRECTION('',(1.,0.,0.));
#2672 = ADVANCED_FACE('',(#2673),#2691,.T.);
#2673 = FACE_BOUND('',#2674,.T.);
#2674 = EDGE_LOOP('',(#2675,#2676,#2684,#2690));
#2675 = ORIENTED_EDGE('',*,*,#2538,.T.);
#2676 = ORIENTED_EDGE('',*,*,#2677,.T.);
#2677 = EDGE_CURVE('',#2531,#2678,#2680,.T.);
#2678 = VERTEX_POINT('',#2679);
#2679 = CARTESIAN_POINT('',(90.,35.,45.));
#2680 = LINE('',#2681,#2682);
#2681 = CARTESIAN_POINT('',(60.,35.,45.));
#2682 = VECTOR('',#2683,1.);
#2683 = DIRECTION('',(1.,0.,0.));
#2684 = ORIENTED_EDGE('',*,*,#2685,.T.);
#2685 = EDGE_CURVE('',#2678,#2467,#2686,.T.);
#2686 = LINE('',#2687,#2688);
#2687 = CARTESIAN_POINT('',(90.,35.,45.));
#2688 = VECTOR('',#2689,1.);
#2689 = DIRECTION('',(0.,1.,0.));
#2690 = ORIENTED_EDGE('',*,*,#2466,.F.);
#2691 = PLANE('',#2692);
#2692 = AXIS2_PLACEMENT_3D('',#2693,#2694,#2695);
#2693 = CARTESIAN_POINT('',(60.,35.,45.));
#2694 = DIRECTION('',(0.,0.,1.));
#2695 = DIRECTION('',(1.,0.,0.));
#2696 = ADVANCED_FACE('',(#2697),#2733,.T.);
#2697 = FACE_BOUND('',#2698,.T.);
#2698 = EDGE_LOOP('',(#2699,#2700,#2701,#2702,#2703,#2711,#2719,#2727));
#2699 = ORIENTED_EDGE('',*,*,#2562,.F.);
#2700 = ORIENTED_EDGE('',*,*,#2589,.T.);
#2701 = ORIENTED_EDGE('',*,*,#2474,.T.);
#2702 = ORIENTED_EDGE('',*,*,#2685,.F.);
#2703 = ORIENTED_EDGE('',*,*,#2704,.F.);
#2704 = EDGE_CURVE('',#2705,#2678,#2707,.T.);
#2705 = VERTEX_POINT('',#2706);
#2706 = CARTESIAN_POINT('',(90.,35.,23.));
#2707 = LINE('',#2708,#2709);
#2708 = CARTESIAN_POINT('',(90.,35.,20.));
#2709 = VECTOR('',#2710,1.);
#2710 = DIRECTION('',(0.,0.,1.));
#2711 = ORIENTED_EDGE('',*,*,#2712,.F.);
#2712 = EDGE_CURVE('',#2713,#2705,#2715,.T.);
#2713 = VERTEX_POINT('',#2714);
#2714 = CARTESIAN_POINT('',(90.,-35.,23.));
#2715 = LINE('',#2716,#2717);
#2716 = CARTESIAN_POINT('',(90.,-38.,23.));
#2717 = VECTOR('',#2718,1.);
#2718 = DIRECTION('',(0.,1.,0.));
#2719 = ORIENTED_EDGE('',*,*,#2720,.T.);
#2720 = EDGE_CURVE('',#2713,#2721,#2723,.T.);
#2721 = VERTEX_POINT('',#2722);
#2722 = CARTESIAN_POINT('',(90.,-35.,45.));
#2723 = LINE('',#2724,#2725);
#2724 = CARTESIAN_POINT('',(90.,-35.,20.));
#2725 = VECTOR('',#2726,1.);
#2726 = DIRECTION('',(0.,0.,1.));
#2727 = ORIENTED_EDGE('',*,*,#2728,.F.);
#2728 = EDGE_CURVE('',#2563,#2721,#2729,.T.);
#2729 = LINE('',#2730,#2731);
#2730 = CARTESIAN_POINT('',(90.,-38.,45.));
#2731 = VECTOR('',#2732,1.);
#2732 = DIRECTION('',(0.,1.,0.));
#2733 = PLANE('',#2734);
#2734 = AXIS2_PLACEMENT_3D('',#2735,#2736,#2737);
#2735 = CARTESIAN_POINT('',(90.,0.,26.508130081301));
#2736 = DIRECTION('',(1.,0.,0.));
#2737 = DIRECTION('',(0.,0.,1.));
#2738 = ADVANCED_FACE('',(#2739),#2750,.F.);
#2739 = FACE_BOUND('',#2740,.F.);
#2740 = EDGE_LOOP('',(#2741,#2742,#2748,#2749));
#2741 = ORIENTED_EDGE('',*,*,#2704,.F.);
#2742 = ORIENTED_EDGE('',*,*,#2743,.T.);
#2743 = EDGE_CURVE('',#2705,#2523,#2744,.T.);
#2744 = LINE('',#2745,#2746);
#2745 = CARTESIAN_POINT('',(60.,35.,23.));
#2746 = VECTOR('',#2747,1.);
#2747 = DIRECTION('',(-1.,0.,0.));
#2748 = ORIENTED_EDGE('',*,*,#2530,.T.);
#2749 = ORIENTED_EDGE('',*,*,#2677,.T.);
#2750 = PLANE('',#2751);
#2751 = AXIS2_PLACEMENT_3D('',#2752,#2753,#2754);
#2752 = CARTESIAN_POINT('',(60.,35.,20.));
#2753 = DIRECTION('',(0.,1.,0.));
#2754 = DIRECTION('',(0.,0.,1.));
#2755 = ADVANCED_FACE('',(#2756,#2767,#2803),#2839,.T.);
#2756 = FACE_BOUND('',#2757,.T.);
#2757 = EDGE_LOOP('',(#2758,#2759,#2765,#2766));
#2758 = ORIENTED_EDGE('',*,*,#2522,.F.);
#2759 = ORIENTED_EDGE('',*,*,#2760,.F.);
#2760 = EDGE_CURVE('',#2713,#2515,#2761,.T.);
#2761 = LINE('',#2762,#2763);
#2762 = CARTESIAN_POINT('',(60.,-35.,23.));
#2763 = VECTOR('',#2764,1.);
#2764 = DIRECTION('',(-1.,0.,0.));
#2765 = ORIENTED_EDGE('',*,*,#2712,.T.);
#2766 = ORIENTED_EDGE('',*,*,#2743,.T.);
#2767 = FACE_BOUND('',#2768,.T.);
#2768 = EDGE_LOOP('',(#2769,#2780,#2788,#2797));
#2769 = ORIENTED_EDGE('',*,*,#2770,.F.);
#2770 = EDGE_CURVE('',#2771,#2773,#2775,.T.);
#2771 = VERTEX_POINT('',#2772);
#2772 = CARTESIAN_POINT('',(68.6,-19.4,23.));
#2773 = VERTEX_POINT('',#2774);
#2774 = CARTESIAN_POINT('',(68.6,-22.6,23.));
#2775 = CIRCLE('',#2776,1.6);
#2776 = AXIS2_PLACEMENT_3D('',#2777,#2778,#2779);
#2777 = CARTESIAN_POINT('',(68.6,-21.,23.));
#2778 = DIRECTION('',(0.,0.,1.));
#2779 = DIRECTION('',(1.,0.,0.));
#2780 = ORIENTED_EDGE('',*,*,#2781,.F.);
#2781 = EDGE_CURVE('',#2782,#2771,#2784,.T.);
#2782 = VERTEX_POINT('',#2783);
#2783 = CARTESIAN_POINT('',(81.4,-19.4,23.));
#2784 = LINE('',#2785,#2786);
#2785 = CARTESIAN_POINT('',(64.3,-19.4,23.));
#2786 = VECTOR('',#2787,1.);
#2787 = DIRECTION('',(-1.,0.,0.));
#2788 = ORIENTED_EDGE('',*,*,#2789,.F.);
#2789 = EDGE_CURVE('',#2790,#2782,#2792,.T.);
#2790 = VERTEX_POINT('',#2791);
#2791 = CARTESIAN_POINT('',(81.4,-22.6,23.));
#2792 = CIRCLE('',#2793,1.6);
#2793 = AXIS2_PLACEMENT_3D('',#2794,#2795,#2796);
#2794 = CARTESIAN_POINT('',(81.4,-21.,23.));
#2795 = DIRECTION('',(0.,0.,1.));
#2796 = DIRECTION('',(1.,0.,0.));
#2797 = ORIENTED_EDGE('',*,*,#2798,.T.);
#2798 = EDGE_CURVE('',#2790,#2773,#2799,.T.);
#2799 = LINE('',#2800,#2801);
#2800 = CARTESIAN_POINT('',(64.3,-22.6,23.));
#2801 = VECTOR('',#2802,1.);
#2802 = DIRECTION('',(-1.,0.,0.));
#2803 = FACE_BOUND('',#2804,.T.);
#2804 = EDGE_LOOP('',(#2805,#2816,#2824,#2833));
#2805 = ORIENTED_EDGE('',*,*,#2806,.F.);
#2806 = EDGE_CURVE('',#2807,#2809,#2811,.T.);
#2807 = VERTEX_POINT('',#2808);
#2808 = CARTESIAN_POINT('',(68.6,22.6,23.));
#2809 = VERTEX_POINT('',#2810);
#2810 = CARTESIAN_POINT('',(68.6,19.4,23.));
#2811 = CIRCLE('',#2812,1.6);
#2812 = AXIS2_PLACEMENT_3D('',#2813,#2814,#2815);
#2813 = CARTESIAN_POINT('',(68.6,21.,23.));
#2814 = DIRECTION('',(0.,0.,1.));
#2815 = DIRECTION('',(1.,0.,0.));
#2816 = ORIENTED_EDGE('',*,*,#2817,.F.);
#2817 = EDGE_CURVE('',#2818,#2807,#2820,.T.);
#2818 = VERTEX_POINT('',#2819);
#2819 = CARTESIAN_POINT('',(81.4,22.6,23.));
#2820 = LINE('',#2821,#2822);
#2821 = CARTESIAN_POINT('',(64.3,22.6,23.));
#2822 = VECTOR('',#2823,1.);
#2823 = DIRECTION('',(-1.,0.,0.));
#2824 = ORIENTED_EDGE('',*,*,#2825,.F.);
#2825 = EDGE_CURVE('',#2826,#2818,#2828,.T.);
#2826 = VERTEX_POINT('',#2827);
#2827 = CARTESIAN_POINT('',(81.4,19.4,23.));
#2828 = CIRCLE('',#2829,1.6);
#2829 = AXIS2_PLACEMENT_3D('',#2830,#2831,#2832);
#2830 = CARTESIAN_POINT('',(81.4,21.,23.));
#2831 = DIRECTION('',(0.,0.,1.));
#2832 = DIRECTION('',(1.,0.,0.));
#2833 = ORIENTED_EDGE('',*,*,#2834,.T.);
#2834 = EDGE_CURVE('',#2826,#2809,#2835,.T.);
#2835 = LINE('',#2836,#2837);
#2836 = CARTESIAN_POINT('',(64.3,19.4,23.));
#2837 = VECTOR('',#2838,1.);
#2838 = DIRECTION('',(-1.,0.,0.));
#2839 = PLANE('',#2840);
#2840 = AXIS2_PLACEMENT_3D('',#2841,#2842,#2843);
#2841 = CARTESIAN_POINT('',(60.,-38.,23.));
#2842 = DIRECTION('',(0.,0.,1.));
#2843 = DIRECTION('',(1.,0.,0.));
#2844 = ADVANCED_FACE('',(#2845),#2856,.T.);
#2845 = FACE_BOUND('',#2846,.T.);
#2846 = EDGE_LOOP('',(#2847,#2848,#2849,#2850));
#2847 = ORIENTED_EDGE('',*,*,#2720,.F.);
#2848 = ORIENTED_EDGE('',*,*,#2760,.T.);
#2849 = ORIENTED_EDGE('',*,*,#2514,.T.);
#2850 = ORIENTED_EDGE('',*,*,#2851,.T.);
#2851 = EDGE_CURVE('',#2507,#2721,#2852,.T.);
#2852 = LINE('',#2853,#2854);
#2853 = CARTESIAN_POINT('',(60.,-35.,45.));
#2854 = VECTOR('',#2855,1.);
#2855 = DIRECTION('',(1.,0.,0.));
#2856 = PLANE('',#2857);
#2857 = AXIS2_PLACEMENT_3D('',#2858,#2859,#2860);
#2858 = CARTESIAN_POINT('',(60.,-35.,20.));
#2859 = DIRECTION('',(0.,1.,0.));
#2860 = DIRECTION('',(0.,0.,1.));
#2861 = ADVANCED_FACE('',(#2862),#2868,.T.);
#2862 = FACE_BOUND('',#2863,.T.);
#2863 = EDGE_LOOP('',(#2864,#2865,#2866,#2867));
#2864 = ORIENTED_EDGE('',*,*,#2506,.T.);
#2865 = ORIENTED_EDGE('',*,*,#2570,.T.);
#2866 = ORIENTED_EDGE('',*,*,#2728,.T.);
#2867 = ORIENTED_EDGE('',*,*,#2851,.F.);
#2868 = PLANE('',#2869);
#2869 = AXIS2_PLACEMENT_3D('',#2870,#2871,#2872);
#2870 = CARTESIAN_POINT('',(60.,-38.,45.));
#2871 = DIRECTION('',(0.,0.,1.));
#2872 = DIRECTION('',(1.,0.,0.));
#2873 = ADVANCED_FACE('',(#2874),#2890,.F.);
#2874 = FACE_BOUND('',#2875,.F.);
#2875 = EDGE_LOOP('',(#2876,#2877,#2883,#2884));
#2876 = ORIENTED_EDGE('',*,*,#2770,.F.);
#2877 = ORIENTED_EDGE('',*,*,#2878,.F.);
#2878 = EDGE_CURVE('',#2599,#2771,#2879,.T.);
#2879 = LINE('',#2880,#2881);
#2880 = CARTESIAN_POINT('',(68.6,-19.4,19.));
#2881 = VECTOR('',#2882,1.);
#2882 = DIRECTION('',(0.,0.,1.));
#2883 = ORIENTED_EDGE('',*,*,#2598,.T.);
#2884 = ORIENTED_EDGE('',*,*,#2885,.T.);
#2885 = EDGE_CURVE('',#2601,#2773,#2886,.T.);
#2886 = LINE('',#2887,#2888);
#2887 = CARTESIAN_POINT('',(68.6,-22.6,19.));
#2888 = VECTOR('',#2889,1.);
#2889 = DIRECTION('',(0.,0.,1.));
#2890 = CYLINDRICAL_SURFACE('',#2891,1.6);
#2891 = AXIS2_PLACEMENT_3D('',#2892,#2893,#2894);
#2892 = CARTESIAN_POINT('',(68.6,-21.,19.));
#2893 = DIRECTION('',(0.,0.,1.));
#2894 = DIRECTION('',(1.,0.,0.));
#2895 = ADVANCED_FACE('',(#2896),#2907,.F.);
#2896 = FACE_BOUND('',#2897,.F.);
#2897 = EDGE_LOOP('',(#2898,#2899,#2900,#2901));
#2898 = ORIENTED_EDGE('',*,*,#2609,.T.);
#2899 = ORIENTED_EDGE('',*,*,#2878,.T.);
#2900 = ORIENTED_EDGE('',*,*,#2781,.F.);
#2901 = ORIENTED_EDGE('',*,*,#2902,.F.);
#2902 = EDGE_CURVE('',#2610,#2782,#2903,.T.);
#2903 = LINE('',#2904,#2905);
#2904 = CARTESIAN_POINT('',(81.4,-19.4,19.));
#2905 = VECTOR('',#2906,1.);
#2906 = DIRECTION('',(0.,0.,1.));
#2907 = PLANE('',#2908);
#2908 = AXIS2_PLACEMENT_3D('',#2909,#2910,#2911);
#2909 = CARTESIAN_POINT('',(68.6,-19.4,19.));
#2910 = DIRECTION('',(0.,1.,0.));
#2911 = DIRECTION('',(0.,0.,1.));
#2912 = ADVANCED_FACE('',(#2913),#2924,.T.);
#2913 = FACE_BOUND('',#2914,.T.);
#2914 = EDGE_LOOP('',(#2915,#2916,#2917,#2918));
#2915 = ORIENTED_EDGE('',*,*,#2626,.T.);
#2916 = ORIENTED_EDGE('',*,*,#2885,.T.);
#2917 = ORIENTED_EDGE('',*,*,#2798,.F.);
#2918 = ORIENTED_EDGE('',*,*,#2919,.F.);
#2919 = EDGE_CURVE('',#2618,#2790,#2920,.T.);
#2920 = LINE('',#2921,#2922);
#2921 = CARTESIAN_POINT('',(81.4,-22.6,19.));
#2922 = VECTOR('',#2923,1.);
#2923 = DIRECTION('',(0.,0.,1.));
#2924 = PLANE('',#2925);
#2925 = AXIS2_PLACEMENT_3D('',#2926,#2927,#2928);
#2926 = CARTESIAN_POINT('',(68.6,-22.6,19.));
#2927 = DIRECTION('',(0.,1.,0.));
#2928 = DIRECTION('',(0.,0.,1.));
#2929 = ADVANCED_FACE('',(#2930),#2936,.F.);
#2930 = FACE_BOUND('',#2931,.F.);
#2931 = EDGE_LOOP('',(#2932,#2933,#2934,#2935));
#2932 = ORIENTED_EDGE('',*,*,#2789,.F.);
#2933 = ORIENTED_EDGE('',*,*,#2919,.F.);
#2934 = ORIENTED_EDGE('',*,*,#2617,.T.);
#2935 = ORIENTED_EDGE('',*,*,#2902,.T.);
#2936 = CYLINDRICAL_SURFACE('',#2937,1.6);
#2937 = AXIS2_PLACEMENT_3D('',#2938,#2939,#2940);
#2938 = CARTESIAN_POINT('',(81.4,-21.,19.));
#2939 = DIRECTION('',(0.,0.,1.));
#2940 = DIRECTION('',(1.,0.,0.));
#2941 = ADVANCED_FACE('',(#2942),#2958,.F.);
#2942 = FACE_BOUND('',#2943,.F.);
#2943 = EDGE_LOOP('',(#2944,#2945,#2951,#2952));
#2944 = ORIENTED_EDGE('',*,*,#2806,.F.);
#2945 = ORIENTED_EDGE('',*,*,#2946,.F.);
#2946 = EDGE_CURVE('',#2635,#2807,#2947,.T.);
#2947 = LINE('',#2948,#2949);
#2948 = CARTESIAN_POINT('',(68.6,22.6,19.));
#2949 = VECTOR('',#2950,1.);
#2950 = DIRECTION('',(0.,0.,1.));
#2951 = ORIENTED_EDGE('',*,*,#2634,.T.);
#2952 = ORIENTED_EDGE('',*,*,#2953,.T.);
#2953 = EDGE_CURVE('',#2637,#2809,#2954,.T.);
#2954 = LINE('',#2955,#2956);
#2955 = CARTESIAN_POINT('',(68.6,19.4,19.));
#2956 = VECTOR('',#2957,1.);
#2957 = DIRECTION('',(0.,0.,1.));
#2958 = CYLINDRICAL_SURFACE('',#2959,1.6);
#2959 = AXIS2_PLACEMENT_3D('',#2960,#2961,#2962);
#2960 = CARTESIAN_POINT('',(68.6,21.,19.));
#2961 = DIRECTION('',(0.,0.,1.));
#2962 = DIRECTION('',(1.,0.,0.));
#2963 = ADVANCED_FACE('',(#2964),#2975,.T.);
#2964 = FACE_BOUND('',#2965,.T.);
#2965 = EDGE_LOOP('',(#2966,#2967,#2968,#2969));
#2966 = ORIENTED_EDGE('',*,*,#2662,.T.);
#2967 = ORIENTED_EDGE('',*,*,#2953,.T.);
#2968 = ORIENTED_EDGE('',*,*,#2834,.F.);
#2969 = ORIENTED_EDGE('',*,*,#2970,.F.);
#2970 = EDGE_CURVE('',#2654,#2826,#2971,.T.);
#2971 = LINE('',#2972,#2973);
#2972 = CARTESIAN_POINT('',(81.4,19.4,19.));
#2973 = VECTOR('',#2974,1.);
#2974 = DIRECTION('',(0.,0.,1.));
#2975 = PLANE('',#2976);
#2976 = AXIS2_PLACEMENT_3D('',#2977,#2978,#2979);
#2977 = CARTESIAN_POINT('',(68.6,19.4,19.));
#2978 = DIRECTION('',(0.,1.,0.));
#2979 = DIRECTION('',(0.,0.,1.));
#2980 = ADVANCED_FACE('',(#2981),#2992,.F.);
#2981 = FACE_BOUND('',#2982,.F.);
#2982 = EDGE_LOOP('',(#2983,#2984,#2985,#2986));
#2983 = ORIENTED_EDGE('',*,*,#2825,.F.);
#2984 = ORIENTED_EDGE('',*,*,#2970,.F.);
#2985 = ORIENTED_EDGE('',*,*,#2653,.T.);
#2986 = ORIENTED_EDGE('',*,*,#2987,.T.);
#2987 = EDGE_CURVE('',#2646,#2818,#2988,.T.);
#2988 = LINE('',#2989,#2990);
#2989 = CARTESIAN_POINT('',(81.4,22.6,19.));
#2990 = VECTOR('',#2991,1.);
#2991 = DIRECTION('',(0.,0.,1.));
#2992 = CYLINDRICAL_SURFACE('',#2993,1.6);
#2993 = AXIS2_PLACEMENT_3D('',#2994,#2995,#2996);
#2994 = CARTESIAN_POINT('',(81.4,21.,19.));
#2995 = DIRECTION('',(0.,0.,1.));
#2996 = DIRECTION('',(1.,0.,0.));
#2997 = ADVANCED_FACE('',(#2998),#3004,.F.);
#2998 = FACE_BOUND('',#2999,.F.);
#2999 = EDGE_LOOP('',(#3000,#3001,#3002,#3003));
#3000 = ORIENTED_EDGE('',*,*,#2645,.T.);
#3001 = ORIENTED_EDGE('',*,*,#2946,.T.);
#3002 = ORIENTED_EDGE('',*,*,#2817,.F.);
#3003 = ORIENTED_EDGE('',*,*,#2987,.F.);
#3004 = PLANE('',#3005);
#3005 = AXIS2_PLACEMENT_3D('',#3006,#3007,#3008);
#3006 = CARTESIAN_POINT('',(68.6,22.6,19.));
#3007 = DIRECTION('',(0.,1.,0.));
#3008 = DIRECTION('',(0.,0.,1.));
#3009 = MANIFOLD_SOLID_BREP('',#3010);
#3010 = CLOSED_SHELL('',(#3011,#3195,#3226,#3250,#3274,#3291,#3323,#3347
    ,#3371,#3389,#3421,#3445,#3469,#3487,#3519,#3543,#3567,#3585,#3617,
    #3641,#3666,#3683,#3729,#3793,#3815,#3832,#3849));
#3011 = ADVANCED_FACE('',(#3012,#3046,#3082,#3118,#3154),#3190,.F.);
#3012 = FACE_BOUND('',#3013,.F.);
#3013 = EDGE_LOOP('',(#3014,#3024,#3032,#3040));
#3014 = ORIENTED_EDGE('',*,*,#3015,.F.);
#3015 = EDGE_CURVE('',#3016,#3018,#3020,.T.);
#3016 = VERTEX_POINT('',#3017);
#3017 = CARTESIAN_POINT('',(-53.,-33.,46.));
#3018 = VERTEX_POINT('',#3019);
#3019 = CARTESIAN_POINT('',(-53.,33.,46.));
#3020 = LINE('',#3021,#3022);
#3021 = CARTESIAN_POINT('',(-53.,-33.,46.));
#3022 = VECTOR('',#3023,1.);
#3023 = DIRECTION('',(0.,1.,0.));
#3024 = ORIENTED_EDGE('',*,*,#3025,.T.);
#3025 = EDGE_CURVE('',#3016,#3026,#3028,.T.);
#3026 = VERTEX_POINT('',#3027);
#3027 = CARTESIAN_POINT('',(53.,-33.,46.));
#3028 = LINE('',#3029,#3030);
#3029 = CARTESIAN_POINT('',(-53.,-33.,46.));
#3030 = VECTOR('',#3031,1.);
#3031 = DIRECTION('',(1.,0.,0.));
#3032 = ORIENTED_EDGE('',*,*,#3033,.T.);
#3033 = EDGE_CURVE('',#3026,#3034,#3036,.T.);
#3034 = VERTEX_POINT('',#3035);
#3035 = CARTESIAN_POINT('',(53.,33.,46.));
#3036 = LINE('',#3037,#3038);
#3037 = CARTESIAN_POINT('',(53.,-33.,46.));
#3038 = VECTOR('',#3039,1.);
#3039 = DIRECTION('',(0.,1.,0.));
#3040 = ORIENTED_EDGE('',*,*,#3041,.F.);
#3041 = EDGE_CURVE('',#3018,#3034,#3042,.T.);
#3042 = LINE('',#3043,#3044);
#3043 = CARTESIAN_POINT('',(-53.,33.,46.));
#3044 = VECTOR('',#3045,1.);
#3045 = DIRECTION('',(1.,0.,0.));
#3046 = FACE_BOUND('',#3047,.F.);
#3047 = EDGE_LOOP('',(#3048,#3059,#3067,#3076));
#3048 = ORIENTED_EDGE('',*,*,#3049,.F.);
#3049 = EDGE_CURVE('',#3050,#3052,#3054,.T.);
#3050 = VERTEX_POINT('',#3051);
#3051 = CARTESIAN_POINT('',(-41.,-18.,46.));
#3052 = VERTEX_POINT('',#3053);
#3053 = CARTESIAN_POINT('',(-41.,-22.,46.));
#3054 = CIRCLE('',#3055,2.);
#3055 = AXIS2_PLACEMENT_3D('',#3056,#3057,#3058);
#3056 = CARTESIAN_POINT('',(-41.,-20.,46.));
#3057 = DIRECTION('',(0.,0.,1.));
#3058 = DIRECTION('',(1.,0.,0.));
#3059 = ORIENTED_EDGE('',*,*,#3060,.F.);
#3060 = EDGE_CURVE('',#3061,#3050,#3063,.T.);
#3061 = VERTEX_POINT('',#3062);
#3062 = CARTESIAN_POINT('',(-27.,-18.,46.));
#3063 = LINE('',#3064,#3065);
#3064 = CARTESIAN_POINT('',(-47.,-18.,46.));
#3065 = VECTOR('',#3066,1.);
#3066 = DIRECTION('',(-1.,0.,0.));
#3067 = ORIENTED_EDGE('',*,*,#3068,.F.);
#3068 = EDGE_CURVE('',#3069,#3061,#3071,.T.);
#3069 = VERTEX_POINT('',#3070);
#3070 = CARTESIAN_POINT('',(-27.,-22.,46.));
#3071 = CIRCLE('',#3072,2.);
#3072 = AXIS2_PLACEMENT_3D('',#3073,#3074,#3075);
#3073 = CARTESIAN_POINT('',(-27.,-20.,46.));
#3074 = DIRECTION('',(0.,0.,1.));
#3075 = DIRECTION('',(1.,0.,0.));
#3076 = ORIENTED_EDGE('',*,*,#3077,.T.);
#3077 = EDGE_CURVE('',#3069,#3052,#3078,.T.);
#3078 = LINE('',#3079,#3080);
#3079 = CARTESIAN_POINT('',(-47.,-22.,46.));
#3080 = VECTOR('',#3081,1.);
#3081 = DIRECTION('',(-1.,0.,0.));
#3082 = FACE_BOUND('',#3083,.F.);
#3083 = EDGE_LOOP('',(#3084,#3095,#3103,#3112));
#3084 = ORIENTED_EDGE('',*,*,#3085,.F.);
#3085 = EDGE_CURVE('',#3086,#3088,#3090,.T.);
#3086 = VERTEX_POINT('',#3087);
#3087 = CARTESIAN_POINT('',(27.,-18.,46.));
#3088 = VERTEX_POINT('',#3089);
#3089 = CARTESIAN_POINT('',(27.,-22.,46.));
#3090 = CIRCLE('',#3091,2.);
#3091 = AXIS2_PLACEMENT_3D('',#3092,#3093,#3094);
#3092 = CARTESIAN_POINT('',(27.,-20.,46.));
#3093 = DIRECTION('',(0.,0.,1.));
#3094 = DIRECTION('',(1.,0.,0.));
#3095 = ORIENTED_EDGE('',*,*,#3096,.F.);
#3096 = EDGE_CURVE('',#3097,#3086,#3099,.T.);
#3097 = VERTEX_POINT('',#3098);
#3098 = CARTESIAN_POINT('',(41.,-18.,46.));
#3099 = LINE('',#3100,#3101);
#3100 = CARTESIAN_POINT('',(-13.,-18.,46.));
#3101 = VECTOR('',#3102,1.);
#3102 = DIRECTION('',(-1.,0.,0.));
#3103 = ORIENTED_EDGE('',*,*,#3104,.F.);
#3104 = EDGE_CURVE('',#3105,#3097,#3107,.T.);
#3105 = VERTEX_POINT('',#3106);
#3106 = CARTESIAN_POINT('',(41.,-22.,46.));
#3107 = CIRCLE('',#3108,2.);
#3108 = AXIS2_PLACEMENT_3D('',#3109,#3110,#3111);
#3109 = CARTESIAN_POINT('',(41.,-20.,46.));
#3110 = DIRECTION('',(0.,0.,1.));
#3111 = DIRECTION('',(1.,0.,0.));
#3112 = ORIENTED_EDGE('',*,*,#3113,.T.);
#3113 = EDGE_CURVE('',#3105,#3088,#3114,.T.);
#3114 = LINE('',#3115,#3116);
#3115 = CARTESIAN_POINT('',(-13.,-22.,46.));
#3116 = VECTOR('',#3117,1.);
#3117 = DIRECTION('',(-1.,0.,0.));
#3118 = FACE_BOUND('',#3119,.F.);
#3119 = EDGE_LOOP('',(#3120,#3131,#3139,#3148));
#3120 = ORIENTED_EDGE('',*,*,#3121,.F.);
#3121 = EDGE_CURVE('',#3122,#3124,#3126,.T.);
#3122 = VERTEX_POINT('',#3123);
#3123 = CARTESIAN_POINT('',(-41.,22.,46.));
#3124 = VERTEX_POINT('',#3125);
#3125 = CARTESIAN_POINT('',(-41.,18.,46.));
#3126 = CIRCLE('',#3127,2.);
#3127 = AXIS2_PLACEMENT_3D('',#3128,#3129,#3130);
#3128 = CARTESIAN_POINT('',(-41.,20.,46.));
#3129 = DIRECTION('',(0.,0.,1.));
#3130 = DIRECTION('',(1.,0.,0.));
#3131 = ORIENTED_EDGE('',*,*,#3132,.F.);
#3132 = EDGE_CURVE('',#3133,#3122,#3135,.T.);
#3133 = VERTEX_POINT('',#3134);
#3134 = CARTESIAN_POINT('',(-27.,22.,46.));
#3135 = LINE('',#3136,#3137);
#3136 = CARTESIAN_POINT('',(-47.,22.,46.));
#3137 = VECTOR('',#3138,1.);
#3138 = DIRECTION('',(-1.,0.,0.));
#3139 = ORIENTED_EDGE('',*,*,#3140,.F.);
#3140 = EDGE_CURVE('',#3141,#3133,#3143,.T.);
#3141 = VERTEX_POINT('',#3142);
#3142 = CARTESIAN_POINT('',(-27.,18.,46.));
#3143 = CIRCLE('',#3144,2.);
#3144 = AXIS2_PLACEMENT_3D('',#3145,#3146,#3147);
#3145 = CARTESIAN_POINT('',(-27.,20.,46.));
#3146 = DIRECTION('',(0.,0.,1.));
#3147 = DIRECTION('',(1.,0.,0.));
#3148 = ORIENTED_EDGE('',*,*,#3149,.T.);
#3149 = EDGE_CURVE('',#3141,#3124,#3150,.T.);
#3150 = LINE('',#3151,#3152);
#3151 = CARTESIAN_POINT('',(-47.,18.,46.));
#3152 = VECTOR('',#3153,1.);
#3153 = DIRECTION('',(-1.,0.,0.));
#3154 = FACE_BOUND('',#3155,.F.);
#3155 = EDGE_LOOP('',(#3156,#3167,#3175,#3184));
#3156 = ORIENTED_EDGE('',*,*,#3157,.F.);
#3157 = EDGE_CURVE('',#3158,#3160,#3162,.T.);
#3158 = VERTEX_POINT('',#3159);
#3159 = CARTESIAN_POINT('',(27.,22.,46.));
#3160 = VERTEX_POINT('',#3161);
#3161 = CARTESIAN_POINT('',(27.,18.,46.));
#3162 = CIRCLE('',#3163,2.);
#3163 = AXIS2_PLACEMENT_3D('',#3164,#3165,#3166);
#3164 = CARTESIAN_POINT('',(27.,20.,46.));
#3165 = DIRECTION('',(0.,0.,1.));
#3166 = DIRECTION('',(1.,0.,0.));
#3167 = ORIENTED_EDGE('',*,*,#3168,.F.);
#3168 = EDGE_CURVE('',#3169,#3158,#3171,.T.);
#3169 = VERTEX_POINT('',#3170);
#3170 = CARTESIAN_POINT('',(41.,22.,46.));
#3171 = LINE('',#3172,#3173);
#3172 = CARTESIAN_POINT('',(-13.,22.,46.));
#3173 = VECTOR('',#3174,1.);
#3174 = DIRECTION('',(-1.,0.,0.));
#3175 = ORIENTED_EDGE('',*,*,#3176,.F.);
#3176 = EDGE_CURVE('',#3177,#3169,#3179,.T.);
#3177 = VERTEX_POINT('',#3178);
#3178 = CARTESIAN_POINT('',(41.,18.,46.));
#3179 = CIRCLE('',#3180,2.);
#3180 = AXIS2_PLACEMENT_3D('',#3181,#3182,#3183);
#3181 = CARTESIAN_POINT('',(41.,20.,46.));
#3182 = DIRECTION('',(0.,0.,1.));
#3183 = DIRECTION('',(1.,0.,0.));
#3184 = ORIENTED_EDGE('',*,*,#3185,.T.);
#3185 = EDGE_CURVE('',#3177,#3160,#3186,.T.);
#3186 = LINE('',#3187,#3188);
#3187 = CARTESIAN_POINT('',(-13.,18.,46.));
#3188 = VECTOR('',#3189,1.);
#3189 = DIRECTION('',(-1.,0.,0.));
#3190 = PLANE('',#3191);
#3191 = AXIS2_PLACEMENT_3D('',#3192,#3193,#3194);
#3192 = CARTESIAN_POINT('',(-53.,-33.,46.));
#3193 = DIRECTION('',(0.,0.,1.));
#3194 = DIRECTION('',(1.,0.,0.));
#3195 = ADVANCED_FACE('',(#3196),#3221,.T.);
#3196 = FACE_BOUND('',#3197,.T.);
#3197 = EDGE_LOOP('',(#3198,#3206,#3214,#3220));
#3198 = ORIENTED_EDGE('',*,*,#3199,.T.);
#3199 = EDGE_CURVE('',#3016,#3200,#3202,.T.);
#3200 = VERTEX_POINT('',#3201);
#3201 = CARTESIAN_POINT('',(-53.,-33.,61.));
#3202 = LINE('',#3203,#3204);
#3203 = CARTESIAN_POINT('',(-53.,-33.,46.));
#3204 = VECTOR('',#3205,1.);
#3205 = DIRECTION('',(0.,0.,1.));
#3206 = ORIENTED_EDGE('',*,*,#3207,.T.);
#3207 = EDGE_CURVE('',#3200,#3208,#3210,.T.);
#3208 = VERTEX_POINT('',#3209);
#3209 = CARTESIAN_POINT('',(-53.,33.,61.));
#3210 = LINE('',#3211,#3212);
#3211 = CARTESIAN_POINT('',(-53.,-33.,61.));
#3212 = VECTOR('',#3213,1.);
#3213 = DIRECTION('',(0.,1.,0.));
#3214 = ORIENTED_EDGE('',*,*,#3215,.F.);
#3215 = EDGE_CURVE('',#3018,#3208,#3216,.T.);
#3216 = LINE('',#3217,#3218);
#3217 = CARTESIAN_POINT('',(-53.,33.,49.));
#3218 = VECTOR('',#3219,1.);
#3219 = DIRECTION('',(0.,0.,1.));
#3220 = ORIENTED_EDGE('',*,*,#3015,.F.);
#3221 = PLANE('',#3222);
#3222 = AXIS2_PLACEMENT_3D('',#3223,#3224,#3225);
#3223 = CARTESIAN_POINT('',(-53.,0.,53.5));
#3224 = DIRECTION('',(-1.,-0.,-0.));
#3225 = DIRECTION('',(0.,0.,-1.));
#3226 = ADVANCED_FACE('',(#3227),#3245,.T.);
#3227 = FACE_BOUND('',#3228,.T.);
#3228 = EDGE_LOOP('',(#3229,#3230,#3231,#3239));
#3229 = ORIENTED_EDGE('',*,*,#3041,.F.);
#3230 = ORIENTED_EDGE('',*,*,#3215,.T.);
#3231 = ORIENTED_EDGE('',*,*,#3232,.T.);
#3232 = EDGE_CURVE('',#3208,#3233,#3235,.T.);
#3233 = VERTEX_POINT('',#3234);
#3234 = CARTESIAN_POINT('',(53.,33.,61.));
#3235 = LINE('',#3236,#3237);
#3236 = CARTESIAN_POINT('',(-53.,33.,61.));
#3237 = VECTOR('',#3238,1.);
#3238 = DIRECTION('',(1.,0.,0.));
#3239 = ORIENTED_EDGE('',*,*,#3240,.F.);
#3240 = EDGE_CURVE('',#3034,#3233,#3241,.T.);
#3241 = LINE('',#3242,#3243);
#3242 = CARTESIAN_POINT('',(53.,33.,49.));
#3243 = VECTOR('',#3244,1.);
#3244 = DIRECTION('',(0.,0.,1.));
#3245 = PLANE('',#3246);
#3246 = AXIS2_PLACEMENT_3D('',#3247,#3248,#3249);
#3247 = CARTESIAN_POINT('',(0.,33.,53.5));
#3248 = DIRECTION('',(0.,1.,0.));
#3249 = DIRECTION('',(0.,0.,1.));
#3250 = ADVANCED_FACE('',(#3251),#3269,.T.);
#3251 = FACE_BOUND('',#3252,.T.);
#3252 = EDGE_LOOP('',(#3253,#3254,#3262,#3268));
#3253 = ORIENTED_EDGE('',*,*,#3025,.T.);
#3254 = ORIENTED_EDGE('',*,*,#3255,.T.);
#3255 = EDGE_CURVE('',#3026,#3256,#3258,.T.);
#3256 = VERTEX_POINT('',#3257);
#3257 = CARTESIAN_POINT('',(53.,-33.,61.));
#3258 = LINE('',#3259,#3260);
#3259 = CARTESIAN_POINT('',(53.,-33.,46.));
#3260 = VECTOR('',#3261,1.);
#3261 = DIRECTION('',(0.,0.,1.));
#3262 = ORIENTED_EDGE('',*,*,#3263,.F.);
#3263 = EDGE_CURVE('',#3200,#3256,#3264,.T.);
#3264 = LINE('',#3265,#3266);
#3265 = CARTESIAN_POINT('',(50.,-33.,61.));
#3266 = VECTOR('',#3267,1.);
#3267 = DIRECTION('',(1.,0.,0.));
#3268 = ORIENTED_EDGE('',*,*,#3199,.F.);
#3269 = PLANE('',#3270);
#3270 = AXIS2_PLACEMENT_3D('',#3271,#3272,#3273);
#3271 = CARTESIAN_POINT('',(0.,-33.,53.5));
#3272 = DIRECTION('',(-0.,-1.,-0.));
#3273 = DIRECTION('',(0.,0.,-1.));
#3274 = ADVANCED_FACE('',(#3275),#3286,.T.);
#3275 = FACE_BOUND('',#3276,.T.);
#3276 = EDGE_LOOP('',(#3277,#3278,#3279,#3280));
#3277 = ORIENTED_EDGE('',*,*,#3255,.F.);
#3278 = ORIENTED_EDGE('',*,*,#3033,.T.);
#3279 = ORIENTED_EDGE('',*,*,#3240,.T.);
#3280 = ORIENTED_EDGE('',*,*,#3281,.F.);
#3281 = EDGE_CURVE('',#3256,#3233,#3282,.T.);
#3282 = LINE('',#3283,#3284);
#3283 = CARTESIAN_POINT('',(53.,-33.,61.));
#3284 = VECTOR('',#3285,1.);
#3285 = DIRECTION('',(0.,1.,0.));
#3286 = PLANE('',#3287);
#3287 = AXIS2_PLACEMENT_3D('',#3288,#3289,#3290);
#3288 = CARTESIAN_POINT('',(53.,0.,53.5));
#3289 = DIRECTION('',(1.,0.,0.));
#3290 = DIRECTION('',(0.,0.,1.));
#3291 = ADVANCED_FACE('',(#3292),#3318,.F.);
#3292 = FACE_BOUND('',#3293,.F.);
#3293 = EDGE_LOOP('',(#3294,#3305,#3311,#3312));
#3294 = ORIENTED_EDGE('',*,*,#3295,.F.);
#3295 = EDGE_CURVE('',#3296,#3298,#3300,.T.);
#3296 = VERTEX_POINT('',#3297);
#3297 = CARTESIAN_POINT('',(-41.,-18.,49.));
#3298 = VERTEX_POINT('',#3299);
#3299 = CARTESIAN_POINT('',(-41.,-22.,49.));
#3300 = CIRCLE('',#3301,2.);
#3301 = AXIS2_PLACEMENT_3D('',#3302,#3303,#3304);
#3302 = CARTESIAN_POINT('',(-41.,-20.,49.));
#3303 = DIRECTION('',(0.,0.,1.));
#3304 = DIRECTION('',(1.,0.,0.));
#3305 = ORIENTED_EDGE('',*,*,#3306,.F.);
#3306 = EDGE_CURVE('',#3050,#3296,#3307,.T.);
#3307 = LINE('',#3308,#3309);
#3308 = CARTESIAN_POINT('',(-41.,-18.,45.));
#3309 = VECTOR('',#3310,1.);
#3310 = DIRECTION('',(0.,0.,1.));
#3311 = ORIENTED_EDGE('',*,*,#3049,.T.);
#3312 = ORIENTED_EDGE('',*,*,#3313,.T.);
#3313 = EDGE_CURVE('',#3052,#3298,#3314,.T.);
#3314 = LINE('',#3315,#3316);
#3315 = CARTESIAN_POINT('',(-41.,-22.,45.));
#3316 = VECTOR('',#3317,1.);
#3317 = DIRECTION('',(0.,0.,1.));
#3318 = CYLINDRICAL_SURFACE('',#3319,2.);
#3319 = AXIS2_PLACEMENT_3D('',#3320,#3321,#3322);
#3320 = CARTESIAN_POINT('',(-41.,-20.,45.));
#3321 = DIRECTION('',(0.,0.,1.));
#3322 = DIRECTION('',(1.,0.,0.));
#3323 = ADVANCED_FACE('',(#3324),#3342,.F.);
#3324 = FACE_BOUND('',#3325,.F.);
#3325 = EDGE_LOOP('',(#3326,#3327,#3328,#3336));
#3326 = ORIENTED_EDGE('',*,*,#3060,.T.);
#3327 = ORIENTED_EDGE('',*,*,#3306,.T.);
#3328 = ORIENTED_EDGE('',*,*,#3329,.F.);
#3329 = EDGE_CURVE('',#3330,#3296,#3332,.T.);
#3330 = VERTEX_POINT('',#3331);
#3331 = CARTESIAN_POINT('',(-27.,-18.,49.));
#3332 = LINE('',#3333,#3334);
#3333 = CARTESIAN_POINT('',(-47.,-18.,49.));
#3334 = VECTOR('',#3335,1.);
#3335 = DIRECTION('',(-1.,0.,0.));
#3336 = ORIENTED_EDGE('',*,*,#3337,.F.);
#3337 = EDGE_CURVE('',#3061,#3330,#3338,.T.);
#3338 = LINE('',#3339,#3340);
#3339 = CARTESIAN_POINT('',(-27.,-18.,45.));
#3340 = VECTOR('',#3341,1.);
#3341 = DIRECTION('',(0.,0.,1.));
#3342 = PLANE('',#3343);
#3343 = AXIS2_PLACEMENT_3D('',#3344,#3345,#3346);
#3344 = CARTESIAN_POINT('',(-41.,-18.,45.));
#3345 = DIRECTION('',(0.,1.,0.));
#3346 = DIRECTION('',(0.,0.,1.));
#3347 = ADVANCED_FACE('',(#3348),#3366,.T.);
#3348 = FACE_BOUND('',#3349,.T.);
#3349 = EDGE_LOOP('',(#3350,#3351,#3352,#3360));
#3350 = ORIENTED_EDGE('',*,*,#3077,.T.);
#3351 = ORIENTED_EDGE('',*,*,#3313,.T.);
#3352 = ORIENTED_EDGE('',*,*,#3353,.F.);
#3353 = EDGE_CURVE('',#3354,#3298,#3356,.T.);
#3354 = VERTEX_POINT('',#3355);
#3355 = CARTESIAN_POINT('',(-27.,-22.,49.));
#3356 = LINE('',#3357,#3358);
#3357 = CARTESIAN_POINT('',(-47.,-22.,49.));
#3358 = VECTOR('',#3359,1.);
#3359 = DIRECTION('',(-1.,0.,0.));
#3360 = ORIENTED_EDGE('',*,*,#3361,.F.);
#3361 = EDGE_CURVE('',#3069,#3354,#3362,.T.);
#3362 = LINE('',#3363,#3364);
#3363 = CARTESIAN_POINT('',(-27.,-22.,45.));
#3364 = VECTOR('',#3365,1.);
#3365 = DIRECTION('',(0.,0.,1.));
#3366 = PLANE('',#3367);
#3367 = AXIS2_PLACEMENT_3D('',#3368,#3369,#3370);
#3368 = CARTESIAN_POINT('',(-41.,-22.,45.));
#3369 = DIRECTION('',(0.,1.,0.));
#3370 = DIRECTION('',(0.,0.,1.));
#3371 = ADVANCED_FACE('',(#3372),#3384,.F.);
#3372 = FACE_BOUND('',#3373,.F.);
#3373 = EDGE_LOOP('',(#3374,#3381,#3382,#3383));
#3374 = ORIENTED_EDGE('',*,*,#3375,.F.);
#3375 = EDGE_CURVE('',#3354,#3330,#3376,.T.);
#3376 = CIRCLE('',#3377,2.);
#3377 = AXIS2_PLACEMENT_3D('',#3378,#3379,#3380);
#3378 = CARTESIAN_POINT('',(-27.,-20.,49.));
#3379 = DIRECTION('',(0.,0.,1.));
#3380 = DIRECTION('',(1.,0.,0.));
#3381 = ORIENTED_EDGE('',*,*,#3361,.F.);
#3382 = ORIENTED_EDGE('',*,*,#3068,.T.);
#3383 = ORIENTED_EDGE('',*,*,#3337,.T.);
#3384 = CYLINDRICAL_SURFACE('',#3385,2.);
#3385 = AXIS2_PLACEMENT_3D('',#3386,#3387,#3388);
#3386 = CARTESIAN_POINT('',(-27.,-20.,45.));
#3387 = DIRECTION('',(0.,0.,1.));
#3388 = DIRECTION('',(1.,0.,0.));
#3389 = ADVANCED_FACE('',(#3390),#3416,.F.);
#3390 = FACE_BOUND('',#3391,.F.);
#3391 = EDGE_LOOP('',(#3392,#3403,#3409,#3410));
#3392 = ORIENTED_EDGE('',*,*,#3393,.F.);
#3393 = EDGE_CURVE('',#3394,#3396,#3398,.T.);
#3394 = VERTEX_POINT('',#3395);
#3395 = CARTESIAN_POINT('',(27.,-18.,49.));
#3396 = VERTEX_POINT('',#3397);
#3397 = CARTESIAN_POINT('',(27.,-22.,49.));
#3398 = CIRCLE('',#3399,2.);
#3399 = AXIS2_PLACEMENT_3D('',#3400,#3401,#3402);
#3400 = CARTESIAN_POINT('',(27.,-20.,49.));
#3401 = DIRECTION('',(0.,0.,1.));
#3402 = DIRECTION('',(1.,0.,0.));
#3403 = ORIENTED_EDGE('',*,*,#3404,.F.);
#3404 = EDGE_CURVE('',#3086,#3394,#3405,.T.);
#3405 = LINE('',#3406,#3407);
#3406 = CARTESIAN_POINT('',(27.,-18.,45.));
#3407 = VECTOR('',#3408,1.);
#3408 = DIRECTION('',(0.,0.,1.));
#3409 = ORIENTED_EDGE('',*,*,#3085,.T.);
#3410 = ORIENTED_EDGE('',*,*,#3411,.T.);
#3411 = EDGE_CURVE('',#3088,#3396,#3412,.T.);
#3412 = LINE('',#3413,#3414);
#3413 = CARTESIAN_POINT('',(27.,-22.,45.));
#3414 = VECTOR('',#3415,1.);
#3415 = DIRECTION('',(0.,0.,1.));
#3416 = CYLINDRICAL_SURFACE('',#3417,2.);
#3417 = AXIS2_PLACEMENT_3D('',#3418,#3419,#3420);
#3418 = CARTESIAN_POINT('',(27.,-20.,45.));
#3419 = DIRECTION('',(0.,0.,1.));
#3420 = DIRECTION('',(1.,0.,0.));
#3421 = ADVANCED_FACE('',(#3422),#3440,.F.);
#3422 = FACE_BOUND('',#3423,.F.);
#3423 = EDGE_LOOP('',(#3424,#3425,#3426,#3434));
#3424 = ORIENTED_EDGE('',*,*,#3096,.T.);
#3425 = ORIENTED_EDGE('',*,*,#3404,.T.);
#3426 = ORIENTED_EDGE('',*,*,#3427,.F.);
#3427 = EDGE_CURVE('',#3428,#3394,#3430,.T.);
#3428 = VERTEX_POINT('',#3429);
#3429 = CARTESIAN_POINT('',(41.,-18.,49.));
#3430 = LINE('',#3431,#3432);
#3431 = CARTESIAN_POINT('',(-13.,-18.,49.));
#3432 = VECTOR('',#3433,1.);
#3433 = DIRECTION('',(-1.,0.,0.));
#3434 = ORIENTED_EDGE('',*,*,#3435,.F.);
#3435 = EDGE_CURVE('',#3097,#3428,#3436,.T.);
#3436 = LINE('',#3437,#3438);
#3437 = CARTESIAN_POINT('',(41.,-18.,45.));
#3438 = VECTOR('',#3439,1.);
#3439 = DIRECTION('',(0.,0.,1.));
#3440 = PLANE('',#3441);
#3441 = AXIS2_PLACEMENT_3D('',#3442,#3443,#3444);
#3442 = CARTESIAN_POINT('',(27.,-18.,45.));
#3443 = DIRECTION('',(0.,1.,0.));
#3444 = DIRECTION('',(0.,0.,1.));
#3445 = ADVANCED_FACE('',(#3446),#3464,.T.);
#3446 = FACE_BOUND('',#3447,.T.);
#3447 = EDGE_LOOP('',(#3448,#3449,#3450,#3458));
#3448 = ORIENTED_EDGE('',*,*,#3113,.T.);
#3449 = ORIENTED_EDGE('',*,*,#3411,.T.);
#3450 = ORIENTED_EDGE('',*,*,#3451,.F.);
#3451 = EDGE_CURVE('',#3452,#3396,#3454,.T.);
#3452 = VERTEX_POINT('',#3453);
#3453 = CARTESIAN_POINT('',(41.,-22.,49.));
#3454 = LINE('',#3455,#3456);
#3455 = CARTESIAN_POINT('',(-13.,-22.,49.));
#3456 = VECTOR('',#3457,1.);
#3457 = DIRECTION('',(-1.,0.,0.));
#3458 = ORIENTED_EDGE('',*,*,#3459,.F.);
#3459 = EDGE_CURVE('',#3105,#3452,#3460,.T.);
#3460 = LINE('',#3461,#3462);
#3461 = CARTESIAN_POINT('',(41.,-22.,45.));
#3462 = VECTOR('',#3463,1.);
#3463 = DIRECTION('',(0.,0.,1.));
#3464 = PLANE('',#3465);
#3465 = AXIS2_PLACEMENT_3D('',#3466,#3467,#3468);
#3466 = CARTESIAN_POINT('',(27.,-22.,45.));
#3467 = DIRECTION('',(0.,1.,0.));
#3468 = DIRECTION('',(0.,0.,1.));
#3469 = ADVANCED_FACE('',(#3470),#3482,.F.);
#3470 = FACE_BOUND('',#3471,.F.);
#3471 = EDGE_LOOP('',(#3472,#3479,#3480,#3481));
#3472 = ORIENTED_EDGE('',*,*,#3473,.F.);
#3473 = EDGE_CURVE('',#3452,#3428,#3474,.T.);
#3474 = CIRCLE('',#3475,2.);
#3475 = AXIS2_PLACEMENT_3D('',#3476,#3477,#3478);
#3476 = CARTESIAN_POINT('',(41.,-20.,49.));
#3477 = DIRECTION('',(0.,0.,1.));
#3478 = DIRECTION('',(1.,0.,0.));
#3479 = ORIENTED_EDGE('',*,*,#3459,.F.);
#3480 = ORIENTED_EDGE('',*,*,#3104,.T.);
#3481 = ORIENTED_EDGE('',*,*,#3435,.T.);
#3482 = CYLINDRICAL_SURFACE('',#3483,2.);
#3483 = AXIS2_PLACEMENT_3D('',#3484,#3485,#3486);
#3484 = CARTESIAN_POINT('',(41.,-20.,45.));
#3485 = DIRECTION('',(0.,0.,1.));
#3486 = DIRECTION('',(1.,0.,0.));
#3487 = ADVANCED_FACE('',(#3488),#3514,.F.);
#3488 = FACE_BOUND('',#3489,.F.);
#3489 = EDGE_LOOP('',(#3490,#3501,#3507,#3508));
#3490 = ORIENTED_EDGE('',*,*,#3491,.F.);
#3491 = EDGE_CURVE('',#3492,#3494,#3496,.T.);
#3492 = VERTEX_POINT('',#3493);
#3493 = CARTESIAN_POINT('',(-41.,22.,49.));
#3494 = VERTEX_POINT('',#3495);
#3495 = CARTESIAN_POINT('',(-41.,18.,49.));
#3496 = CIRCLE('',#3497,2.);
#3497 = AXIS2_PLACEMENT_3D('',#3498,#3499,#3500);
#3498 = CARTESIAN_POINT('',(-41.,20.,49.));
#3499 = DIRECTION('',(0.,0.,1.));
#3500 = DIRECTION('',(1.,0.,0.));
#3501 = ORIENTED_EDGE('',*,*,#3502,.F.);
#3502 = EDGE_CURVE('',#3122,#3492,#3503,.T.);
#3503 = LINE('',#3504,#3505);
#3504 = CARTESIAN_POINT('',(-41.,22.,45.));
#3505 = VECTOR('',#3506,1.);
#3506 = DIRECTION('',(0.,0.,1.));
#3507 = ORIENTED_EDGE('',*,*,#3121,.T.);
#3508 = ORIENTED_EDGE('',*,*,#3509,.T.);
#3509 = EDGE_CURVE('',#3124,#3494,#3510,.T.);
#3510 = LINE('',#3511,#3512);
#3511 = CARTESIAN_POINT('',(-41.,18.,45.));
#3512 = VECTOR('',#3513,1.);
#3513 = DIRECTION('',(0.,0.,1.));
#3514 = CYLINDRICAL_SURFACE('',#3515,2.);
#3515 = AXIS2_PLACEMENT_3D('',#3516,#3517,#3518);
#3516 = CARTESIAN_POINT('',(-41.,20.,45.));
#3517 = DIRECTION('',(0.,0.,1.));
#3518 = DIRECTION('',(1.,0.,0.));
#3519 = ADVANCED_FACE('',(#3520),#3538,.F.);
#3520 = FACE_BOUND('',#3521,.F.);
#3521 = EDGE_LOOP('',(#3522,#3523,#3524,#3532));
#3522 = ORIENTED_EDGE('',*,*,#3132,.T.);
#3523 = ORIENTED_EDGE('',*,*,#3502,.T.);
#3524 = ORIENTED_EDGE('',*,*,#3525,.F.);
#3525 = EDGE_CURVE('',#3526,#3492,#3528,.T.);
#3526 = VERTEX_POINT('',#3527);
#3527 = CARTESIAN_POINT('',(-27.,22.,49.));
#3528 = LINE('',#3529,#3530);
#3529 = CARTESIAN_POINT('',(-47.,22.,49.));
#3530 = VECTOR('',#3531,1.);
#3531 = DIRECTION('',(-1.,0.,0.));
#3532 = ORIENTED_EDGE('',*,*,#3533,.F.);
#3533 = EDGE_CURVE('',#3133,#3526,#3534,.T.);
#3534 = LINE('',#3535,#3536);
#3535 = CARTESIAN_POINT('',(-27.,22.,45.));
#3536 = VECTOR('',#3537,1.);
#3537 = DIRECTION('',(0.,0.,1.));
#3538 = PLANE('',#3539);
#3539 = AXIS2_PLACEMENT_3D('',#3540,#3541,#3542);
#3540 = CARTESIAN_POINT('',(-41.,22.,45.));
#3541 = DIRECTION('',(0.,1.,0.));
#3542 = DIRECTION('',(0.,0.,1.));
#3543 = ADVANCED_FACE('',(#3544),#3562,.T.);
#3544 = FACE_BOUND('',#3545,.T.);
#3545 = EDGE_LOOP('',(#3546,#3547,#3548,#3556));
#3546 = ORIENTED_EDGE('',*,*,#3149,.T.);
#3547 = ORIENTED_EDGE('',*,*,#3509,.T.);
#3548 = ORIENTED_EDGE('',*,*,#3549,.F.);
#3549 = EDGE_CURVE('',#3550,#3494,#3552,.T.);
#3550 = VERTEX_POINT('',#3551);
#3551 = CARTESIAN_POINT('',(-27.,18.,49.));
#3552 = LINE('',#3553,#3554);
#3553 = CARTESIAN_POINT('',(-47.,18.,49.));
#3554 = VECTOR('',#3555,1.);
#3555 = DIRECTION('',(-1.,0.,0.));
#3556 = ORIENTED_EDGE('',*,*,#3557,.F.);
#3557 = EDGE_CURVE('',#3141,#3550,#3558,.T.);
#3558 = LINE('',#3559,#3560);
#3559 = CARTESIAN_POINT('',(-27.,18.,45.));
#3560 = VECTOR('',#3561,1.);
#3561 = DIRECTION('',(0.,0.,1.));
#3562 = PLANE('',#3563);
#3563 = AXIS2_PLACEMENT_3D('',#3564,#3565,#3566);
#3564 = CARTESIAN_POINT('',(-41.,18.,45.));
#3565 = DIRECTION('',(0.,1.,0.));
#3566 = DIRECTION('',(0.,0.,1.));
#3567 = ADVANCED_FACE('',(#3568),#3580,.F.);
#3568 = FACE_BOUND('',#3569,.F.);
#3569 = EDGE_LOOP('',(#3570,#3577,#3578,#3579));
#3570 = ORIENTED_EDGE('',*,*,#3571,.F.);
#3571 = EDGE_CURVE('',#3550,#3526,#3572,.T.);
#3572 = CIRCLE('',#3573,2.);
#3573 = AXIS2_PLACEMENT_3D('',#3574,#3575,#3576);
#3574 = CARTESIAN_POINT('',(-27.,20.,49.));
#3575 = DIRECTION('',(0.,0.,1.));
#3576 = DIRECTION('',(1.,0.,0.));
#3577 = ORIENTED_EDGE('',*,*,#3557,.F.);
#3578 = ORIENTED_EDGE('',*,*,#3140,.T.);
#3579 = ORIENTED_EDGE('',*,*,#3533,.T.);
#3580 = CYLINDRICAL_SURFACE('',#3581,2.);
#3581 = AXIS2_PLACEMENT_3D('',#3582,#3583,#3584);
#3582 = CARTESIAN_POINT('',(-27.,20.,45.));
#3583 = DIRECTION('',(0.,0.,1.));
#3584 = DIRECTION('',(1.,0.,0.));
#3585 = ADVANCED_FACE('',(#3586),#3612,.F.);
#3586 = FACE_BOUND('',#3587,.F.);
#3587 = EDGE_LOOP('',(#3588,#3599,#3605,#3606));
#3588 = ORIENTED_EDGE('',*,*,#3589,.F.);
#3589 = EDGE_CURVE('',#3590,#3592,#3594,.T.);
#3590 = VERTEX_POINT('',#3591);
#3591 = CARTESIAN_POINT('',(27.,22.,49.));
#3592 = VERTEX_POINT('',#3593);
#3593 = CARTESIAN_POINT('',(27.,18.,49.));
#3594 = CIRCLE('',#3595,2.);
#3595 = AXIS2_PLACEMENT_3D('',#3596,#3597,#3598);
#3596 = CARTESIAN_POINT('',(27.,20.,49.));
#3597 = DIRECTION('',(0.,0.,1.));
#3598 = DIRECTION('',(1.,0.,0.));
#3599 = ORIENTED_EDGE('',*,*,#3600,.F.);
#3600 = EDGE_CURVE('',#3158,#3590,#3601,.T.);
#3601 = LINE('',#3602,#3603);
#3602 = CARTESIAN_POINT('',(27.,22.,45.));
#3603 = VECTOR('',#3604,1.);
#3604 = DIRECTION('',(0.,0.,1.));
#3605 = ORIENTED_EDGE('',*,*,#3157,.T.);
#3606 = ORIENTED_EDGE('',*,*,#3607,.T.);
#3607 = EDGE_CURVE('',#3160,#3592,#3608,.T.);
#3608 = LINE('',#3609,#3610);
#3609 = CARTESIAN_POINT('',(27.,18.,45.));
#3610 = VECTOR('',#3611,1.);
#3611 = DIRECTION('',(0.,0.,1.));
#3612 = CYLINDRICAL_SURFACE('',#3613,2.);
#3613 = AXIS2_PLACEMENT_3D('',#3614,#3615,#3616);
#3614 = CARTESIAN_POINT('',(27.,20.,45.));
#3615 = DIRECTION('',(0.,0.,1.));
#3616 = DIRECTION('',(1.,0.,0.));
#3617 = ADVANCED_FACE('',(#3618),#3636,.T.);
#3618 = FACE_BOUND('',#3619,.T.);
#3619 = EDGE_LOOP('',(#3620,#3621,#3622,#3630));
#3620 = ORIENTED_EDGE('',*,*,#3185,.T.);
#3621 = ORIENTED_EDGE('',*,*,#3607,.T.);
#3622 = ORIENTED_EDGE('',*,*,#3623,.F.);
#3623 = EDGE_CURVE('',#3624,#3592,#3626,.T.);
#3624 = VERTEX_POINT('',#3625);
#3625 = CARTESIAN_POINT('',(41.,18.,49.));
#3626 = LINE('',#3627,#3628);
#3627 = CARTESIAN_POINT('',(-13.,18.,49.));
#3628 = VECTOR('',#3629,1.);
#3629 = DIRECTION('',(-1.,0.,0.));
#3630 = ORIENTED_EDGE('',*,*,#3631,.F.);
#3631 = EDGE_CURVE('',#3177,#3624,#3632,.T.);
#3632 = LINE('',#3633,#3634);
#3633 = CARTESIAN_POINT('',(41.,18.,45.));
#3634 = VECTOR('',#3635,1.);
#3635 = DIRECTION('',(0.,0.,1.));
#3636 = PLANE('',#3637);
#3637 = AXIS2_PLACEMENT_3D('',#3638,#3639,#3640);
#3638 = CARTESIAN_POINT('',(27.,18.,45.));
#3639 = DIRECTION('',(0.,1.,0.));
#3640 = DIRECTION('',(0.,0.,1.));
#3641 = ADVANCED_FACE('',(#3642),#3661,.F.);
#3642 = FACE_BOUND('',#3643,.F.);
#3643 = EDGE_LOOP('',(#3644,#3653,#3654,#3655));
#3644 = ORIENTED_EDGE('',*,*,#3645,.F.);
#3645 = EDGE_CURVE('',#3624,#3646,#3648,.T.);
#3646 = VERTEX_POINT('',#3647);
#3647 = CARTESIAN_POINT('',(41.,22.,49.));
#3648 = CIRCLE('',#3649,2.);
#3649 = AXIS2_PLACEMENT_3D('',#3650,#3651,#3652);
#3650 = CARTESIAN_POINT('',(41.,20.,49.));
#3651 = DIRECTION('',(0.,0.,1.));
#3652 = DIRECTION('',(1.,0.,0.));
#3653 = ORIENTED_EDGE('',*,*,#3631,.F.);
#3654 = ORIENTED_EDGE('',*,*,#3176,.T.);
#3655 = ORIENTED_EDGE('',*,*,#3656,.T.);
#3656 = EDGE_CURVE('',#3169,#3646,#3657,.T.);
#3657 = LINE('',#3658,#3659);
#3658 = CARTESIAN_POINT('',(41.,22.,45.));
#3659 = VECTOR('',#3660,1.);
#3660 = DIRECTION('',(0.,0.,1.));
#3661 = CYLINDRICAL_SURFACE('',#3662,2.);
#3662 = AXIS2_PLACEMENT_3D('',#3663,#3664,#3665);
#3663 = CARTESIAN_POINT('',(41.,20.,45.));
#3664 = DIRECTION('',(0.,0.,1.));
#3665 = DIRECTION('',(1.,0.,0.));
#3666 = ADVANCED_FACE('',(#3667),#3678,.F.);
#3667 = FACE_BOUND('',#3668,.F.);
#3668 = EDGE_LOOP('',(#3669,#3670,#3671,#3677));
#3669 = ORIENTED_EDGE('',*,*,#3168,.T.);
#3670 = ORIENTED_EDGE('',*,*,#3600,.T.);
#3671 = ORIENTED_EDGE('',*,*,#3672,.F.);
#3672 = EDGE_CURVE('',#3646,#3590,#3673,.T.);
#3673 = LINE('',#3674,#3675);
#3674 = CARTESIAN_POINT('',(-13.,22.,49.));
#3675 = VECTOR('',#3676,1.);
#3676 = DIRECTION('',(-1.,0.,0.));
#3677 = ORIENTED_EDGE('',*,*,#3656,.F.);
#3678 = PLANE('',#3679);
#3679 = AXIS2_PLACEMENT_3D('',#3680,#3681,#3682);
#3680 = CARTESIAN_POINT('',(27.,22.,45.));
#3681 = DIRECTION('',(0.,1.,0.));
#3682 = DIRECTION('',(0.,0.,1.));
#3683 = ADVANCED_FACE('',(#3684,#3690),#3724,.T.);
#3684 = FACE_BOUND('',#3685,.T.);
#3685 = EDGE_LOOP('',(#3686,#3687,#3688,#3689));
#3686 = ORIENTED_EDGE('',*,*,#3207,.F.);
#3687 = ORIENTED_EDGE('',*,*,#3263,.T.);
#3688 = ORIENTED_EDGE('',*,*,#3281,.T.);
#3689 = ORIENTED_EDGE('',*,*,#3232,.F.);
#3690 = FACE_BOUND('',#3691,.T.);
#3691 = EDGE_LOOP('',(#3692,#3702,#3710,#3718));
#3692 = ORIENTED_EDGE('',*,*,#3693,.T.);
#3693 = EDGE_CURVE('',#3694,#3696,#3698,.T.);
#3694 = VERTEX_POINT('',#3695);
#3695 = CARTESIAN_POINT('',(-50.,-30.,61.));
#3696 = VERTEX_POINT('',#3697);
#3697 = CARTESIAN_POINT('',(-50.,30.,61.));
#3698 = LINE('',#3699,#3700);
#3699 = CARTESIAN_POINT('',(-50.,-33.,61.));
#3700 = VECTOR('',#3701,1.);
#3701 = DIRECTION('',(0.,1.,0.));
#3702 = ORIENTED_EDGE('',*,*,#3703,.T.);
#3703 = EDGE_CURVE('',#3696,#3704,#3706,.T.);
#3704 = VERTEX_POINT('',#3705);
#3705 = CARTESIAN_POINT('',(50.,30.,61.));
#3706 = LINE('',#3707,#3708);
#3707 = CARTESIAN_POINT('',(-50.,30.,61.));
#3708 = VECTOR('',#3709,1.);
#3709 = DIRECTION('',(1.,0.,0.));
#3710 = ORIENTED_EDGE('',*,*,#3711,.F.);
#3711 = EDGE_CURVE('',#3712,#3704,#3714,.T.);
#3712 = VERTEX_POINT('',#3713);
#3713 = CARTESIAN_POINT('',(50.,-30.,61.));
#3714 = LINE('',#3715,#3716);
#3715 = CARTESIAN_POINT('',(50.,-33.,61.));
#3716 = VECTOR('',#3717,1.);
#3717 = DIRECTION('',(0.,1.,0.));
#3718 = ORIENTED_EDGE('',*,*,#3719,.F.);
#3719 = EDGE_CURVE('',#3694,#3712,#3720,.T.);
#3720 = LINE('',#3721,#3722);
#3721 = CARTESIAN_POINT('',(-50.,-30.,61.));
#3722 = VECTOR('',#3723,1.);
#3723 = DIRECTION('',(1.,0.,0.));
#3724 = PLANE('',#3725);
#3725 = AXIS2_PLACEMENT_3D('',#3726,#3727,#3728);
#3726 = CARTESIAN_POINT('',(0.,0.,61.));
#3727 = DIRECTION('',(0.,0.,1.));
#3728 = DIRECTION('',(1.,0.,0.));
#3729 = ADVANCED_FACE('',(#3730,#3764,#3770,#3776,#3782),#3788,.T.);
#3730 = FACE_BOUND('',#3731,.T.);
#3731 = EDGE_LOOP('',(#3732,#3742,#3750,#3758));
#3732 = ORIENTED_EDGE('',*,*,#3733,.F.);
#3733 = EDGE_CURVE('',#3734,#3736,#3738,.T.);
#3734 = VERTEX_POINT('',#3735);
#3735 = CARTESIAN_POINT('',(-50.,-30.,49.));
#3736 = VERTEX_POINT('',#3737);
#3737 = CARTESIAN_POINT('',(-50.,30.,49.));
#3738 = LINE('',#3739,#3740);
#3739 = CARTESIAN_POINT('',(-50.,-33.,49.));
#3740 = VECTOR('',#3741,1.);
#3741 = DIRECTION('',(0.,1.,0.));
#3742 = ORIENTED_EDGE('',*,*,#3743,.T.);
#3743 = EDGE_CURVE('',#3734,#3744,#3746,.T.);
#3744 = VERTEX_POINT('',#3745);
#3745 = CARTESIAN_POINT('',(50.,-30.,49.));
#3746 = LINE('',#3747,#3748);
#3747 = CARTESIAN_POINT('',(-50.,-30.,49.));
#3748 = VECTOR('',#3749,1.);
#3749 = DIRECTION('',(1.,0.,0.));
#3750 = ORIENTED_EDGE('',*,*,#3751,.T.);
#3751 = EDGE_CURVE('',#3744,#3752,#3754,.T.);
#3752 = VERTEX_POINT('',#3753);
#3753 = CARTESIAN_POINT('',(50.,30.,49.));
#3754 = LINE('',#3755,#3756);
#3755 = CARTESIAN_POINT('',(50.,-33.,49.));
#3756 = VECTOR('',#3757,1.);
#3757 = DIRECTION('',(0.,1.,0.));
#3758 = ORIENTED_EDGE('',*,*,#3759,.F.);
#3759 = EDGE_CURVE('',#3736,#3752,#3760,.T.);
#3760 = LINE('',#3761,#3762);
#3761 = CARTESIAN_POINT('',(-50.,30.,49.));
#3762 = VECTOR('',#3763,1.);
#3763 = DIRECTION('',(1.,0.,0.));
#3764 = FACE_BOUND('',#3765,.T.);
#3765 = EDGE_LOOP('',(#3766,#3767,#3768,#3769));
#3766 = ORIENTED_EDGE('',*,*,#3295,.F.);
#3767 = ORIENTED_EDGE('',*,*,#3329,.F.);
#3768 = ORIENTED_EDGE('',*,*,#3375,.F.);
#3769 = ORIENTED_EDGE('',*,*,#3353,.T.);
#3770 = FACE_BOUND('',#3771,.T.);
#3771 = EDGE_LOOP('',(#3772,#3773,#3774,#3775));
#3772 = ORIENTED_EDGE('',*,*,#3393,.F.);
#3773 = ORIENTED_EDGE('',*,*,#3427,.F.);
#3774 = ORIENTED_EDGE('',*,*,#3473,.F.);
#3775 = ORIENTED_EDGE('',*,*,#3451,.T.);
#3776 = FACE_BOUND('',#3777,.T.);
#3777 = EDGE_LOOP('',(#3778,#3779,#3780,#3781));
#3778 = ORIENTED_EDGE('',*,*,#3491,.F.);
#3779 = ORIENTED_EDGE('',*,*,#3525,.F.);
#3780 = ORIENTED_EDGE('',*,*,#3571,.F.);
#3781 = ORIENTED_EDGE('',*,*,#3549,.T.);
#3782 = FACE_BOUND('',#3783,.T.);
#3783 = EDGE_LOOP('',(#3784,#3785,#3786,#3787));
#3784 = ORIENTED_EDGE('',*,*,#3589,.F.);
#3785 = ORIENTED_EDGE('',*,*,#3672,.F.);
#3786 = ORIENTED_EDGE('',*,*,#3645,.F.);
#3787 = ORIENTED_EDGE('',*,*,#3623,.T.);
#3788 = PLANE('',#3789);
#3789 = AXIS2_PLACEMENT_3D('',#3790,#3791,#3792);
#3790 = CARTESIAN_POINT('',(-53.,-33.,49.));
#3791 = DIRECTION('',(0.,0.,1.));
#3792 = DIRECTION('',(1.,0.,0.));
#3793 = ADVANCED_FACE('',(#3794),#3810,.T.);
#3794 = FACE_BOUND('',#3795,.T.);
#3795 = EDGE_LOOP('',(#3796,#3802,#3803,#3809));
#3796 = ORIENTED_EDGE('',*,*,#3797,.F.);
#3797 = EDGE_CURVE('',#3734,#3694,#3798,.T.);
#3798 = LINE('',#3799,#3800);
#3799 = CARTESIAN_POINT('',(-50.,-30.,49.));
#3800 = VECTOR('',#3801,1.);
#3801 = DIRECTION('',(0.,0.,1.));
#3802 = ORIENTED_EDGE('',*,*,#3733,.T.);
#3803 = ORIENTED_EDGE('',*,*,#3804,.T.);
#3804 = EDGE_CURVE('',#3736,#3696,#3805,.T.);
#3805 = LINE('',#3806,#3807);
#3806 = CARTESIAN_POINT('',(-50.,30.,49.));
#3807 = VECTOR('',#3808,1.);
#3808 = DIRECTION('',(0.,0.,1.));
#3809 = ORIENTED_EDGE('',*,*,#3693,.F.);
#3810 = PLANE('',#3811);
#3811 = AXIS2_PLACEMENT_3D('',#3812,#3813,#3814);
#3812 = CARTESIAN_POINT('',(-50.,-33.,49.));
#3813 = DIRECTION('',(1.,0.,0.));
#3814 = DIRECTION('',(0.,0.,1.));
#3815 = ADVANCED_FACE('',(#3816),#3827,.F.);
#3816 = FACE_BOUND('',#3817,.F.);
#3817 = EDGE_LOOP('',(#3818,#3819,#3820,#3821));
#3818 = ORIENTED_EDGE('',*,*,#3759,.F.);
#3819 = ORIENTED_EDGE('',*,*,#3804,.T.);
#3820 = ORIENTED_EDGE('',*,*,#3703,.T.);
#3821 = ORIENTED_EDGE('',*,*,#3822,.F.);
#3822 = EDGE_CURVE('',#3752,#3704,#3823,.T.);
#3823 = LINE('',#3824,#3825);
#3824 = CARTESIAN_POINT('',(50.,30.,49.));
#3825 = VECTOR('',#3826,1.);
#3826 = DIRECTION('',(0.,0.,1.));
#3827 = PLANE('',#3828);
#3828 = AXIS2_PLACEMENT_3D('',#3829,#3830,#3831);
#3829 = CARTESIAN_POINT('',(-50.,30.,49.));
#3830 = DIRECTION('',(0.,1.,0.));
#3831 = DIRECTION('',(0.,0.,1.));
#3832 = ADVANCED_FACE('',(#3833),#3844,.F.);
#3833 = FACE_BOUND('',#3834,.F.);
#3834 = EDGE_LOOP('',(#3835,#3841,#3842,#3843));
#3835 = ORIENTED_EDGE('',*,*,#3836,.F.);
#3836 = EDGE_CURVE('',#3744,#3712,#3837,.T.);
#3837 = LINE('',#3838,#3839);
#3838 = CARTESIAN_POINT('',(50.,-30.,49.));
#3839 = VECTOR('',#3840,1.);
#3840 = DIRECTION('',(0.,0.,1.));
#3841 = ORIENTED_EDGE('',*,*,#3751,.T.);
#3842 = ORIENTED_EDGE('',*,*,#3822,.T.);
#3843 = ORIENTED_EDGE('',*,*,#3711,.F.);
#3844 = PLANE('',#3845);
#3845 = AXIS2_PLACEMENT_3D('',#3846,#3847,#3848);
#3846 = CARTESIAN_POINT('',(50.,-33.,49.));
#3847 = DIRECTION('',(1.,0.,0.));
#3848 = DIRECTION('',(0.,0.,1.));
#3849 = ADVANCED_FACE('',(#3850),#3856,.T.);
#3850 = FACE_BOUND('',#3851,.T.);
#3851 = EDGE_LOOP('',(#3852,#3853,#3854,#3855));
#3852 = ORIENTED_EDGE('',*,*,#3743,.F.);
#3853 = ORIENTED_EDGE('',*,*,#3797,.T.);
#3854 = ORIENTED_EDGE('',*,*,#3719,.T.);
#3855 = ORIENTED_EDGE('',*,*,#3836,.F.);
#3856 = PLANE('',#3857);
#3857 = AXIS2_PLACEMENT_3D('',#3858,#3859,#3860);
#3858 = CARTESIAN_POINT('',(-50.,-30.,49.));
#3859 = DIRECTION('',(0.,1.,0.));
#3860 = DIRECTION('',(0.,0.,1.));
#3861 = MANIFOLD_SOLID_BREP('',#3862);
#3862 = CLOSED_SHELL('',(#3863,#3903,#3934,#4254,#4278,#4591,#4603,#4620
    ,#4642,#4659,#4676,#4688,#4710,#4727,#4744,#4756,#4773,#4795,#4812,
    #4829,#4841,#4863,#4880,#4897,#4909,#4926,#4948,#4965,#4982,#4994,
    #5016,#5033,#5050,#5062,#5084,#5101,#5118,#5130));
#3863 = ADVANCED_FACE('',(#3864),#3898,.F.);
#3864 = FACE_BOUND('',#3865,.F.);
#3865 = EDGE_LOOP('',(#3866,#3876,#3884,#3892));
#3866 = ORIENTED_EDGE('',*,*,#3867,.F.);
#3867 = EDGE_CURVE('',#3868,#3870,#3872,.T.);
#3868 = VERTEX_POINT('',#3869);
#3869 = CARTESIAN_POINT('',(-70.,-48.,84.));
#3870 = VERTEX_POINT('',#3871);
#3871 = CARTESIAN_POINT('',(-70.,-48.,87.));
#3872 = LINE('',#3873,#3874);
#3873 = CARTESIAN_POINT('',(-70.,-48.,84.));
#3874 = VECTOR('',#3875,1.);
#3875 = DIRECTION('',(0.,0.,1.));
#3876 = ORIENTED_EDGE('',*,*,#3877,.T.);
#3877 = EDGE_CURVE('',#3868,#3878,#3880,.T.);
#3878 = VERTEX_POINT('',#3879);
#3879 = CARTESIAN_POINT('',(-70.,48.,84.));
#3880 = LINE('',#3881,#3882);
#3881 = CARTESIAN_POINT('',(-70.,-48.,84.));
#3882 = VECTOR('',#3883,1.);
#3883 = DIRECTION('',(0.,1.,0.));
#3884 = ORIENTED_EDGE('',*,*,#3885,.T.);
#3885 = EDGE_CURVE('',#3878,#3886,#3888,.T.);
#3886 = VERTEX_POINT('',#3887);
#3887 = CARTESIAN_POINT('',(-70.,48.,87.));
#3888 = LINE('',#3889,#3890);
#3889 = CARTESIAN_POINT('',(-70.,48.,84.));
#3890 = VECTOR('',#3891,1.);
#3891 = DIRECTION('',(0.,0.,1.));
#3892 = ORIENTED_EDGE('',*,*,#3893,.F.);
#3893 = EDGE_CURVE('',#3870,#3886,#3894,.T.);
#3894 = LINE('',#3895,#3896);
#3895 = CARTESIAN_POINT('',(-70.,-48.,87.));
#3896 = VECTOR('',#3897,1.);
#3897 = DIRECTION('',(0.,1.,0.));
#3898 = PLANE('',#3899);
#3899 = AXIS2_PLACEMENT_3D('',#3900,#3901,#3902);
#3900 = CARTESIAN_POINT('',(-70.,-48.,84.));
#3901 = DIRECTION('',(1.,0.,0.));
#3902 = DIRECTION('',(0.,0.,1.));
#3903 = ADVANCED_FACE('',(#3904),#3929,.F.);
#3904 = FACE_BOUND('',#3905,.F.);
#3905 = EDGE_LOOP('',(#3906,#3914,#3915,#3923));
#3906 = ORIENTED_EDGE('',*,*,#3907,.F.);
#3907 = EDGE_CURVE('',#3868,#3908,#3910,.T.);
#3908 = VERTEX_POINT('',#3909);
#3909 = CARTESIAN_POINT('',(70.,-48.,84.));
#3910 = LINE('',#3911,#3912);
#3911 = CARTESIAN_POINT('',(-70.,-48.,84.));
#3912 = VECTOR('',#3913,1.);
#3913 = DIRECTION('',(1.,0.,0.));
#3914 = ORIENTED_EDGE('',*,*,#3867,.T.);
#3915 = ORIENTED_EDGE('',*,*,#3916,.T.);
#3916 = EDGE_CURVE('',#3870,#3917,#3919,.T.);
#3917 = VERTEX_POINT('',#3918);
#3918 = CARTESIAN_POINT('',(70.,-48.,87.));
#3919 = LINE('',#3920,#3921);
#3920 = CARTESIAN_POINT('',(-70.,-48.,87.));
#3921 = VECTOR('',#3922,1.);
#3922 = DIRECTION('',(1.,0.,0.));
#3923 = ORIENTED_EDGE('',*,*,#3924,.F.);
#3924 = EDGE_CURVE('',#3908,#3917,#3925,.T.);
#3925 = LINE('',#3926,#3927);
#3926 = CARTESIAN_POINT('',(70.,-48.,84.));
#3927 = VECTOR('',#3928,1.);
#3928 = DIRECTION('',(0.,0.,1.));
#3929 = PLANE('',#3930);
#3930 = AXIS2_PLACEMENT_3D('',#3931,#3932,#3933);
#3931 = CARTESIAN_POINT('',(-70.,-48.,84.));
#3932 = DIRECTION('',(0.,1.,0.));
#3933 = DIRECTION('',(0.,0.,1.));
#3934 = ADVANCED_FACE('',(#3935,#3953,#3964,#4000,#4036,#4047,#4083,
    #4119,#4130,#4166,#4202,#4238),#4249,.T.);
#3935 = FACE_BOUND('',#3936,.T.);
#3936 = EDGE_LOOP('',(#3937,#3938,#3939,#3947));
#3937 = ORIENTED_EDGE('',*,*,#3893,.F.);
#3938 = ORIENTED_EDGE('',*,*,#3916,.T.);
#3939 = ORIENTED_EDGE('',*,*,#3940,.T.);
#3940 = EDGE_CURVE('',#3917,#3941,#3943,.T.);
#3941 = VERTEX_POINT('',#3942);
#3942 = CARTESIAN_POINT('',(70.,48.,87.));
#3943 = LINE('',#3944,#3945);
#3944 = CARTESIAN_POINT('',(70.,-48.,87.));
#3945 = VECTOR('',#3946,1.);
#3946 = DIRECTION('',(0.,1.,0.));
#3947 = ORIENTED_EDGE('',*,*,#3948,.F.);
#3948 = EDGE_CURVE('',#3886,#3941,#3949,.T.);
#3949 = LINE('',#3950,#3951);
#3950 = CARTESIAN_POINT('',(-70.,48.,87.));
#3951 = VECTOR('',#3952,1.);
#3952 = DIRECTION('',(1.,0.,0.));
#3953 = FACE_BOUND('',#3954,.T.);
#3954 = EDGE_LOOP('',(#3955));
#3955 = ORIENTED_EDGE('',*,*,#3956,.F.);
#3956 = EDGE_CURVE('',#3957,#3957,#3959,.T.);
#3957 = VERTEX_POINT('',#3958);
#3958 = CARTESIAN_POINT('',(-58.3,-38.,87.));
#3959 = CIRCLE('',#3960,1.7);
#3960 = AXIS2_PLACEMENT_3D('',#3961,#3962,#3963);
#3961 = CARTESIAN_POINT('',(-60.,-38.,87.));
#3962 = DIRECTION('',(0.,0.,1.));
#3963 = DIRECTION('',(1.,0.,0.));
#3964 = FACE_BOUND('',#3965,.T.);
#3965 = EDGE_LOOP('',(#3966,#3977,#3985,#3994));
#3966 = ORIENTED_EDGE('',*,*,#3967,.F.);
#3967 = EDGE_CURVE('',#3968,#3970,#3972,.T.);
#3968 = VERTEX_POINT('',#3969);
#3969 = CARTESIAN_POINT('',(-56.,-23.,87.));
#3970 = VERTEX_POINT('',#3971);
#3971 = CARTESIAN_POINT('',(-56.,-27.,87.));
#3972 = CIRCLE('',#3973,2.);
#3973 = AXIS2_PLACEMENT_3D('',#3974,#3975,#3976);
#3974 = CARTESIAN_POINT('',(-56.,-25.,87.));
#3975 = DIRECTION('',(0.,0.,1.));
#3976 = DIRECTION('',(1.,0.,0.));
#3977 = ORIENTED_EDGE('',*,*,#3978,.F.);
#3978 = EDGE_CURVE('',#3979,#3968,#3981,.T.);
#3979 = VERTEX_POINT('',#3980);
#3980 = CARTESIAN_POINT('',(-16.,-23.,87.));
#3981 = LINE('',#3982,#3983);
#3982 = CARTESIAN_POINT('',(-63.,-23.,87.));
#3983 = VECTOR('',#3984,1.);
#3984 = DIRECTION('',(-1.,0.,0.));
#3985 = ORIENTED_EDGE('',*,*,#3986,.F.);
#3986 = EDGE_CURVE('',#3987,#3979,#3989,.T.);
#3987 = VERTEX_POINT('',#3988);
#3988 = CARTESIAN_POINT('',(-16.,-27.,87.));
#3989 = CIRCLE('',#3990,2.);
#3990 = AXIS2_PLACEMENT_3D('',#3991,#3992,#3993);
#3991 = CARTESIAN_POINT('',(-16.,-25.,87.));
#3992 = DIRECTION('',(0.,0.,1.));
#3993 = DIRECTION('',(1.,0.,0.));
#3994 = ORIENTED_EDGE('',*,*,#3995,.T.);
#3995 = EDGE_CURVE('',#3987,#3970,#3996,.T.);
#3996 = LINE('',#3997,#3998);
#3997 = CARTESIAN_POINT('',(-63.,-27.,87.));
#3998 = VECTOR('',#3999,1.);
#3999 = DIRECTION('',(-1.,0.,0.));
#4000 = FACE_BOUND('',#4001,.T.);
#4001 = EDGE_LOOP('',(#4002,#4013,#4021,#4030));
#4002 = ORIENTED_EDGE('',*,*,#4003,.F.);
#4003 = EDGE_CURVE('',#4004,#4006,#4008,.T.);
#4004 = VERTEX_POINT('',#4005);
#4005 = CARTESIAN_POINT('',(-2.,-23.,87.));
#4006 = VERTEX_POINT('',#4007);
#4007 = CARTESIAN_POINT('',(-2.,-27.,87.));
#4008 = CIRCLE('',#4009,2.);
#4009 = AXIS2_PLACEMENT_3D('',#4010,#4011,#4012);
#4010 = CARTESIAN_POINT('',(-2.,-25.,87.));
#4011 = DIRECTION('',(0.,0.,1.));
#4012 = DIRECTION('',(1.,0.,0.));
#4013 = ORIENTED_EDGE('',*,*,#4014,.F.);
#4014 = EDGE_CURVE('',#4015,#4004,#4017,.T.);
#4015 = VERTEX_POINT('',#4016);
#4016 = CARTESIAN_POINT('',(38.,-23.,87.));
#4017 = LINE('',#4018,#4019);
#4018 = CARTESIAN_POINT('',(-36.,-23.,87.));
#4019 = VECTOR('',#4020,1.);
#4020 = DIRECTION('',(-1.,0.,0.));
#4021 = ORIENTED_EDGE('',*,*,#4022,.F.);
#4022 = EDGE_CURVE('',#4023,#4015,#4025,.T.);
#4023 = VERTEX_POINT('',#4024);
#4024 = CARTESIAN_POINT('',(38.,-27.,87.));
#4025 = CIRCLE('',#4026,2.);
#4026 = AXIS2_PLACEMENT_3D('',#4027,#4028,#4029);
#4027 = CARTESIAN_POINT('',(38.,-25.,87.));
#4028 = DIRECTION('',(0.,0.,1.));
#4029 = DIRECTION('',(1.,0.,0.));
#4030 = ORIENTED_EDGE('',*,*,#4031,.T.);
#4031 = EDGE_CURVE('',#4023,#4006,#4032,.T.);
#4032 = LINE('',#4033,#4034);
#4033 = CARTESIAN_POINT('',(-36.,-27.,87.));
#4034 = VECTOR('',#4035,1.);
#4035 = DIRECTION('',(-1.,0.,0.));
#4036 = FACE_BOUND('',#4037,.T.);
#4037 = EDGE_LOOP('',(#4038));
#4038 = ORIENTED_EDGE('',*,*,#4039,.F.);
#4039 = EDGE_CURVE('',#4040,#4040,#4042,.T.);
#4040 = VERTEX_POINT('',#4041);
#4041 = CARTESIAN_POINT('',(61.7,-38.,87.));
#4042 = CIRCLE('',#4043,1.7);
#4043 = AXIS2_PLACEMENT_3D('',#4044,#4045,#4046);
#4044 = CARTESIAN_POINT('',(60.,-38.,87.));
#4045 = DIRECTION('',(0.,0.,1.));
#4046 = DIRECTION('',(1.,0.,0.));
#4047 = FACE_BOUND('',#4048,.T.);
#4048 = EDGE_LOOP('',(#4049,#4060,#4068,#4077));
#4049 = ORIENTED_EDGE('',*,*,#4050,.F.);
#4050 = EDGE_CURVE('',#4051,#4053,#4055,.T.);
#4051 = VERTEX_POINT('',#4052);
#4052 = CARTESIAN_POINT('',(-56.,2.,87.));
#4053 = VERTEX_POINT('',#4054);
#4054 = CARTESIAN_POINT('',(-56.,-2.,87.));
#4055 = CIRCLE('',#4056,2.);
#4056 = AXIS2_PLACEMENT_3D('',#4057,#4058,#4059);
#4057 = CARTESIAN_POINT('',(-56.,0.,87.));
#4058 = DIRECTION('',(0.,0.,1.));
#4059 = DIRECTION('',(1.,0.,0.));
#4060 = ORIENTED_EDGE('',*,*,#4061,.F.);
#4061 = EDGE_CURVE('',#4062,#4051,#4064,.T.);
#4062 = VERTEX_POINT('',#4063);
#4063 = CARTESIAN_POINT('',(-16.,2.,87.));
#4064 = LINE('',#4065,#4066);
#4065 = CARTESIAN_POINT('',(-63.,2.,87.));
#4066 = VECTOR('',#4067,1.);
#4067 = DIRECTION('',(-1.,0.,0.));
#4068 = ORIENTED_EDGE('',*,*,#4069,.F.);
#4069 = EDGE_CURVE('',#4070,#4062,#4072,.T.);
#4070 = VERTEX_POINT('',#4071);
#4071 = CARTESIAN_POINT('',(-16.,-2.,87.));
#4072 = CIRCLE('',#4073,2.);
#4073 = AXIS2_PLACEMENT_3D('',#4074,#4075,#4076);
#4074 = CARTESIAN_POINT('',(-16.,0.,87.));
#4075 = DIRECTION('',(0.,0.,1.));
#4076 = DIRECTION('',(1.,0.,0.));
#4077 = ORIENTED_EDGE('',*,*,#4078,.T.);
#4078 = EDGE_CURVE('',#4070,#4053,#4079,.T.);
#4079 = LINE('',#4080,#4081);
#4080 = CARTESIAN_POINT('',(-63.,-2.,87.));
#4081 = VECTOR('',#4082,1.);
#4082 = DIRECTION('',(-1.,0.,0.));
#4083 = FACE_BOUND('',#4084,.T.);
#4084 = EDGE_LOOP('',(#4085,#4096,#4104,#4113));
#4085 = ORIENTED_EDGE('',*,*,#4086,.F.);
#4086 = EDGE_CURVE('',#4087,#4089,#4091,.T.);
#4087 = VERTEX_POINT('',#4088);
#4088 = CARTESIAN_POINT('',(-56.,27.,87.));
#4089 = VERTEX_POINT('',#4090);
#4090 = CARTESIAN_POINT('',(-56.,23.,87.));
#4091 = CIRCLE('',#4092,2.);
#4092 = AXIS2_PLACEMENT_3D('',#4093,#4094,#4095);
#4093 = CARTESIAN_POINT('',(-56.,25.,87.));
#4094 = DIRECTION('',(0.,0.,1.));
#4095 = DIRECTION('',(1.,0.,0.));
#4096 = ORIENTED_EDGE('',*,*,#4097,.F.);
#4097 = EDGE_CURVE('',#4098,#4087,#4100,.T.);
#4098 = VERTEX_POINT('',#4099);
#4099 = CARTESIAN_POINT('',(-16.,27.,87.));
#4100 = LINE('',#4101,#4102);
#4101 = CARTESIAN_POINT('',(-63.,27.,87.));
#4102 = VECTOR('',#4103,1.);
#4103 = DIRECTION('',(-1.,0.,0.));
#4104 = ORIENTED_EDGE('',*,*,#4105,.F.);
#4105 = EDGE_CURVE('',#4106,#4098,#4108,.T.);
#4106 = VERTEX_POINT('',#4107);
#4107 = CARTESIAN_POINT('',(-16.,23.,87.));
#4108 = CIRCLE('',#4109,2.);
#4109 = AXIS2_PLACEMENT_3D('',#4110,#4111,#4112);
#4110 = CARTESIAN_POINT('',(-16.,25.,87.));
#4111 = DIRECTION('',(0.,0.,1.));
#4112 = DIRECTION('',(1.,0.,0.));
#4113 = ORIENTED_EDGE('',*,*,#4114,.T.);
#4114 = EDGE_CURVE('',#4106,#4089,#4115,.T.);
#4115 = LINE('',#4116,#4117);
#4116 = CARTESIAN_POINT('',(-63.,23.,87.));
#4117 = VECTOR('',#4118,1.);
#4118 = DIRECTION('',(-1.,0.,0.));
#4119 = FACE_BOUND('',#4120,.T.);
#4120 = EDGE_LOOP('',(#4121));
#4121 = ORIENTED_EDGE('',*,*,#4122,.F.);
#4122 = EDGE_CURVE('',#4123,#4123,#4125,.T.);
#4123 = VERTEX_POINT('',#4124);
#4124 = CARTESIAN_POINT('',(-58.3,38.,87.));
#4125 = CIRCLE('',#4126,1.7);
#4126 = AXIS2_PLACEMENT_3D('',#4127,#4128,#4129);
#4127 = CARTESIAN_POINT('',(-60.,38.,87.));
#4128 = DIRECTION('',(0.,0.,1.));
#4129 = DIRECTION('',(1.,0.,0.));
#4130 = FACE_BOUND('',#4131,.T.);
#4131 = EDGE_LOOP('',(#4132,#4143,#4151,#4160));
#4132 = ORIENTED_EDGE('',*,*,#4133,.F.);
#4133 = EDGE_CURVE('',#4134,#4136,#4138,.T.);
#4134 = VERTEX_POINT('',#4135);
#4135 = CARTESIAN_POINT('',(-2.,2.,87.));
#4136 = VERTEX_POINT('',#4137);
#4137 = CARTESIAN_POINT('',(-2.,-2.,87.));
#4138 = CIRCLE('',#4139,2.);
#4139 = AXIS2_PLACEMENT_3D('',#4140,#4141,#4142);
#4140 = CARTESIAN_POINT('',(-2.,0.,87.));
#4141 = DIRECTION('',(0.,0.,1.));
#4142 = DIRECTION('',(1.,0.,0.));
#4143 = ORIENTED_EDGE('',*,*,#4144,.F.);
#4144 = EDGE_CURVE('',#4145,#4134,#4147,.T.);
#4145 = VERTEX_POINT('',#4146);
#4146 = CARTESIAN_POINT('',(38.,2.,87.));
#4147 = LINE('',#4148,#4149);
#4148 = CARTESIAN_POINT('',(-36.,2.,87.));
#4149 = VECTOR('',#4150,1.);
#4150 = DIRECTION('',(-1.,0.,0.));
#4151 = ORIENTED_EDGE('',*,*,#4152,.F.);
#4152 = EDGE_CURVE('',#4153,#4145,#4155,.T.);
#4153 = VERTEX_POINT('',#4154);
#4154 = CARTESIAN_POINT('',(38.,-2.,87.));
#4155 = CIRCLE('',#4156,2.);
#4156 = AXIS2_PLACEMENT_3D('',#4157,#4158,#4159);
#4157 = CARTESIAN_POINT('',(38.,0.,87.));
#4158 = DIRECTION('',(0.,0.,1.));
#4159 = DIRECTION('',(1.,0.,0.));
#4160 = ORIENTED_EDGE('',*,*,#4161,.T.);
#4161 = EDGE_CURVE('',#4153,#4136,#4162,.T.);
#4162 = LINE('',#4163,#4164);
#4163 = CARTESIAN_POINT('',(-36.,-2.,87.));
#4164 = VECTOR('',#4165,1.);
#4165 = DIRECTION('',(-1.,0.,0.));
#4166 = FACE_BOUND('',#4167,.T.);
#4167 = EDGE_LOOP('',(#4168,#4179,#4187,#4196));
#4168 = ORIENTED_EDGE('',*,*,#4169,.F.);
#4169 = EDGE_CURVE('',#4170,#4172,#4174,.T.);
#4170 = VERTEX_POINT('',#4171);
#4171 = CARTESIAN_POINT('',(55.,-27.,87.));
#4172 = VERTEX_POINT('',#4173);
#4173 = CARTESIAN_POINT('',(59.,-27.,87.));
#4174 = CIRCLE('',#4175,2.);
#4175 = AXIS2_PLACEMENT_3D('',#4176,#4177,#4178);
#4176 = CARTESIAN_POINT('',(57.,-27.,87.));
#4177 = DIRECTION('',(0.,0.,1.));
#4178 = DIRECTION('',(1.,0.,0.));
#4179 = ORIENTED_EDGE('',*,*,#4180,.T.);
#4180 = EDGE_CURVE('',#4170,#4181,#4183,.T.);
#4181 = VERTEX_POINT('',#4182);
#4182 = CARTESIAN_POINT('',(55.,27.,87.));
#4183 = LINE('',#4184,#4185);
#4184 = CARTESIAN_POINT('',(55.,-37.5,87.));
#4185 = VECTOR('',#4186,1.);
#4186 = DIRECTION('',(0.,1.,0.));
#4187 = ORIENTED_EDGE('',*,*,#4188,.F.);
#4188 = EDGE_CURVE('',#4189,#4181,#4191,.T.);
#4189 = VERTEX_POINT('',#4190);
#4190 = CARTESIAN_POINT('',(59.,27.,87.));
#4191 = CIRCLE('',#4192,2.);
#4192 = AXIS2_PLACEMENT_3D('',#4193,#4194,#4195);
#4193 = CARTESIAN_POINT('',(57.,27.,87.));
#4194 = DIRECTION('',(0.,0.,1.));
#4195 = DIRECTION('',(1.,0.,0.));
#4196 = ORIENTED_EDGE('',*,*,#4197,.F.);
#4197 = EDGE_CURVE('',#4172,#4189,#4198,.T.);
#4198 = LINE('',#4199,#4200);
#4199 = CARTESIAN_POINT('',(59.,-37.5,87.));
#4200 = VECTOR('',#4201,1.);
#4201 = DIRECTION('',(0.,1.,0.));
#4202 = FACE_BOUND('',#4203,.T.);
#4203 = EDGE_LOOP('',(#4204,#4215,#4223,#4232));
#4204 = ORIENTED_EDGE('',*,*,#4205,.F.);
#4205 = EDGE_CURVE('',#4206,#4208,#4210,.T.);
#4206 = VERTEX_POINT('',#4207);
#4207 = CARTESIAN_POINT('',(-2.,27.,87.));
#4208 = VERTEX_POINT('',#4209);
#4209 = CARTESIAN_POINT('',(-2.,23.,87.));
#4210 = CIRCLE('',#4211,2.);
#4211 = AXIS2_PLACEMENT_3D('',#4212,#4213,#4214);
#4212 = CARTESIAN_POINT('',(-2.,25.,87.));
#4213 = DIRECTION('',(0.,0.,1.));
#4214 = DIRECTION('',(1.,0.,0.));
#4215 = ORIENTED_EDGE('',*,*,#4216,.F.);
#4216 = EDGE_CURVE('',#4217,#4206,#4219,.T.);
#4217 = VERTEX_POINT('',#4218);
#4218 = CARTESIAN_POINT('',(38.,27.,87.));
#4219 = LINE('',#4220,#4221);
#4220 = CARTESIAN_POINT('',(-36.,27.,87.));
#4221 = VECTOR('',#4222,1.);
#4222 = DIRECTION('',(-1.,0.,0.));
#4223 = ORIENTED_EDGE('',*,*,#4224,.F.);
#4224 = EDGE_CURVE('',#4225,#4217,#4227,.T.);
#4225 = VERTEX_POINT('',#4226);
#4226 = CARTESIAN_POINT('',(38.,23.,87.));
#4227 = CIRCLE('',#4228,2.);
#4228 = AXIS2_PLACEMENT_3D('',#4229,#4230,#4231);
#4229 = CARTESIAN_POINT('',(38.,25.,87.));
#4230 = DIRECTION('',(0.,0.,1.));
#4231 = DIRECTION('',(1.,0.,0.));
#4232 = ORIENTED_EDGE('',*,*,#4233,.T.);
#4233 = EDGE_CURVE('',#4225,#4208,#4234,.T.);
#4234 = LINE('',#4235,#4236);
#4235 = CARTESIAN_POINT('',(-36.,23.,87.));
#4236 = VECTOR('',#4237,1.);
#4237 = DIRECTION('',(-1.,0.,0.));
#4238 = FACE_BOUND('',#4239,.T.);
#4239 = EDGE_LOOP('',(#4240));
#4240 = ORIENTED_EDGE('',*,*,#4241,.F.);
#4241 = EDGE_CURVE('',#4242,#4242,#4244,.T.);
#4242 = VERTEX_POINT('',#4243);
#4243 = CARTESIAN_POINT('',(61.7,38.,87.));
#4244 = CIRCLE('',#4245,1.7);
#4245 = AXIS2_PLACEMENT_3D('',#4246,#4247,#4248);
#4246 = CARTESIAN_POINT('',(60.,38.,87.));
#4247 = DIRECTION('',(0.,0.,1.));
#4248 = DIRECTION('',(1.,0.,0.));
#4249 = PLANE('',#4250);
#4250 = AXIS2_PLACEMENT_3D('',#4251,#4252,#4253);
#4251 = CARTESIAN_POINT('',(-70.,-48.,87.));
#4252 = DIRECTION('',(0.,0.,1.));
#4253 = DIRECTION('',(1.,0.,0.));
#4254 = ADVANCED_FACE('',(#4255),#4273,.T.);
#4255 = FACE_BOUND('',#4256,.T.);
#4256 = EDGE_LOOP('',(#4257,#4265,#4266,#4267));
#4257 = ORIENTED_EDGE('',*,*,#4258,.F.);
#4258 = EDGE_CURVE('',#3878,#4259,#4261,.T.);
#4259 = VERTEX_POINT('',#4260);
#4260 = CARTESIAN_POINT('',(70.,48.,84.));
#4261 = LINE('',#4262,#4263);
#4262 = CARTESIAN_POINT('',(-70.,48.,84.));
#4263 = VECTOR('',#4264,1.);
#4264 = DIRECTION('',(1.,0.,0.));
#4265 = ORIENTED_EDGE('',*,*,#3885,.T.);
#4266 = ORIENTED_EDGE('',*,*,#3948,.T.);
#4267 = ORIENTED_EDGE('',*,*,#4268,.F.);
#4268 = EDGE_CURVE('',#4259,#3941,#4269,.T.);
#4269 = LINE('',#4270,#4271);
#4270 = CARTESIAN_POINT('',(70.,48.,84.));
#4271 = VECTOR('',#4272,1.);
#4272 = DIRECTION('',(0.,0.,1.));
#4273 = PLANE('',#4274);
#4274 = AXIS2_PLACEMENT_3D('',#4275,#4276,#4277);
#4275 = CARTESIAN_POINT('',(-70.,48.,84.));
#4276 = DIRECTION('',(0.,1.,0.));
#4277 = DIRECTION('',(0.,0.,1.));
#4278 = ADVANCED_FACE('',(#4279,#4290,#4301,#4337,#4373,#4384,#4420,
    #4456,#4467,#4503,#4539,#4575),#4586,.F.);
#4279 = FACE_BOUND('',#4280,.F.);
#4280 = EDGE_LOOP('',(#4281,#4282,#4283,#4289));
#4281 = ORIENTED_EDGE('',*,*,#3877,.F.);
#4282 = ORIENTED_EDGE('',*,*,#3907,.T.);
#4283 = ORIENTED_EDGE('',*,*,#4284,.T.);
#4284 = EDGE_CURVE('',#3908,#4259,#4285,.T.);
#4285 = LINE('',#4286,#4287);
#4286 = CARTESIAN_POINT('',(70.,-48.,84.));
#4287 = VECTOR('',#4288,1.);
#4288 = DIRECTION('',(0.,1.,0.));
#4289 = ORIENTED_EDGE('',*,*,#4258,.F.);
#4290 = FACE_BOUND('',#4291,.F.);
#4291 = EDGE_LOOP('',(#4292));
#4292 = ORIENTED_EDGE('',*,*,#4293,.F.);
#4293 = EDGE_CURVE('',#4294,#4294,#4296,.T.);
#4294 = VERTEX_POINT('',#4295);
#4295 = CARTESIAN_POINT('',(-58.3,-38.,84.));
#4296 = CIRCLE('',#4297,1.7);
#4297 = AXIS2_PLACEMENT_3D('',#4298,#4299,#4300);
#4298 = CARTESIAN_POINT('',(-60.,-38.,84.));
#4299 = DIRECTION('',(0.,0.,1.));
#4300 = DIRECTION('',(1.,0.,0.));
#4301 = FACE_BOUND('',#4302,.F.);
#4302 = EDGE_LOOP('',(#4303,#4314,#4322,#4331));
#4303 = ORIENTED_EDGE('',*,*,#4304,.F.);
#4304 = EDGE_CURVE('',#4305,#4307,#4309,.T.);
#4305 = VERTEX_POINT('',#4306);
#4306 = CARTESIAN_POINT('',(-56.,-23.,84.));
#4307 = VERTEX_POINT('',#4308);
#4308 = CARTESIAN_POINT('',(-56.,-27.,84.));
#4309 = CIRCLE('',#4310,2.);
#4310 = AXIS2_PLACEMENT_3D('',#4311,#4312,#4313);
#4311 = CARTESIAN_POINT('',(-56.,-25.,84.));
#4312 = DIRECTION('',(0.,0.,1.));
#4313 = DIRECTION('',(1.,0.,0.));
#4314 = ORIENTED_EDGE('',*,*,#4315,.F.);
#4315 = EDGE_CURVE('',#4316,#4305,#4318,.T.);
#4316 = VERTEX_POINT('',#4317);
#4317 = CARTESIAN_POINT('',(-16.,-23.,84.));
#4318 = LINE('',#4319,#4320);
#4319 = CARTESIAN_POINT('',(-63.,-23.,84.));
#4320 = VECTOR('',#4321,1.);
#4321 = DIRECTION('',(-1.,0.,0.));
#4322 = ORIENTED_EDGE('',*,*,#4323,.F.);
#4323 = EDGE_CURVE('',#4324,#4316,#4326,.T.);
#4324 = VERTEX_POINT('',#4325);
#4325 = CARTESIAN_POINT('',(-16.,-27.,84.));
#4326 = CIRCLE('',#4327,2.);
#4327 = AXIS2_PLACEMENT_3D('',#4328,#4329,#4330);
#4328 = CARTESIAN_POINT('',(-16.,-25.,84.));
#4329 = DIRECTION('',(0.,0.,1.));
#4330 = DIRECTION('',(1.,0.,0.));
#4331 = ORIENTED_EDGE('',*,*,#4332,.T.);
#4332 = EDGE_CURVE('',#4324,#4307,#4333,.T.);
#4333 = LINE('',#4334,#4335);
#4334 = CARTESIAN_POINT('',(-63.,-27.,84.));
#4335 = VECTOR('',#4336,1.);
#4336 = DIRECTION('',(-1.,0.,0.));
#4337 = FACE_BOUND('',#4338,.F.);
#4338 = EDGE_LOOP('',(#4339,#4350,#4358,#4367));
#4339 = ORIENTED_EDGE('',*,*,#4340,.F.);
#4340 = EDGE_CURVE('',#4341,#4343,#4345,.T.);
#4341 = VERTEX_POINT('',#4342);
#4342 = CARTESIAN_POINT('',(-2.,-23.,84.));
#4343 = VERTEX_POINT('',#4344);
#4344 = CARTESIAN_POINT('',(-2.,-27.,84.));
#4345 = CIRCLE('',#4346,2.);
#4346 = AXIS2_PLACEMENT_3D('',#4347,#4348,#4349);
#4347 = CARTESIAN_POINT('',(-2.,-25.,84.));
#4348 = DIRECTION('',(0.,0.,1.));
#4349 = DIRECTION('',(1.,0.,0.));
#4350 = ORIENTED_EDGE('',*,*,#4351,.F.);
#4351 = EDGE_CURVE('',#4352,#4341,#4354,.T.);
#4352 = VERTEX_POINT('',#4353);
#4353 = CARTESIAN_POINT('',(38.,-23.,84.));
#4354 = LINE('',#4355,#4356);
#4355 = CARTESIAN_POINT('',(-36.,-23.,84.));
#4356 = VECTOR('',#4357,1.);
#4357 = DIRECTION('',(-1.,0.,0.));
#4358 = ORIENTED_EDGE('',*,*,#4359,.F.);
#4359 = EDGE_CURVE('',#4360,#4352,#4362,.T.);
#4360 = VERTEX_POINT('',#4361);
#4361 = CARTESIAN_POINT('',(38.,-27.,84.));
#4362 = CIRCLE('',#4363,2.);
#4363 = AXIS2_PLACEMENT_3D('',#4364,#4365,#4366);
#4364 = CARTESIAN_POINT('',(38.,-25.,84.));
#4365 = DIRECTION('',(0.,0.,1.));
#4366 = DIRECTION('',(1.,0.,0.));
#4367 = ORIENTED_EDGE('',*,*,#4368,.T.);
#4368 = EDGE_CURVE('',#4360,#4343,#4369,.T.);
#4369 = LINE('',#4370,#4371);
#4370 = CARTESIAN_POINT('',(-36.,-27.,84.));
#4371 = VECTOR('',#4372,1.);
#4372 = DIRECTION('',(-1.,0.,0.));
#4373 = FACE_BOUND('',#4374,.F.);
#4374 = EDGE_LOOP('',(#4375));
#4375 = ORIENTED_EDGE('',*,*,#4376,.F.);
#4376 = EDGE_CURVE('',#4377,#4377,#4379,.T.);
#4377 = VERTEX_POINT('',#4378);
#4378 = CARTESIAN_POINT('',(61.7,-38.,84.));
#4379 = CIRCLE('',#4380,1.7);
#4380 = AXIS2_PLACEMENT_3D('',#4381,#4382,#4383);
#4381 = CARTESIAN_POINT('',(60.,-38.,84.));
#4382 = DIRECTION('',(0.,0.,1.));
#4383 = DIRECTION('',(1.,0.,0.));
#4384 = FACE_BOUND('',#4385,.F.);
#4385 = EDGE_LOOP('',(#4386,#4397,#4405,#4414));
#4386 = ORIENTED_EDGE('',*,*,#4387,.F.);
#4387 = EDGE_CURVE('',#4388,#4390,#4392,.T.);
#4388 = VERTEX_POINT('',#4389);
#4389 = CARTESIAN_POINT('',(-56.,2.,84.));
#4390 = VERTEX_POINT('',#4391);
#4391 = CARTESIAN_POINT('',(-56.,-2.,84.));
#4392 = CIRCLE('',#4393,2.);
#4393 = AXIS2_PLACEMENT_3D('',#4394,#4395,#4396);
#4394 = CARTESIAN_POINT('',(-56.,0.,84.));
#4395 = DIRECTION('',(0.,0.,1.));
#4396 = DIRECTION('',(1.,0.,0.));
#4397 = ORIENTED_EDGE('',*,*,#4398,.F.);
#4398 = EDGE_CURVE('',#4399,#4388,#4401,.T.);
#4399 = VERTEX_POINT('',#4400);
#4400 = CARTESIAN_POINT('',(-16.,2.,84.));
#4401 = LINE('',#4402,#4403);
#4402 = CARTESIAN_POINT('',(-63.,2.,84.));
#4403 = VECTOR('',#4404,1.);
#4404 = DIRECTION('',(-1.,0.,0.));
#4405 = ORIENTED_EDGE('',*,*,#4406,.F.);
#4406 = EDGE_CURVE('',#4407,#4399,#4409,.T.);
#4407 = VERTEX_POINT('',#4408);
#4408 = CARTESIAN_POINT('',(-16.,-2.,84.));
#4409 = CIRCLE('',#4410,2.);
#4410 = AXIS2_PLACEMENT_3D('',#4411,#4412,#4413);
#4411 = CARTESIAN_POINT('',(-16.,0.,84.));
#4412 = DIRECTION('',(0.,0.,1.));
#4413 = DIRECTION('',(1.,0.,0.));
#4414 = ORIENTED_EDGE('',*,*,#4415,.T.);
#4415 = EDGE_CURVE('',#4407,#4390,#4416,.T.);
#4416 = LINE('',#4417,#4418);
#4417 = CARTESIAN_POINT('',(-63.,-2.,84.));
#4418 = VECTOR('',#4419,1.);
#4419 = DIRECTION('',(-1.,0.,0.));
#4420 = FACE_BOUND('',#4421,.F.);
#4421 = EDGE_LOOP('',(#4422,#4433,#4441,#4450));
#4422 = ORIENTED_EDGE('',*,*,#4423,.F.);
#4423 = EDGE_CURVE('',#4424,#4426,#4428,.T.);
#4424 = VERTEX_POINT('',#4425);
#4425 = CARTESIAN_POINT('',(-56.,27.,84.));
#4426 = VERTEX_POINT('',#4427);
#4427 = CARTESIAN_POINT('',(-56.,23.,84.));
#4428 = CIRCLE('',#4429,2.);
#4429 = AXIS2_PLACEMENT_3D('',#4430,#4431,#4432);
#4430 = CARTESIAN_POINT('',(-56.,25.,84.));
#4431 = DIRECTION('',(0.,0.,1.));
#4432 = DIRECTION('',(1.,0.,0.));
#4433 = ORIENTED_EDGE('',*,*,#4434,.F.);
#4434 = EDGE_CURVE('',#4435,#4424,#4437,.T.);
#4435 = VERTEX_POINT('',#4436);
#4436 = CARTESIAN_POINT('',(-16.,27.,84.));
#4437 = LINE('',#4438,#4439);
#4438 = CARTESIAN_POINT('',(-63.,27.,84.));
#4439 = VECTOR('',#4440,1.);
#4440 = DIRECTION('',(-1.,0.,0.));
#4441 = ORIENTED_EDGE('',*,*,#4442,.F.);
#4442 = EDGE_CURVE('',#4443,#4435,#4445,.T.);
#4443 = VERTEX_POINT('',#4444);
#4444 = CARTESIAN_POINT('',(-16.,23.,84.));
#4445 = CIRCLE('',#4446,2.);
#4446 = AXIS2_PLACEMENT_3D('',#4447,#4448,#4449);
#4447 = CARTESIAN_POINT('',(-16.,25.,84.));
#4448 = DIRECTION('',(0.,0.,1.));
#4449 = DIRECTION('',(1.,0.,0.));
#4450 = ORIENTED_EDGE('',*,*,#4451,.T.);
#4451 = EDGE_CURVE('',#4443,#4426,#4452,.T.);
#4452 = LINE('',#4453,#4454);
#4453 = CARTESIAN_POINT('',(-63.,23.,84.));
#4454 = VECTOR('',#4455,1.);
#4455 = DIRECTION('',(-1.,0.,0.));
#4456 = FACE_BOUND('',#4457,.F.);
#4457 = EDGE_LOOP('',(#4458));
#4458 = ORIENTED_EDGE('',*,*,#4459,.F.);
#4459 = EDGE_CURVE('',#4460,#4460,#4462,.T.);
#4460 = VERTEX_POINT('',#4461);
#4461 = CARTESIAN_POINT('',(-58.3,38.,84.));
#4462 = CIRCLE('',#4463,1.7);
#4463 = AXIS2_PLACEMENT_3D('',#4464,#4465,#4466);
#4464 = CARTESIAN_POINT('',(-60.,38.,84.));
#4465 = DIRECTION('',(0.,0.,1.));
#4466 = DIRECTION('',(1.,0.,0.));
#4467 = FACE_BOUND('',#4468,.F.);
#4468 = EDGE_LOOP('',(#4469,#4480,#4488,#4497));
#4469 = ORIENTED_EDGE('',*,*,#4470,.F.);
#4470 = EDGE_CURVE('',#4471,#4473,#4475,.T.);
#4471 = VERTEX_POINT('',#4472);
#4472 = CARTESIAN_POINT('',(-2.,2.,84.));
#4473 = VERTEX_POINT('',#4474);
#4474 = CARTESIAN_POINT('',(-2.,-2.,84.));
#4475 = CIRCLE('',#4476,2.);
#4476 = AXIS2_PLACEMENT_3D('',#4477,#4478,#4479);
#4477 = CARTESIAN_POINT('',(-2.,0.,84.));
#4478 = DIRECTION('',(0.,0.,1.));
#4479 = DIRECTION('',(1.,0.,0.));
#4480 = ORIENTED_EDGE('',*,*,#4481,.F.);
#4481 = EDGE_CURVE('',#4482,#4471,#4484,.T.);
#4482 = VERTEX_POINT('',#4483);
#4483 = CARTESIAN_POINT('',(38.,2.,84.));
#4484 = LINE('',#4485,#4486);
#4485 = CARTESIAN_POINT('',(-36.,2.,84.));
#4486 = VECTOR('',#4487,1.);
#4487 = DIRECTION('',(-1.,0.,0.));
#4488 = ORIENTED_EDGE('',*,*,#4489,.F.);
#4489 = EDGE_CURVE('',#4490,#4482,#4492,.T.);
#4490 = VERTEX_POINT('',#4491);
#4491 = CARTESIAN_POINT('',(38.,-2.,84.));
#4492 = CIRCLE('',#4493,2.);
#4493 = AXIS2_PLACEMENT_3D('',#4494,#4495,#4496);
#4494 = CARTESIAN_POINT('',(38.,0.,84.));
#4495 = DIRECTION('',(0.,0.,1.));
#4496 = DIRECTION('',(1.,0.,0.));
#4497 = ORIENTED_EDGE('',*,*,#4498,.T.);
#4498 = EDGE_CURVE('',#4490,#4473,#4499,.T.);
#4499 = LINE('',#4500,#4501);
#4500 = CARTESIAN_POINT('',(-36.,-2.,84.));
#4501 = VECTOR('',#4502,1.);
#4502 = DIRECTION('',(-1.,0.,0.));
#4503 = FACE_BOUND('',#4504,.F.);
#4504 = EDGE_LOOP('',(#4505,#4516,#4524,#4533));
#4505 = ORIENTED_EDGE('',*,*,#4506,.F.);
#4506 = EDGE_CURVE('',#4507,#4509,#4511,.T.);
#4507 = VERTEX_POINT('',#4508);
#4508 = CARTESIAN_POINT('',(55.,-27.,84.));
#4509 = VERTEX_POINT('',#4510);
#4510 = CARTESIAN_POINT('',(59.,-27.,84.));
#4511 = CIRCLE('',#4512,2.);
#4512 = AXIS2_PLACEMENT_3D('',#4513,#4514,#4515);
#4513 = CARTESIAN_POINT('',(57.,-27.,84.));
#4514 = DIRECTION('',(0.,0.,1.));
#4515 = DIRECTION('',(1.,0.,0.));
#4516 = ORIENTED_EDGE('',*,*,#4517,.T.);
#4517 = EDGE_CURVE('',#4507,#4518,#4520,.T.);
#4518 = VERTEX_POINT('',#4519);
#4519 = CARTESIAN_POINT('',(55.,27.,84.));
#4520 = LINE('',#4521,#4522);
#4521 = CARTESIAN_POINT('',(55.,-37.5,84.));
#4522 = VECTOR('',#4523,1.);
#4523 = DIRECTION('',(0.,1.,0.));
#4524 = ORIENTED_EDGE('',*,*,#4525,.F.);
#4525 = EDGE_CURVE('',#4526,#4518,#4528,.T.);
#4526 = VERTEX_POINT('',#4527);
#4527 = CARTESIAN_POINT('',(59.,27.,84.));
#4528 = CIRCLE('',#4529,2.);
#4529 = AXIS2_PLACEMENT_3D('',#4530,#4531,#4532);
#4530 = CARTESIAN_POINT('',(57.,27.,84.));
#4531 = DIRECTION('',(0.,0.,1.));
#4532 = DIRECTION('',(1.,0.,0.));
#4533 = ORIENTED_EDGE('',*,*,#4534,.F.);
#4534 = EDGE_CURVE('',#4509,#4526,#4535,.T.);
#4535 = LINE('',#4536,#4537);
#4536 = CARTESIAN_POINT('',(59.,-37.5,84.));
#4537 = VECTOR('',#4538,1.);
#4538 = DIRECTION('',(0.,1.,0.));
#4539 = FACE_BOUND('',#4540,.F.);
#4540 = EDGE_LOOP('',(#4541,#4552,#4560,#4569));
#4541 = ORIENTED_EDGE('',*,*,#4542,.F.);
#4542 = EDGE_CURVE('',#4543,#4545,#4547,.T.);
#4543 = VERTEX_POINT('',#4544);
#4544 = CARTESIAN_POINT('',(-2.,27.,84.));
#4545 = VERTEX_POINT('',#4546);
#4546 = CARTESIAN_POINT('',(-2.,23.,84.));
#4547 = CIRCLE('',#4548,2.);
#4548 = AXIS2_PLACEMENT_3D('',#4549,#4550,#4551);
#4549 = CARTESIAN_POINT('',(-2.,25.,84.));
#4550 = DIRECTION('',(0.,0.,1.));
#4551 = DIRECTION('',(1.,0.,0.));
#4552 = ORIENTED_EDGE('',*,*,#4553,.F.);
#4553 = EDGE_CURVE('',#4554,#4543,#4556,.T.);
#4554 = VERTEX_POINT('',#4555);
#4555 = CARTESIAN_POINT('',(38.,27.,84.));
#4556 = LINE('',#4557,#4558);
#4557 = CARTESIAN_POINT('',(-36.,27.,84.));
#4558 = VECTOR('',#4559,1.);
#4559 = DIRECTION('',(-1.,0.,0.));
#4560 = ORIENTED_EDGE('',*,*,#4561,.F.);
#4561 = EDGE_CURVE('',#4562,#4554,#4564,.T.);
#4562 = VERTEX_POINT('',#4563);
#4563 = CARTESIAN_POINT('',(38.,23.,84.));
#4564 = CIRCLE('',#4565,2.);
#4565 = AXIS2_PLACEMENT_3D('',#4566,#4567,#4568);
#4566 = CARTESIAN_POINT('',(38.,25.,84.));
#4567 = DIRECTION('',(0.,0.,1.));
#4568 = DIRECTION('',(1.,0.,0.));
#4569 = ORIENTED_EDGE('',*,*,#4570,.T.);
#4570 = EDGE_CURVE('',#4562,#4545,#4571,.T.);
#4571 = LINE('',#4572,#4573);
#4572 = CARTESIAN_POINT('',(-36.,23.,84.));
#4573 = VECTOR('',#4574,1.);
#4574 = DIRECTION('',(-1.,0.,0.));
#4575 = FACE_BOUND('',#4576,.F.);
#4576 = EDGE_LOOP('',(#4577));
#4577 = ORIENTED_EDGE('',*,*,#4578,.F.);
#4578 = EDGE_CURVE('',#4579,#4579,#4581,.T.);
#4579 = VERTEX_POINT('',#4580);
#4580 = CARTESIAN_POINT('',(61.7,38.,84.));
#4581 = CIRCLE('',#4582,1.7);
#4582 = AXIS2_PLACEMENT_3D('',#4583,#4584,#4585);
#4583 = CARTESIAN_POINT('',(60.,38.,84.));
#4584 = DIRECTION('',(0.,0.,1.));
#4585 = DIRECTION('',(1.,0.,0.));
#4586 = PLANE('',#4587);
#4587 = AXIS2_PLACEMENT_3D('',#4588,#4589,#4590);
#4588 = CARTESIAN_POINT('',(-70.,-48.,84.));
#4589 = DIRECTION('',(0.,0.,1.));
#4590 = DIRECTION('',(1.,0.,0.));
#4591 = ADVANCED_FACE('',(#4592),#4598,.T.);
#4592 = FACE_BOUND('',#4593,.T.);
#4593 = EDGE_LOOP('',(#4594,#4595,#4596,#4597));
#4594 = ORIENTED_EDGE('',*,*,#3924,.F.);
#4595 = ORIENTED_EDGE('',*,*,#4284,.T.);
#4596 = ORIENTED_EDGE('',*,*,#4268,.T.);
#4597 = ORIENTED_EDGE('',*,*,#3940,.F.);
#4598 = PLANE('',#4599);
#4599 = AXIS2_PLACEMENT_3D('',#4600,#4601,#4602);
#4600 = CARTESIAN_POINT('',(70.,-48.,84.));
#4601 = DIRECTION('',(1.,0.,0.));
#4602 = DIRECTION('',(0.,0.,1.));
#4603 = ADVANCED_FACE('',(#4604),#4615,.F.);
#4604 = FACE_BOUND('',#4605,.F.);
#4605 = EDGE_LOOP('',(#4606,#4607,#4613,#4614));
#4606 = ORIENTED_EDGE('',*,*,#3956,.F.);
#4607 = ORIENTED_EDGE('',*,*,#4608,.F.);
#4608 = EDGE_CURVE('',#4294,#3957,#4609,.T.);
#4609 = LINE('',#4610,#4611);
#4610 = CARTESIAN_POINT('',(-58.3,-38.,83.));
#4611 = VECTOR('',#4612,1.);
#4612 = DIRECTION('',(0.,0.,1.));
#4613 = ORIENTED_EDGE('',*,*,#4293,.T.);
#4614 = ORIENTED_EDGE('',*,*,#4608,.T.);
#4615 = CYLINDRICAL_SURFACE('',#4616,1.7);
#4616 = AXIS2_PLACEMENT_3D('',#4617,#4618,#4619);
#4617 = CARTESIAN_POINT('',(-60.,-38.,83.));
#4618 = DIRECTION('',(0.,0.,1.));
#4619 = DIRECTION('',(1.,0.,0.));
#4620 = ADVANCED_FACE('',(#4621),#4637,.F.);
#4621 = FACE_BOUND('',#4622,.F.);
#4622 = EDGE_LOOP('',(#4623,#4624,#4630,#4631));
#4623 = ORIENTED_EDGE('',*,*,#3967,.F.);
#4624 = ORIENTED_EDGE('',*,*,#4625,.F.);
#4625 = EDGE_CURVE('',#4305,#3968,#4626,.T.);
#4626 = LINE('',#4627,#4628);
#4627 = CARTESIAN_POINT('',(-56.,-23.,83.));
#4628 = VECTOR('',#4629,1.);
#4629 = DIRECTION('',(0.,0.,1.));
#4630 = ORIENTED_EDGE('',*,*,#4304,.T.);
#4631 = ORIENTED_EDGE('',*,*,#4632,.T.);
#4632 = EDGE_CURVE('',#4307,#3970,#4633,.T.);
#4633 = LINE('',#4634,#4635);
#4634 = CARTESIAN_POINT('',(-56.,-27.,83.));
#4635 = VECTOR('',#4636,1.);
#4636 = DIRECTION('',(0.,0.,1.));
#4637 = CYLINDRICAL_SURFACE('',#4638,2.);
#4638 = AXIS2_PLACEMENT_3D('',#4639,#4640,#4641);
#4639 = CARTESIAN_POINT('',(-56.,-25.,83.));
#4640 = DIRECTION('',(0.,0.,1.));
#4641 = DIRECTION('',(1.,0.,0.));
#4642 = ADVANCED_FACE('',(#4643),#4654,.F.);
#4643 = FACE_BOUND('',#4644,.F.);
#4644 = EDGE_LOOP('',(#4645,#4646,#4647,#4648));
#4645 = ORIENTED_EDGE('',*,*,#4315,.T.);
#4646 = ORIENTED_EDGE('',*,*,#4625,.T.);
#4647 = ORIENTED_EDGE('',*,*,#3978,.F.);
#4648 = ORIENTED_EDGE('',*,*,#4649,.F.);
#4649 = EDGE_CURVE('',#4316,#3979,#4650,.T.);
#4650 = LINE('',#4651,#4652);
#4651 = CARTESIAN_POINT('',(-16.,-23.,83.));
#4652 = VECTOR('',#4653,1.);
#4653 = DIRECTION('',(0.,0.,1.));
#4654 = PLANE('',#4655);
#4655 = AXIS2_PLACEMENT_3D('',#4656,#4657,#4658);
#4656 = CARTESIAN_POINT('',(-56.,-23.,83.));
#4657 = DIRECTION('',(0.,1.,0.));
#4658 = DIRECTION('',(0.,0.,1.));
#4659 = ADVANCED_FACE('',(#4660),#4671,.T.);
#4660 = FACE_BOUND('',#4661,.T.);
#4661 = EDGE_LOOP('',(#4662,#4663,#4664,#4665));
#4662 = ORIENTED_EDGE('',*,*,#4332,.T.);
#4663 = ORIENTED_EDGE('',*,*,#4632,.T.);
#4664 = ORIENTED_EDGE('',*,*,#3995,.F.);
#4665 = ORIENTED_EDGE('',*,*,#4666,.F.);
#4666 = EDGE_CURVE('',#4324,#3987,#4667,.T.);
#4667 = LINE('',#4668,#4669);
#4668 = CARTESIAN_POINT('',(-16.,-27.,83.));
#4669 = VECTOR('',#4670,1.);
#4670 = DIRECTION('',(0.,0.,1.));
#4671 = PLANE('',#4672);
#4672 = AXIS2_PLACEMENT_3D('',#4673,#4674,#4675);
#4673 = CARTESIAN_POINT('',(-56.,-27.,83.));
#4674 = DIRECTION('',(0.,1.,0.));
#4675 = DIRECTION('',(0.,0.,1.));
#4676 = ADVANCED_FACE('',(#4677),#4683,.F.);
#4677 = FACE_BOUND('',#4678,.F.);
#4678 = EDGE_LOOP('',(#4679,#4680,#4681,#4682));
#4679 = ORIENTED_EDGE('',*,*,#3986,.F.);
#4680 = ORIENTED_EDGE('',*,*,#4666,.F.);
#4681 = ORIENTED_EDGE('',*,*,#4323,.T.);
#4682 = ORIENTED_EDGE('',*,*,#4649,.T.);
#4683 = CYLINDRICAL_SURFACE('',#4684,2.);
#4684 = AXIS2_PLACEMENT_3D('',#4685,#4686,#4687);
#4685 = CARTESIAN_POINT('',(-16.,-25.,83.));
#4686 = DIRECTION('',(0.,0.,1.));
#4687 = DIRECTION('',(1.,0.,0.));
#4688 = ADVANCED_FACE('',(#4689),#4705,.F.);
#4689 = FACE_BOUND('',#4690,.F.);
#4690 = EDGE_LOOP('',(#4691,#4692,#4698,#4699));
#4691 = ORIENTED_EDGE('',*,*,#4003,.F.);
#4692 = ORIENTED_EDGE('',*,*,#4693,.F.);
#4693 = EDGE_CURVE('',#4341,#4004,#4694,.T.);
#4694 = LINE('',#4695,#4696);
#4695 = CARTESIAN_POINT('',(-2.,-23.,83.));
#4696 = VECTOR('',#4697,1.);
#4697 = DIRECTION('',(0.,0.,1.));
#4698 = ORIENTED_EDGE('',*,*,#4340,.T.);
#4699 = ORIENTED_EDGE('',*,*,#4700,.T.);
#4700 = EDGE_CURVE('',#4343,#4006,#4701,.T.);
#4701 = LINE('',#4702,#4703);
#4702 = CARTESIAN_POINT('',(-2.,-27.,83.));
#4703 = VECTOR('',#4704,1.);
#4704 = DIRECTION('',(0.,0.,1.));
#4705 = CYLINDRICAL_SURFACE('',#4706,2.);
#4706 = AXIS2_PLACEMENT_3D('',#4707,#4708,#4709);
#4707 = CARTESIAN_POINT('',(-2.,-25.,83.));
#4708 = DIRECTION('',(0.,0.,1.));
#4709 = DIRECTION('',(1.,0.,0.));
#4710 = ADVANCED_FACE('',(#4711),#4722,.F.);
#4711 = FACE_BOUND('',#4712,.F.);
#4712 = EDGE_LOOP('',(#4713,#4714,#4715,#4716));
#4713 = ORIENTED_EDGE('',*,*,#4351,.T.);
#4714 = ORIENTED_EDGE('',*,*,#4693,.T.);
#4715 = ORIENTED_EDGE('',*,*,#4014,.F.);
#4716 = ORIENTED_EDGE('',*,*,#4717,.F.);
#4717 = EDGE_CURVE('',#4352,#4015,#4718,.T.);
#4718 = LINE('',#4719,#4720);
#4719 = CARTESIAN_POINT('',(38.,-23.,83.));
#4720 = VECTOR('',#4721,1.);
#4721 = DIRECTION('',(0.,0.,1.));
#4722 = PLANE('',#4723);
#4723 = AXIS2_PLACEMENT_3D('',#4724,#4725,#4726);
#4724 = CARTESIAN_POINT('',(-2.,-23.,83.));
#4725 = DIRECTION('',(0.,1.,0.));
#4726 = DIRECTION('',(0.,0.,1.));
#4727 = ADVANCED_FACE('',(#4728),#4739,.T.);
#4728 = FACE_BOUND('',#4729,.T.);
#4729 = EDGE_LOOP('',(#4730,#4731,#4732,#4733));
#4730 = ORIENTED_EDGE('',*,*,#4368,.T.);
#4731 = ORIENTED_EDGE('',*,*,#4700,.T.);
#4732 = ORIENTED_EDGE('',*,*,#4031,.F.);
#4733 = ORIENTED_EDGE('',*,*,#4734,.F.);
#4734 = EDGE_CURVE('',#4360,#4023,#4735,.T.);
#4735 = LINE('',#4736,#4737);
#4736 = CARTESIAN_POINT('',(38.,-27.,83.));
#4737 = VECTOR('',#4738,1.);
#4738 = DIRECTION('',(0.,0.,1.));
#4739 = PLANE('',#4740);
#4740 = AXIS2_PLACEMENT_3D('',#4741,#4742,#4743);
#4741 = CARTESIAN_POINT('',(-2.,-27.,83.));
#4742 = DIRECTION('',(0.,1.,0.));
#4743 = DIRECTION('',(0.,0.,1.));
#4744 = ADVANCED_FACE('',(#4745),#4751,.F.);
#4745 = FACE_BOUND('',#4746,.F.);
#4746 = EDGE_LOOP('',(#4747,#4748,#4749,#4750));
#4747 = ORIENTED_EDGE('',*,*,#4022,.F.);
#4748 = ORIENTED_EDGE('',*,*,#4734,.F.);
#4749 = ORIENTED_EDGE('',*,*,#4359,.T.);
#4750 = ORIENTED_EDGE('',*,*,#4717,.T.);
#4751 = CYLINDRICAL_SURFACE('',#4752,2.);
#4752 = AXIS2_PLACEMENT_3D('',#4753,#4754,#4755);
#4753 = CARTESIAN_POINT('',(38.,-25.,83.));
#4754 = DIRECTION('',(0.,0.,1.));
#4755 = DIRECTION('',(1.,0.,0.));
#4756 = ADVANCED_FACE('',(#4757),#4768,.F.);
#4757 = FACE_BOUND('',#4758,.F.);
#4758 = EDGE_LOOP('',(#4759,#4760,#4766,#4767));
#4759 = ORIENTED_EDGE('',*,*,#4039,.F.);
#4760 = ORIENTED_EDGE('',*,*,#4761,.F.);
#4761 = EDGE_CURVE('',#4377,#4040,#4762,.T.);
#4762 = LINE('',#4763,#4764);
#4763 = CARTESIAN_POINT('',(61.7,-38.,83.));
#4764 = VECTOR('',#4765,1.);
#4765 = DIRECTION('',(0.,0.,1.));
#4766 = ORIENTED_EDGE('',*,*,#4376,.T.);
#4767 = ORIENTED_EDGE('',*,*,#4761,.T.);
#4768 = CYLINDRICAL_SURFACE('',#4769,1.7);
#4769 = AXIS2_PLACEMENT_3D('',#4770,#4771,#4772);
#4770 = CARTESIAN_POINT('',(60.,-38.,83.));
#4771 = DIRECTION('',(0.,0.,1.));
#4772 = DIRECTION('',(1.,0.,0.));
#4773 = ADVANCED_FACE('',(#4774),#4790,.F.);
#4774 = FACE_BOUND('',#4775,.F.);
#4775 = EDGE_LOOP('',(#4776,#4777,#4783,#4784));
#4776 = ORIENTED_EDGE('',*,*,#4050,.F.);
#4777 = ORIENTED_EDGE('',*,*,#4778,.F.);
#4778 = EDGE_CURVE('',#4388,#4051,#4779,.T.);
#4779 = LINE('',#4780,#4781);
#4780 = CARTESIAN_POINT('',(-56.,2.,83.));
#4781 = VECTOR('',#4782,1.);
#4782 = DIRECTION('',(0.,0.,1.));
#4783 = ORIENTED_EDGE('',*,*,#4387,.T.);
#4784 = ORIENTED_EDGE('',*,*,#4785,.T.);
#4785 = EDGE_CURVE('',#4390,#4053,#4786,.T.);
#4786 = LINE('',#4787,#4788);
#4787 = CARTESIAN_POINT('',(-56.,-2.,83.));
#4788 = VECTOR('',#4789,1.);
#4789 = DIRECTION('',(0.,0.,1.));
#4790 = CYLINDRICAL_SURFACE('',#4791,2.);
#4791 = AXIS2_PLACEMENT_3D('',#4792,#4793,#4794);
#4792 = CARTESIAN_POINT('',(-56.,0.,83.));
#4793 = DIRECTION('',(0.,0.,1.));
#4794 = DIRECTION('',(1.,0.,0.));
#4795 = ADVANCED_FACE('',(#4796),#4807,.F.);
#4796 = FACE_BOUND('',#4797,.F.);
#4797 = EDGE_LOOP('',(#4798,#4799,#4800,#4801));
#4798 = ORIENTED_EDGE('',*,*,#4398,.T.);
#4799 = ORIENTED_EDGE('',*,*,#4778,.T.);
#4800 = ORIENTED_EDGE('',*,*,#4061,.F.);
#4801 = ORIENTED_EDGE('',*,*,#4802,.F.);
#4802 = EDGE_CURVE('',#4399,#4062,#4803,.T.);
#4803 = LINE('',#4804,#4805);
#4804 = CARTESIAN_POINT('',(-16.,2.,83.));
#4805 = VECTOR('',#4806,1.);
#4806 = DIRECTION('',(0.,0.,1.));
#4807 = PLANE('',#4808);
#4808 = AXIS2_PLACEMENT_3D('',#4809,#4810,#4811);
#4809 = CARTESIAN_POINT('',(-56.,2.,83.));
#4810 = DIRECTION('',(0.,1.,0.));
#4811 = DIRECTION('',(0.,0.,1.));
#4812 = ADVANCED_FACE('',(#4813),#4824,.T.);
#4813 = FACE_BOUND('',#4814,.T.);
#4814 = EDGE_LOOP('',(#4815,#4816,#4817,#4818));
#4815 = ORIENTED_EDGE('',*,*,#4415,.T.);
#4816 = ORIENTED_EDGE('',*,*,#4785,.T.);
#4817 = ORIENTED_EDGE('',*,*,#4078,.F.);
#4818 = ORIENTED_EDGE('',*,*,#4819,.F.);
#4819 = EDGE_CURVE('',#4407,#4070,#4820,.T.);
#4820 = LINE('',#4821,#4822);
#4821 = CARTESIAN_POINT('',(-16.,-2.,83.));
#4822 = VECTOR('',#4823,1.);
#4823 = DIRECTION('',(0.,0.,1.));
#4824 = PLANE('',#4825);
#4825 = AXIS2_PLACEMENT_3D('',#4826,#4827,#4828);
#4826 = CARTESIAN_POINT('',(-56.,-2.,83.));
#4827 = DIRECTION('',(0.,1.,0.));
#4828 = DIRECTION('',(0.,0.,1.));
#4829 = ADVANCED_FACE('',(#4830),#4836,.F.);
#4830 = FACE_BOUND('',#4831,.F.);
#4831 = EDGE_LOOP('',(#4832,#4833,#4834,#4835));
#4832 = ORIENTED_EDGE('',*,*,#4069,.F.);
#4833 = ORIENTED_EDGE('',*,*,#4819,.F.);
#4834 = ORIENTED_EDGE('',*,*,#4406,.T.);
#4835 = ORIENTED_EDGE('',*,*,#4802,.T.);
#4836 = CYLINDRICAL_SURFACE('',#4837,2.);
#4837 = AXIS2_PLACEMENT_3D('',#4838,#4839,#4840);
#4838 = CARTESIAN_POINT('',(-16.,0.,83.));
#4839 = DIRECTION('',(0.,0.,1.));
#4840 = DIRECTION('',(1.,0.,0.));
#4841 = ADVANCED_FACE('',(#4842),#4858,.F.);
#4842 = FACE_BOUND('',#4843,.F.);
#4843 = EDGE_LOOP('',(#4844,#4845,#4851,#4852));
#4844 = ORIENTED_EDGE('',*,*,#4086,.F.);
#4845 = ORIENTED_EDGE('',*,*,#4846,.F.);
#4846 = EDGE_CURVE('',#4424,#4087,#4847,.T.);
#4847 = LINE('',#4848,#4849);
#4848 = CARTESIAN_POINT('',(-56.,27.,83.));
#4849 = VECTOR('',#4850,1.);
#4850 = DIRECTION('',(0.,0.,1.));
#4851 = ORIENTED_EDGE('',*,*,#4423,.T.);
#4852 = ORIENTED_EDGE('',*,*,#4853,.T.);
#4853 = EDGE_CURVE('',#4426,#4089,#4854,.T.);
#4854 = LINE('',#4855,#4856);
#4855 = CARTESIAN_POINT('',(-56.,23.,83.));
#4856 = VECTOR('',#4857,1.);
#4857 = DIRECTION('',(0.,0.,1.));
#4858 = CYLINDRICAL_SURFACE('',#4859,2.);
#4859 = AXIS2_PLACEMENT_3D('',#4860,#4861,#4862);
#4860 = CARTESIAN_POINT('',(-56.,25.,83.));
#4861 = DIRECTION('',(0.,0.,1.));
#4862 = DIRECTION('',(1.,0.,0.));
#4863 = ADVANCED_FACE('',(#4864),#4875,.F.);
#4864 = FACE_BOUND('',#4865,.F.);
#4865 = EDGE_LOOP('',(#4866,#4867,#4868,#4869));
#4866 = ORIENTED_EDGE('',*,*,#4434,.T.);
#4867 = ORIENTED_EDGE('',*,*,#4846,.T.);
#4868 = ORIENTED_EDGE('',*,*,#4097,.F.);
#4869 = ORIENTED_EDGE('',*,*,#4870,.F.);
#4870 = EDGE_CURVE('',#4435,#4098,#4871,.T.);
#4871 = LINE('',#4872,#4873);
#4872 = CARTESIAN_POINT('',(-16.,27.,83.));
#4873 = VECTOR('',#4874,1.);
#4874 = DIRECTION('',(0.,0.,1.));
#4875 = PLANE('',#4876);
#4876 = AXIS2_PLACEMENT_3D('',#4877,#4878,#4879);
#4877 = CARTESIAN_POINT('',(-56.,27.,83.));
#4878 = DIRECTION('',(0.,1.,0.));
#4879 = DIRECTION('',(0.,0.,1.));
#4880 = ADVANCED_FACE('',(#4881),#4892,.T.);
#4881 = FACE_BOUND('',#4882,.T.);
#4882 = EDGE_LOOP('',(#4883,#4884,#4885,#4886));
#4883 = ORIENTED_EDGE('',*,*,#4451,.T.);
#4884 = ORIENTED_EDGE('',*,*,#4853,.T.);
#4885 = ORIENTED_EDGE('',*,*,#4114,.F.);
#4886 = ORIENTED_EDGE('',*,*,#4887,.F.);
#4887 = EDGE_CURVE('',#4443,#4106,#4888,.T.);
#4888 = LINE('',#4889,#4890);
#4889 = CARTESIAN_POINT('',(-16.,23.,83.));
#4890 = VECTOR('',#4891,1.);
#4891 = DIRECTION('',(0.,0.,1.));
#4892 = PLANE('',#4893);
#4893 = AXIS2_PLACEMENT_3D('',#4894,#4895,#4896);
#4894 = CARTESIAN_POINT('',(-56.,23.,83.));
#4895 = DIRECTION('',(0.,1.,0.));
#4896 = DIRECTION('',(0.,0.,1.));
#4897 = ADVANCED_FACE('',(#4898),#4904,.F.);
#4898 = FACE_BOUND('',#4899,.F.);
#4899 = EDGE_LOOP('',(#4900,#4901,#4902,#4903));
#4900 = ORIENTED_EDGE('',*,*,#4105,.F.);
#4901 = ORIENTED_EDGE('',*,*,#4887,.F.);
#4902 = ORIENTED_EDGE('',*,*,#4442,.T.);
#4903 = ORIENTED_EDGE('',*,*,#4870,.T.);
#4904 = CYLINDRICAL_SURFACE('',#4905,2.);
#4905 = AXIS2_PLACEMENT_3D('',#4906,#4907,#4908);
#4906 = CARTESIAN_POINT('',(-16.,25.,83.));
#4907 = DIRECTION('',(0.,0.,1.));
#4908 = DIRECTION('',(1.,0.,0.));
#4909 = ADVANCED_FACE('',(#4910),#4921,.F.);
#4910 = FACE_BOUND('',#4911,.F.);
#4911 = EDGE_LOOP('',(#4912,#4913,#4919,#4920));
#4912 = ORIENTED_EDGE('',*,*,#4122,.F.);
#4913 = ORIENTED_EDGE('',*,*,#4914,.F.);
#4914 = EDGE_CURVE('',#4460,#4123,#4915,.T.);
#4915 = LINE('',#4916,#4917);
#4916 = CARTESIAN_POINT('',(-58.3,38.,83.));
#4917 = VECTOR('',#4918,1.);
#4918 = DIRECTION('',(0.,0.,1.));
#4919 = ORIENTED_EDGE('',*,*,#4459,.T.);
#4920 = ORIENTED_EDGE('',*,*,#4914,.T.);
#4921 = CYLINDRICAL_SURFACE('',#4922,1.7);
#4922 = AXIS2_PLACEMENT_3D('',#4923,#4924,#4925);
#4923 = CARTESIAN_POINT('',(-60.,38.,83.));
#4924 = DIRECTION('',(0.,0.,1.));
#4925 = DIRECTION('',(1.,0.,0.));
#4926 = ADVANCED_FACE('',(#4927),#4943,.F.);
#4927 = FACE_BOUND('',#4928,.F.);
#4928 = EDGE_LOOP('',(#4929,#4930,#4936,#4937));
#4929 = ORIENTED_EDGE('',*,*,#4133,.F.);
#4930 = ORIENTED_EDGE('',*,*,#4931,.F.);
#4931 = EDGE_CURVE('',#4471,#4134,#4932,.T.);
#4932 = LINE('',#4933,#4934);
#4933 = CARTESIAN_POINT('',(-2.,2.,83.));
#4934 = VECTOR('',#4935,1.);
#4935 = DIRECTION('',(0.,0.,1.));
#4936 = ORIENTED_EDGE('',*,*,#4470,.T.);
#4937 = ORIENTED_EDGE('',*,*,#4938,.T.);
#4938 = EDGE_CURVE('',#4473,#4136,#4939,.T.);
#4939 = LINE('',#4940,#4941);
#4940 = CARTESIAN_POINT('',(-2.,-2.,83.));
#4941 = VECTOR('',#4942,1.);
#4942 = DIRECTION('',(0.,0.,1.));
#4943 = CYLINDRICAL_SURFACE('',#4944,2.);
#4944 = AXIS2_PLACEMENT_3D('',#4945,#4946,#4947);
#4945 = CARTESIAN_POINT('',(-2.,0.,83.));
#4946 = DIRECTION('',(0.,0.,1.));
#4947 = DIRECTION('',(1.,0.,0.));
#4948 = ADVANCED_FACE('',(#4949),#4960,.F.);
#4949 = FACE_BOUND('',#4950,.F.);
#4950 = EDGE_LOOP('',(#4951,#4952,#4953,#4954));
#4951 = ORIENTED_EDGE('',*,*,#4481,.T.);
#4952 = ORIENTED_EDGE('',*,*,#4931,.T.);
#4953 = ORIENTED_EDGE('',*,*,#4144,.F.);
#4954 = ORIENTED_EDGE('',*,*,#4955,.F.);
#4955 = EDGE_CURVE('',#4482,#4145,#4956,.T.);
#4956 = LINE('',#4957,#4958);
#4957 = CARTESIAN_POINT('',(38.,2.,83.));
#4958 = VECTOR('',#4959,1.);
#4959 = DIRECTION('',(0.,0.,1.));
#4960 = PLANE('',#4961);
#4961 = AXIS2_PLACEMENT_3D('',#4962,#4963,#4964);
#4962 = CARTESIAN_POINT('',(-2.,2.,83.));
#4963 = DIRECTION('',(0.,1.,0.));
#4964 = DIRECTION('',(0.,0.,1.));
#4965 = ADVANCED_FACE('',(#4966),#4977,.T.);
#4966 = FACE_BOUND('',#4967,.T.);
#4967 = EDGE_LOOP('',(#4968,#4969,#4970,#4971));
#4968 = ORIENTED_EDGE('',*,*,#4498,.T.);
#4969 = ORIENTED_EDGE('',*,*,#4938,.T.);
#4970 = ORIENTED_EDGE('',*,*,#4161,.F.);
#4971 = ORIENTED_EDGE('',*,*,#4972,.F.);
#4972 = EDGE_CURVE('',#4490,#4153,#4973,.T.);
#4973 = LINE('',#4974,#4975);
#4974 = CARTESIAN_POINT('',(38.,-2.,83.));
#4975 = VECTOR('',#4976,1.);
#4976 = DIRECTION('',(0.,0.,1.));
#4977 = PLANE('',#4978);
#4978 = AXIS2_PLACEMENT_3D('',#4979,#4980,#4981);
#4979 = CARTESIAN_POINT('',(-2.,-2.,83.));
#4980 = DIRECTION('',(0.,1.,0.));
#4981 = DIRECTION('',(0.,0.,1.));
#4982 = ADVANCED_FACE('',(#4983),#4989,.F.);
#4983 = FACE_BOUND('',#4984,.F.);
#4984 = EDGE_LOOP('',(#4985,#4986,#4987,#4988));
#4985 = ORIENTED_EDGE('',*,*,#4152,.F.);
#4986 = ORIENTED_EDGE('',*,*,#4972,.F.);
#4987 = ORIENTED_EDGE('',*,*,#4489,.T.);
#4988 = ORIENTED_EDGE('',*,*,#4955,.T.);
#4989 = CYLINDRICAL_SURFACE('',#4990,2.);
#4990 = AXIS2_PLACEMENT_3D('',#4991,#4992,#4993);
#4991 = CARTESIAN_POINT('',(38.,0.,83.));
#4992 = DIRECTION('',(0.,0.,1.));
#4993 = DIRECTION('',(1.,0.,0.));
#4994 = ADVANCED_FACE('',(#4995),#5011,.F.);
#4995 = FACE_BOUND('',#4996,.F.);
#4996 = EDGE_LOOP('',(#4997,#4998,#5004,#5005));
#4997 = ORIENTED_EDGE('',*,*,#4506,.T.);
#4998 = ORIENTED_EDGE('',*,*,#4999,.T.);
#4999 = EDGE_CURVE('',#4509,#4172,#5000,.T.);
#5000 = LINE('',#5001,#5002);
#5001 = CARTESIAN_POINT('',(59.,-27.,83.));
#5002 = VECTOR('',#5003,1.);
#5003 = DIRECTION('',(0.,0.,1.));
#5004 = ORIENTED_EDGE('',*,*,#4169,.F.);
#5005 = ORIENTED_EDGE('',*,*,#5006,.F.);
#5006 = EDGE_CURVE('',#4507,#4170,#5007,.T.);
#5007 = LINE('',#5008,#5009);
#5008 = CARTESIAN_POINT('',(55.,-27.,83.));
#5009 = VECTOR('',#5010,1.);
#5010 = DIRECTION('',(0.,0.,1.));
#5011 = CYLINDRICAL_SURFACE('',#5012,2.);
#5012 = AXIS2_PLACEMENT_3D('',#5013,#5014,#5015);
#5013 = CARTESIAN_POINT('',(57.,-27.,83.));
#5014 = DIRECTION('',(0.,0.,1.));
#5015 = DIRECTION('',(1.,0.,0.));
#5016 = ADVANCED_FACE('',(#5017),#5028,.F.);
#5017 = FACE_BOUND('',#5018,.F.);
#5018 = EDGE_LOOP('',(#5019,#5020,#5021,#5027));
#5019 = ORIENTED_EDGE('',*,*,#4999,.F.);
#5020 = ORIENTED_EDGE('',*,*,#4534,.T.);
#5021 = ORIENTED_EDGE('',*,*,#5022,.T.);
#5022 = EDGE_CURVE('',#4526,#4189,#5023,.T.);
#5023 = LINE('',#5024,#5025);
#5024 = CARTESIAN_POINT('',(59.,27.,83.));
#5025 = VECTOR('',#5026,1.);
#5026 = DIRECTION('',(0.,0.,1.));
#5027 = ORIENTED_EDGE('',*,*,#4197,.F.);
#5028 = PLANE('',#5029);
#5029 = AXIS2_PLACEMENT_3D('',#5030,#5031,#5032);
#5030 = CARTESIAN_POINT('',(59.,-27.,83.));
#5031 = DIRECTION('',(1.,0.,0.));
#5032 = DIRECTION('',(0.,0.,1.));
#5033 = ADVANCED_FACE('',(#5034),#5045,.F.);
#5034 = FACE_BOUND('',#5035,.F.);
#5035 = EDGE_LOOP('',(#5036,#5037,#5038,#5039));
#5036 = ORIENTED_EDGE('',*,*,#4188,.F.);
#5037 = ORIENTED_EDGE('',*,*,#5022,.F.);
#5038 = ORIENTED_EDGE('',*,*,#4525,.T.);
#5039 = ORIENTED_EDGE('',*,*,#5040,.T.);
#5040 = EDGE_CURVE('',#4518,#4181,#5041,.T.);
#5041 = LINE('',#5042,#5043);
#5042 = CARTESIAN_POINT('',(55.,27.,83.));
#5043 = VECTOR('',#5044,1.);
#5044 = DIRECTION('',(0.,0.,1.));
#5045 = CYLINDRICAL_SURFACE('',#5046,2.);
#5046 = AXIS2_PLACEMENT_3D('',#5047,#5048,#5049);
#5047 = CARTESIAN_POINT('',(57.,27.,83.));
#5048 = DIRECTION('',(0.,0.,1.));
#5049 = DIRECTION('',(1.,0.,0.));
#5050 = ADVANCED_FACE('',(#5051),#5057,.T.);
#5051 = FACE_BOUND('',#5052,.T.);
#5052 = EDGE_LOOP('',(#5053,#5054,#5055,#5056));
#5053 = ORIENTED_EDGE('',*,*,#5006,.F.);
#5054 = ORIENTED_EDGE('',*,*,#4517,.T.);
#5055 = ORIENTED_EDGE('',*,*,#5040,.T.);
#5056 = ORIENTED_EDGE('',*,*,#4180,.F.);
#5057 = PLANE('',#5058);
#5058 = AXIS2_PLACEMENT_3D('',#5059,#5060,#5061);
#5059 = CARTESIAN_POINT('',(55.,-27.,83.));
#5060 = DIRECTION('',(1.,0.,0.));
#5061 = DIRECTION('',(0.,0.,1.));
#5062 = ADVANCED_FACE('',(#5063),#5079,.F.);
#5063 = FACE_BOUND('',#5064,.F.);
#5064 = EDGE_LOOP('',(#5065,#5066,#5072,#5073));
#5065 = ORIENTED_EDGE('',*,*,#4205,.F.);
#5066 = ORIENTED_EDGE('',*,*,#5067,.F.);
#5067 = EDGE_CURVE('',#4543,#4206,#5068,.T.);
#5068 = LINE('',#5069,#5070);
#5069 = CARTESIAN_POINT('',(-2.,27.,83.));
#5070 = VECTOR('',#5071,1.);
#5071 = DIRECTION('',(0.,0.,1.));
#5072 = ORIENTED_EDGE('',*,*,#4542,.T.);
#5073 = ORIENTED_EDGE('',*,*,#5074,.T.);
#5074 = EDGE_CURVE('',#4545,#4208,#5075,.T.);
#5075 = LINE('',#5076,#5077);
#5076 = CARTESIAN_POINT('',(-2.,23.,83.));
#5077 = VECTOR('',#5078,1.);
#5078 = DIRECTION('',(0.,0.,1.));
#5079 = CYLINDRICAL_SURFACE('',#5080,2.);
#5080 = AXIS2_PLACEMENT_3D('',#5081,#5082,#5083);
#5081 = CARTESIAN_POINT('',(-2.,25.,83.));
#5082 = DIRECTION('',(0.,0.,1.));
#5083 = DIRECTION('',(1.,0.,0.));
#5084 = ADVANCED_FACE('',(#5085),#5096,.F.);
#5085 = FACE_BOUND('',#5086,.F.);
#5086 = EDGE_LOOP('',(#5087,#5088,#5089,#5090));
#5087 = ORIENTED_EDGE('',*,*,#4553,.T.);
#5088 = ORIENTED_EDGE('',*,*,#5067,.T.);
#5089 = ORIENTED_EDGE('',*,*,#4216,.F.);
#5090 = ORIENTED_EDGE('',*,*,#5091,.F.);
#5091 = EDGE_CURVE('',#4554,#4217,#5092,.T.);
#5092 = LINE('',#5093,#5094);
#5093 = CARTESIAN_POINT('',(38.,27.,83.));
#5094 = VECTOR('',#5095,1.);
#5095 = DIRECTION('',(0.,0.,1.));
#5096 = PLANE('',#5097);
#5097 = AXIS2_PLACEMENT_3D('',#5098,#5099,#5100);
#5098 = CARTESIAN_POINT('',(-2.,27.,83.));
#5099 = DIRECTION('',(0.,1.,0.));
#5100 = DIRECTION('',(0.,0.,1.));
#5101 = ADVANCED_FACE('',(#5102),#5113,.T.);
#5102 = FACE_BOUND('',#5103,.T.);
#5103 = EDGE_LOOP('',(#5104,#5105,#5106,#5107));
#5104 = ORIENTED_EDGE('',*,*,#4570,.T.);
#5105 = ORIENTED_EDGE('',*,*,#5074,.T.);
#5106 = ORIENTED_EDGE('',*,*,#4233,.F.);
#5107 = ORIENTED_EDGE('',*,*,#5108,.F.);
#5108 = EDGE_CURVE('',#4562,#4225,#5109,.T.);
#5109 = LINE('',#5110,#5111);
#5110 = CARTESIAN_POINT('',(38.,23.,83.));
#5111 = VECTOR('',#5112,1.);
#5112 = DIRECTION('',(0.,0.,1.));
#5113 = PLANE('',#5114);
#5114 = AXIS2_PLACEMENT_3D('',#5115,#5116,#5117);
#5115 = CARTESIAN_POINT('',(-2.,23.,83.));
#5116 = DIRECTION('',(0.,1.,0.));
#5117 = DIRECTION('',(0.,0.,1.));
#5118 = ADVANCED_FACE('',(#5119),#5125,.F.);
#5119 = FACE_BOUND('',#5120,.F.);
#5120 = EDGE_LOOP('',(#5121,#5122,#5123,#5124));
#5121 = ORIENTED_EDGE('',*,*,#4224,.F.);
#5122 = ORIENTED_EDGE('',*,*,#5108,.F.);
#5123 = ORIENTED_EDGE('',*,*,#4561,.T.);
#5124 = ORIENTED_EDGE('',*,*,#5091,.T.);
#5125 = CYLINDRICAL_SURFACE('',#5126,2.);
#5126 = AXIS2_PLACEMENT_3D('',#5127,#5128,#5129);
#5127 = CARTESIAN_POINT('',(38.,25.,83.));
#5128 = DIRECTION('',(0.,0.,1.));
#5129 = DIRECTION('',(1.,0.,0.));
#5130 = ADVANCED_FACE('',(#5131),#5142,.F.);
#5131 = FACE_BOUND('',#5132,.F.);
#5132 = EDGE_LOOP('',(#5133,#5134,#5140,#5141));
#5133 = ORIENTED_EDGE('',*,*,#4241,.F.);
#5134 = ORIENTED_EDGE('',*,*,#5135,.F.);
#5135 = EDGE_CURVE('',#4579,#4242,#5136,.T.);
#5136 = LINE('',#5137,#5138);
#5137 = CARTESIAN_POINT('',(61.7,38.,83.));
#5138 = VECTOR('',#5139,1.);
#5139 = DIRECTION('',(0.,0.,1.));
#5140 = ORIENTED_EDGE('',*,*,#4578,.T.);
#5141 = ORIENTED_EDGE('',*,*,#5135,.T.);
#5142 = CYLINDRICAL_SURFACE('',#5143,1.7);
#5143 = AXIS2_PLACEMENT_3D('',#5144,#5145,#5146);
#5144 = CARTESIAN_POINT('',(60.,38.,83.));
#5145 = DIRECTION('',(0.,0.,1.));
#5146 = DIRECTION('',(1.,0.,0.));
#5147 = MANIFOLD_SOLID_BREP('',#5148);
#5148 = CLOSED_SHELL('',(#5149,#5182,#5202,#5222));
#5149 = ADVANCED_FACE('',(#5150),#5177,.T.);
#5150 = FACE_BOUND('',#5151,.T.);
#5151 = EDGE_LOOP('',(#5152,#5161,#5169,#5176));
#5152 = ORIENTED_EDGE('',*,*,#5153,.F.);
#5153 = EDGE_CURVE('',#5154,#5154,#5156,.T.);
#5154 = VERTEX_POINT('',#5155);
#5155 = CARTESIAN_POINT('',(-56.,-38.,84.));
#5156 = CIRCLE('',#5157,4.);
#5157 = AXIS2_PLACEMENT_3D('',#5158,#5159,#5160);
#5158 = CARTESIAN_POINT('',(-60.,-38.,84.));
#5159 = DIRECTION('',(0.,0.,1.));
#5160 = DIRECTION('',(1.,0.,0.));
#5161 = ORIENTED_EDGE('',*,*,#5162,.F.);
#5162 = EDGE_CURVE('',#5163,#5154,#5165,.T.);
#5163 = VERTEX_POINT('',#5164);
#5164 = CARTESIAN_POINT('',(-56.,-38.,46.));
#5165 = LINE('',#5166,#5167);
#5166 = CARTESIAN_POINT('',(-56.,-38.,46.));
#5167 = VECTOR('',#5168,1.);
#5168 = DIRECTION('',(0.,0.,1.));
#5169 = ORIENTED_EDGE('',*,*,#5170,.T.);
#5170 = EDGE_CURVE('',#5163,#5163,#5171,.T.);
#5171 = CIRCLE('',#5172,4.);
#5172 = AXIS2_PLACEMENT_3D('',#5173,#5174,#5175);
#5173 = CARTESIAN_POINT('',(-60.,-38.,46.));
#5174 = DIRECTION('',(0.,0.,1.));
#5175 = DIRECTION('',(1.,0.,0.));
#5176 = ORIENTED_EDGE('',*,*,#5162,.T.);
#5177 = CYLINDRICAL_SURFACE('',#5178,4.);
#5178 = AXIS2_PLACEMENT_3D('',#5179,#5180,#5181);
#5179 = CARTESIAN_POINT('',(-60.,-38.,46.));
#5180 = DIRECTION('',(0.,0.,1.));
#5181 = DIRECTION('',(1.,0.,0.));
#5182 = ADVANCED_FACE('',(#5183,#5186),#5197,.T.);
#5183 = FACE_BOUND('',#5184,.T.);
#5184 = EDGE_LOOP('',(#5185));
#5185 = ORIENTED_EDGE('',*,*,#5153,.T.);
#5186 = FACE_BOUND('',#5187,.T.);
#5187 = EDGE_LOOP('',(#5188));
#5188 = ORIENTED_EDGE('',*,*,#5189,.F.);
#5189 = EDGE_CURVE('',#5190,#5190,#5192,.T.);
#5190 = VERTEX_POINT('',#5191);
#5191 = CARTESIAN_POINT('',(-58.3,-38.,84.));
#5192 = CIRCLE('',#5193,1.7);
#5193 = AXIS2_PLACEMENT_3D('',#5194,#5195,#5196);
#5194 = CARTESIAN_POINT('',(-60.,-38.,84.));
#5195 = DIRECTION('',(0.,0.,1.));
#5196 = DIRECTION('',(1.,0.,0.));
#5197 = PLANE('',#5198);
#5198 = AXIS2_PLACEMENT_3D('',#5199,#5200,#5201);
#5199 = CARTESIAN_POINT('',(-60.,-38.,84.));
#5200 = DIRECTION('',(0.,0.,1.));
#5201 = DIRECTION('',(1.,0.,0.));
#5202 = ADVANCED_FACE('',(#5203,#5206),#5217,.F.);
#5203 = FACE_BOUND('',#5204,.F.);
#5204 = EDGE_LOOP('',(#5205));
#5205 = ORIENTED_EDGE('',*,*,#5170,.T.);
#5206 = FACE_BOUND('',#5207,.F.);
#5207 = EDGE_LOOP('',(#5208));
#5208 = ORIENTED_EDGE('',*,*,#5209,.F.);
#5209 = EDGE_CURVE('',#5210,#5210,#5212,.T.);
#5210 = VERTEX_POINT('',#5211);
#5211 = CARTESIAN_POINT('',(-58.3,-38.,46.));
#5212 = CIRCLE('',#5213,1.7);
#5213 = AXIS2_PLACEMENT_3D('',#5214,#5215,#5216);
#5214 = CARTESIAN_POINT('',(-60.,-38.,46.));
#5215 = DIRECTION('',(0.,0.,1.));
#5216 = DIRECTION('',(1.,0.,0.));
#5217 = PLANE('',#5218);
#5218 = AXIS2_PLACEMENT_3D('',#5219,#5220,#5221);
#5219 = CARTESIAN_POINT('',(-60.,-38.,46.));
#5220 = DIRECTION('',(0.,0.,1.));
#5221 = DIRECTION('',(1.,0.,0.));
#5222 = ADVANCED_FACE('',(#5223),#5234,.F.);
#5223 = FACE_BOUND('',#5224,.F.);
#5224 = EDGE_LOOP('',(#5225,#5226,#5232,#5233));
#5225 = ORIENTED_EDGE('',*,*,#5189,.F.);
#5226 = ORIENTED_EDGE('',*,*,#5227,.F.);
#5227 = EDGE_CURVE('',#5210,#5190,#5228,.T.);
#5228 = LINE('',#5229,#5230);
#5229 = CARTESIAN_POINT('',(-58.3,-38.,46.));
#5230 = VECTOR('',#5231,1.);
#5231 = DIRECTION('',(0.,0.,1.));
#5232 = ORIENTED_EDGE('',*,*,#5209,.T.);
#5233 = ORIENTED_EDGE('',*,*,#5227,.T.);
#5234 = CYLINDRICAL_SURFACE('',#5235,1.7);
#5235 = AXIS2_PLACEMENT_3D('',#5236,#5237,#5238);
#5236 = CARTESIAN_POINT('',(-60.,-38.,46.));
#5237 = DIRECTION('',(0.,0.,1.));
#5238 = DIRECTION('',(1.,0.,0.));
#5239 = MANIFOLD_SOLID_BREP('',#5240);
#5240 = CLOSED_SHELL('',(#5241,#5274,#5294,#5314));
#5241 = ADVANCED_FACE('',(#5242),#5269,.T.);
#5242 = FACE_BOUND('',#5243,.T.);
#5243 = EDGE_LOOP('',(#5244,#5253,#5261,#5268));
#5244 = ORIENTED_EDGE('',*,*,#5245,.F.);
#5245 = EDGE_CURVE('',#5246,#5246,#5248,.T.);
#5246 = VERTEX_POINT('',#5247);
#5247 = CARTESIAN_POINT('',(64.,-38.,84.));
#5248 = CIRCLE('',#5249,4.);
#5249 = AXIS2_PLACEMENT_3D('',#5250,#5251,#5252);
#5250 = CARTESIAN_POINT('',(60.,-38.,84.));
#5251 = DIRECTION('',(0.,0.,1.));
#5252 = DIRECTION('',(1.,0.,0.));
#5253 = ORIENTED_EDGE('',*,*,#5254,.F.);
#5254 = EDGE_CURVE('',#5255,#5246,#5257,.T.);
#5255 = VERTEX_POINT('',#5256);
#5256 = CARTESIAN_POINT('',(64.,-38.,46.));
#5257 = LINE('',#5258,#5259);
#5258 = CARTESIAN_POINT('',(64.,-38.,46.));
#5259 = VECTOR('',#5260,1.);
#5260 = DIRECTION('',(0.,0.,1.));
#5261 = ORIENTED_EDGE('',*,*,#5262,.T.);
#5262 = EDGE_CURVE('',#5255,#5255,#5263,.T.);
#5263 = CIRCLE('',#5264,4.);
#5264 = AXIS2_PLACEMENT_3D('',#5265,#5266,#5267);
#5265 = CARTESIAN_POINT('',(60.,-38.,46.));
#5266 = DIRECTION('',(0.,0.,1.));
#5267 = DIRECTION('',(1.,0.,0.));
#5268 = ORIENTED_EDGE('',*,*,#5254,.T.);
#5269 = CYLINDRICAL_SURFACE('',#5270,4.);
#5270 = AXIS2_PLACEMENT_3D('',#5271,#5272,#5273);
#5271 = CARTESIAN_POINT('',(60.,-38.,46.));
#5272 = DIRECTION('',(0.,0.,1.));
#5273 = DIRECTION('',(1.,0.,0.));
#5274 = ADVANCED_FACE('',(#5275,#5278),#5289,.T.);
#5275 = FACE_BOUND('',#5276,.T.);
#5276 = EDGE_LOOP('',(#5277));
#5277 = ORIENTED_EDGE('',*,*,#5245,.T.);
#5278 = FACE_BOUND('',#5279,.T.);
#5279 = EDGE_LOOP('',(#5280));
#5280 = ORIENTED_EDGE('',*,*,#5281,.F.);
#5281 = EDGE_CURVE('',#5282,#5282,#5284,.T.);
#5282 = VERTEX_POINT('',#5283);
#5283 = CARTESIAN_POINT('',(61.7,-38.,84.));
#5284 = CIRCLE('',#5285,1.7);
#5285 = AXIS2_PLACEMENT_3D('',#5286,#5287,#5288);
#5286 = CARTESIAN_POINT('',(60.,-38.,84.));
#5287 = DIRECTION('',(0.,0.,1.));
#5288 = DIRECTION('',(1.,0.,0.));
#5289 = PLANE('',#5290);
#5290 = AXIS2_PLACEMENT_3D('',#5291,#5292,#5293);
#5291 = CARTESIAN_POINT('',(60.,-38.,84.));
#5292 = DIRECTION('',(0.,0.,1.));
#5293 = DIRECTION('',(1.,0.,0.));
#5294 = ADVANCED_FACE('',(#5295,#5298),#5309,.F.);
#5295 = FACE_BOUND('',#5296,.F.);
#5296 = EDGE_LOOP('',(#5297));
#5297 = ORIENTED_EDGE('',*,*,#5262,.T.);
#5298 = FACE_BOUND('',#5299,.F.);
#5299 = EDGE_LOOP('',(#5300));
#5300 = ORIENTED_EDGE('',*,*,#5301,.F.);
#5301 = EDGE_CURVE('',#5302,#5302,#5304,.T.);
#5302 = VERTEX_POINT('',#5303);
#5303 = CARTESIAN_POINT('',(61.7,-38.,46.));
#5304 = CIRCLE('',#5305,1.7);
#5305 = AXIS2_PLACEMENT_3D('',#5306,#5307,#5308);
#5306 = CARTESIAN_POINT('',(60.,-38.,46.));
#5307 = DIRECTION('',(0.,0.,1.));
#5308 = DIRECTION('',(1.,0.,0.));
#5309 = PLANE('',#5310);
#5310 = AXIS2_PLACEMENT_3D('',#5311,#5312,#5313);
#5311 = CARTESIAN_POINT('',(60.,-38.,46.));
#5312 = DIRECTION('',(0.,0.,1.));
#5313 = DIRECTION('',(1.,0.,0.));
#5314 = ADVANCED_FACE('',(#5315),#5326,.F.);
#5315 = FACE_BOUND('',#5316,.F.);
#5316 = EDGE_LOOP('',(#5317,#5318,#5324,#5325));
#5317 = ORIENTED_EDGE('',*,*,#5281,.F.);
#5318 = ORIENTED_EDGE('',*,*,#5319,.F.);
#5319 = EDGE_CURVE('',#5302,#5282,#5320,.T.);
#5320 = LINE('',#5321,#5322);
#5321 = CARTESIAN_POINT('',(61.7,-38.,46.));
#5322 = VECTOR('',#5323,1.);
#5323 = DIRECTION('',(0.,0.,1.));
#5324 = ORIENTED_EDGE('',*,*,#5301,.T.);
#5325 = ORIENTED_EDGE('',*,*,#5319,.T.);
#5326 = CYLINDRICAL_SURFACE('',#5327,1.7);
#5327 = AXIS2_PLACEMENT_3D('',#5328,#5329,#5330);
#5328 = CARTESIAN_POINT('',(60.,-38.,46.));
#5329 = DIRECTION('',(0.,0.,1.));
#5330 = DIRECTION('',(1.,0.,0.));
#5331 = MANIFOLD_SOLID_BREP('',#5332);
#5332 = CLOSED_SHELL('',(#5333,#5366,#5386,#5406));
#5333 = ADVANCED_FACE('',(#5334),#5361,.T.);
#5334 = FACE_BOUND('',#5335,.T.);
#5335 = EDGE_LOOP('',(#5336,#5345,#5353,#5360));
#5336 = ORIENTED_EDGE('',*,*,#5337,.F.);
#5337 = EDGE_CURVE('',#5338,#5338,#5340,.T.);
#5338 = VERTEX_POINT('',#5339);
#5339 = CARTESIAN_POINT('',(-56.,38.,84.));
#5340 = CIRCLE('',#5341,4.);
#5341 = AXIS2_PLACEMENT_3D('',#5342,#5343,#5344);
#5342 = CARTESIAN_POINT('',(-60.,38.,84.));
#5343 = DIRECTION('',(0.,0.,1.));
#5344 = DIRECTION('',(1.,0.,0.));
#5345 = ORIENTED_EDGE('',*,*,#5346,.F.);
#5346 = EDGE_CURVE('',#5347,#5338,#5349,.T.);
#5347 = VERTEX_POINT('',#5348);
#5348 = CARTESIAN_POINT('',(-56.,38.,46.));
#5349 = LINE('',#5350,#5351);
#5350 = CARTESIAN_POINT('',(-56.,38.,46.));
#5351 = VECTOR('',#5352,1.);
#5352 = DIRECTION('',(0.,0.,1.));
#5353 = ORIENTED_EDGE('',*,*,#5354,.T.);
#5354 = EDGE_CURVE('',#5347,#5347,#5355,.T.);
#5355 = CIRCLE('',#5356,4.);
#5356 = AXIS2_PLACEMENT_3D('',#5357,#5358,#5359);
#5357 = CARTESIAN_POINT('',(-60.,38.,46.));
#5358 = DIRECTION('',(0.,0.,1.));
#5359 = DIRECTION('',(1.,0.,0.));
#5360 = ORIENTED_EDGE('',*,*,#5346,.T.);
#5361 = CYLINDRICAL_SURFACE('',#5362,4.);
#5362 = AXIS2_PLACEMENT_3D('',#5363,#5364,#5365);
#5363 = CARTESIAN_POINT('',(-60.,38.,46.));
#5364 = DIRECTION('',(0.,0.,1.));
#5365 = DIRECTION('',(1.,0.,0.));
#5366 = ADVANCED_FACE('',(#5367,#5370),#5381,.T.);
#5367 = FACE_BOUND('',#5368,.T.);
#5368 = EDGE_LOOP('',(#5369));
#5369 = ORIENTED_EDGE('',*,*,#5337,.T.);
#5370 = FACE_BOUND('',#5371,.T.);
#5371 = EDGE_LOOP('',(#5372));
#5372 = ORIENTED_EDGE('',*,*,#5373,.F.);
#5373 = EDGE_CURVE('',#5374,#5374,#5376,.T.);
#5374 = VERTEX_POINT('',#5375);
#5375 = CARTESIAN_POINT('',(-58.3,38.,84.));
#5376 = CIRCLE('',#5377,1.7);
#5377 = AXIS2_PLACEMENT_3D('',#5378,#5379,#5380);
#5378 = CARTESIAN_POINT('',(-60.,38.,84.));
#5379 = DIRECTION('',(0.,0.,1.));
#5380 = DIRECTION('',(1.,0.,0.));
#5381 = PLANE('',#5382);
#5382 = AXIS2_PLACEMENT_3D('',#5383,#5384,#5385);
#5383 = CARTESIAN_POINT('',(-60.,38.,84.));
#5384 = DIRECTION('',(0.,0.,1.));
#5385 = DIRECTION('',(1.,0.,0.));
#5386 = ADVANCED_FACE('',(#5387,#5390),#5401,.F.);
#5387 = FACE_BOUND('',#5388,.F.);
#5388 = EDGE_LOOP('',(#5389));
#5389 = ORIENTED_EDGE('',*,*,#5354,.T.);
#5390 = FACE_BOUND('',#5391,.F.);
#5391 = EDGE_LOOP('',(#5392));
#5392 = ORIENTED_EDGE('',*,*,#5393,.F.);
#5393 = EDGE_CURVE('',#5394,#5394,#5396,.T.);
#5394 = VERTEX_POINT('',#5395);
#5395 = CARTESIAN_POINT('',(-58.3,38.,46.));
#5396 = CIRCLE('',#5397,1.7);
#5397 = AXIS2_PLACEMENT_3D('',#5398,#5399,#5400);
#5398 = CARTESIAN_POINT('',(-60.,38.,46.));
#5399 = DIRECTION('',(0.,0.,1.));
#5400 = DIRECTION('',(1.,0.,0.));
#5401 = PLANE('',#5402);
#5402 = AXIS2_PLACEMENT_3D('',#5403,#5404,#5405);
#5403 = CARTESIAN_POINT('',(-60.,38.,46.));
#5404 = DIRECTION('',(0.,0.,1.));
#5405 = DIRECTION('',(1.,0.,0.));
#5406 = ADVANCED_FACE('',(#5407),#5418,.F.);
#5407 = FACE_BOUND('',#5408,.F.);
#5408 = EDGE_LOOP('',(#5409,#5410,#5416,#5417));
#5409 = ORIENTED_EDGE('',*,*,#5373,.F.);
#5410 = ORIENTED_EDGE('',*,*,#5411,.F.);
#5411 = EDGE_CURVE('',#5394,#5374,#5412,.T.);
#5412 = LINE('',#5413,#5414);
#5413 = CARTESIAN_POINT('',(-58.3,38.,46.));
#5414 = VECTOR('',#5415,1.);
#5415 = DIRECTION('',(0.,0.,1.));
#5416 = ORIENTED_EDGE('',*,*,#5393,.T.);
#5417 = ORIENTED_EDGE('',*,*,#5411,.T.);
#5418 = CYLINDRICAL_SURFACE('',#5419,1.7);
#5419 = AXIS2_PLACEMENT_3D('',#5420,#5421,#5422);
#5420 = CARTESIAN_POINT('',(-60.,38.,46.));
#5421 = DIRECTION('',(0.,0.,1.));
#5422 = DIRECTION('',(1.,0.,0.));
#5423 = MANIFOLD_SOLID_BREP('',#5424);
#5424 = CLOSED_SHELL('',(#5425,#5458,#5478,#5498));
#5425 = ADVANCED_FACE('',(#5426),#5453,.T.);
#5426 = FACE_BOUND('',#5427,.T.);
#5427 = EDGE_LOOP('',(#5428,#5437,#5445,#5452));
#5428 = ORIENTED_EDGE('',*,*,#5429,.F.);
#5429 = EDGE_CURVE('',#5430,#5430,#5432,.T.);
#5430 = VERTEX_POINT('',#5431);
#5431 = CARTESIAN_POINT('',(64.,38.,84.));
#5432 = CIRCLE('',#5433,4.);
#5433 = AXIS2_PLACEMENT_3D('',#5434,#5435,#5436);
#5434 = CARTESIAN_POINT('',(60.,38.,84.));
#5435 = DIRECTION('',(0.,0.,1.));
#5436 = DIRECTION('',(1.,0.,0.));
#5437 = ORIENTED_EDGE('',*,*,#5438,.F.);
#5438 = EDGE_CURVE('',#5439,#5430,#5441,.T.);
#5439 = VERTEX_POINT('',#5440);
#5440 = CARTESIAN_POINT('',(64.,38.,46.));
#5441 = LINE('',#5442,#5443);
#5442 = CARTESIAN_POINT('',(64.,38.,46.));
#5443 = VECTOR('',#5444,1.);
#5444 = DIRECTION('',(0.,0.,1.));
#5445 = ORIENTED_EDGE('',*,*,#5446,.T.);
#5446 = EDGE_CURVE('',#5439,#5439,#5447,.T.);
#5447 = CIRCLE('',#5448,4.);
#5448 = AXIS2_PLACEMENT_3D('',#5449,#5450,#5451);
#5449 = CARTESIAN_POINT('',(60.,38.,46.));
#5450 = DIRECTION('',(0.,0.,1.));
#5451 = DIRECTION('',(1.,0.,0.));
#5452 = ORIENTED_EDGE('',*,*,#5438,.T.);
#5453 = CYLINDRICAL_SURFACE('',#5454,4.);
#5454 = AXIS2_PLACEMENT_3D('',#5455,#5456,#5457);
#5455 = CARTESIAN_POINT('',(60.,38.,46.));
#5456 = DIRECTION('',(0.,0.,1.));
#5457 = DIRECTION('',(1.,0.,0.));
#5458 = ADVANCED_FACE('',(#5459,#5462),#5473,.T.);
#5459 = FACE_BOUND('',#5460,.T.);
#5460 = EDGE_LOOP('',(#5461));
#5461 = ORIENTED_EDGE('',*,*,#5429,.T.);
#5462 = FACE_BOUND('',#5463,.T.);
#5463 = EDGE_LOOP('',(#5464));
#5464 = ORIENTED_EDGE('',*,*,#5465,.F.);
#5465 = EDGE_CURVE('',#5466,#5466,#5468,.T.);
#5466 = VERTEX_POINT('',#5467);
#5467 = CARTESIAN_POINT('',(61.7,38.,84.));
#5468 = CIRCLE('',#5469,1.7);
#5469 = AXIS2_PLACEMENT_3D('',#5470,#5471,#5472);
#5470 = CARTESIAN_POINT('',(60.,38.,84.));
#5471 = DIRECTION('',(0.,0.,1.));
#5472 = DIRECTION('',(1.,0.,0.));
#5473 = PLANE('',#5474);
#5474 = AXIS2_PLACEMENT_3D('',#5475,#5476,#5477);
#5475 = CARTESIAN_POINT('',(60.,38.,84.));
#5476 = DIRECTION('',(0.,0.,1.));
#5477 = DIRECTION('',(1.,0.,0.));
#5478 = ADVANCED_FACE('',(#5479,#5482),#5493,.F.);
#5479 = FACE_BOUND('',#5480,.F.);
#5480 = EDGE_LOOP('',(#5481));
#5481 = ORIENTED_EDGE('',*,*,#5446,.T.);
#5482 = FACE_BOUND('',#5483,.F.);
#5483 = EDGE_LOOP('',(#5484));
#5484 = ORIENTED_EDGE('',*,*,#5485,.F.);
#5485 = EDGE_CURVE('',#5486,#5486,#5488,.T.);
#5486 = VERTEX_POINT('',#5487);
#5487 = CARTESIAN_POINT('',(61.7,38.,46.));
#5488 = CIRCLE('',#5489,1.7);
#5489 = AXIS2_PLACEMENT_3D('',#5490,#5491,#5492);
#5490 = CARTESIAN_POINT('',(60.,38.,46.));
#5491 = DIRECTION('',(0.,0.,1.));
#5492 = DIRECTION('',(1.,0.,0.));
#5493 = PLANE('',#5494);
#5494 = AXIS2_PLACEMENT_3D('',#5495,#5496,#5497);
#5495 = CARTESIAN_POINT('',(60.,38.,46.));
#5496 = DIRECTION('',(0.,0.,1.));
#5497 = DIRECTION('',(1.,0.,0.));
#5498 = ADVANCED_FACE('',(#5499),#5510,.F.);
#5499 = FACE_BOUND('',#5500,.F.);
#5500 = EDGE_LOOP('',(#5501,#5502,#5508,#5509));
#5501 = ORIENTED_EDGE('',*,*,#5465,.F.);
#5502 = ORIENTED_EDGE('',*,*,#5503,.F.);
#5503 = EDGE_CURVE('',#5486,#5466,#5504,.T.);
#5504 = LINE('',#5505,#5506);
#5505 = CARTESIAN_POINT('',(61.7,38.,46.));
#5506 = VECTOR('',#5507,1.);
#5507 = DIRECTION('',(0.,0.,1.));
#5508 = ORIENTED_EDGE('',*,*,#5485,.T.);
#5509 = ORIENTED_EDGE('',*,*,#5503,.T.);
#5510 = CYLINDRICAL_SURFACE('',#5511,1.7);
#5511 = AXIS2_PLACEMENT_3D('',#5512,#5513,#5514);
#5512 = CARTESIAN_POINT('',(60.,38.,46.));
#5513 = DIRECTION('',(0.,0.,1.));
#5514 = DIRECTION('',(1.,0.,0.));
#5515 = MANIFOLD_SOLID_BREP('',#5516);
#5516 = CLOSED_SHELL('',(#5517,#5557,#5588,#5619,#5641,#5687,#5718,#5749
    ,#5780,#5811,#5842,#5873,#5895,#5907,#5923));
#5517 = ADVANCED_FACE('',(#5518),#5552,.F.);
#5518 = FACE_BOUND('',#5519,.F.);
#5519 = EDGE_LOOP('',(#5520,#5530,#5538,#5546));
#5520 = ORIENTED_EDGE('',*,*,#5521,.F.);
#5521 = EDGE_CURVE('',#5522,#5524,#5526,.T.);
#5522 = VERTEX_POINT('',#5523);
#5523 = CARTESIAN_POINT('',(-80.,-65.,46.));
#5524 = VERTEX_POINT('',#5525);
#5525 = CARTESIAN_POINT('',(-80.,-65.,52.));
#5526 = LINE('',#5527,#5528);
#5527 = CARTESIAN_POINT('',(-80.,-65.,46.));
#5528 = VECTOR('',#5529,1.);
#5529 = DIRECTION('',(0.,0.,1.));
#5530 = ORIENTED_EDGE('',*,*,#5531,.T.);
#5531 = EDGE_CURVE('',#5522,#5532,#5534,.T.);
#5532 = VERTEX_POINT('',#5533);
#5533 = CARTESIAN_POINT('',(-80.,-41.,46.));
#5534 = LINE('',#5535,#5536);
#5535 = CARTESIAN_POINT('',(-80.,-65.,46.));
#5536 = VECTOR('',#5537,1.);
#5537 = DIRECTION('',(0.,1.,0.));
#5538 = ORIENTED_EDGE('',*,*,#5539,.T.);
#5539 = EDGE_CURVE('',#5532,#5540,#5542,.T.);
#5540 = VERTEX_POINT('',#5541);
#5541 = CARTESIAN_POINT('',(-80.,-41.,52.));
#5542 = LINE('',#5543,#5544);
#5543 = CARTESIAN_POINT('',(-80.,-41.,46.));
#5544 = VECTOR('',#5545,1.);
#5545 = DIRECTION('',(0.,0.,1.));
#5546 = ORIENTED_EDGE('',*,*,#5547,.F.);
#5547 = EDGE_CURVE('',#5524,#5540,#5548,.T.);
#5548 = LINE('',#5549,#5550);
#5549 = CARTESIAN_POINT('',(-80.,-65.,52.));
#5550 = VECTOR('',#5551,1.);
#5551 = DIRECTION('',(0.,1.,0.));
#5552 = PLANE('',#5553);
#5553 = AXIS2_PLACEMENT_3D('',#5554,#5555,#5556);
#5554 = CARTESIAN_POINT('',(-80.,-65.,46.));
#5555 = DIRECTION('',(1.,0.,0.));
#5556 = DIRECTION('',(0.,0.,1.));
#5557 = ADVANCED_FACE('',(#5558),#5583,.T.);
#5558 = FACE_BOUND('',#5559,.T.);
#5559 = EDGE_LOOP('',(#5560,#5568,#5569,#5577));
#5560 = ORIENTED_EDGE('',*,*,#5561,.F.);
#5561 = EDGE_CURVE('',#5532,#5562,#5564,.T.);
#5562 = VERTEX_POINT('',#5563);
#5563 = CARTESIAN_POINT('',(-60.,-41.,46.));
#5564 = LINE('',#5565,#5566);
#5565 = CARTESIAN_POINT('',(-80.,-41.,46.));
#5566 = VECTOR('',#5567,1.);
#5567 = DIRECTION('',(1.,0.,0.));
#5568 = ORIENTED_EDGE('',*,*,#5539,.T.);
#5569 = ORIENTED_EDGE('',*,*,#5570,.T.);
#5570 = EDGE_CURVE('',#5540,#5571,#5573,.T.);
#5571 = VERTEX_POINT('',#5572);
#5572 = CARTESIAN_POINT('',(-60.,-41.,52.));
#5573 = LINE('',#5574,#5575);
#5574 = CARTESIAN_POINT('',(-80.,-41.,52.));
#5575 = VECTOR('',#5576,1.);
#5576 = DIRECTION('',(1.,0.,0.));
#5577 = ORIENTED_EDGE('',*,*,#5578,.F.);
#5578 = EDGE_CURVE('',#5562,#5571,#5579,.T.);
#5579 = LINE('',#5580,#5581);
#5580 = CARTESIAN_POINT('',(-60.,-41.,46.));
#5581 = VECTOR('',#5582,1.);
#5582 = DIRECTION('',(0.,0.,1.));
#5583 = PLANE('',#5584);
#5584 = AXIS2_PLACEMENT_3D('',#5585,#5586,#5587);
#5585 = CARTESIAN_POINT('',(-80.,-41.,46.));
#5586 = DIRECTION('',(0.,1.,0.));
#5587 = DIRECTION('',(0.,0.,1.));
#5588 = ADVANCED_FACE('',(#5589),#5614,.F.);
#5589 = FACE_BOUND('',#5590,.F.);
#5590 = EDGE_LOOP('',(#5591,#5599,#5600,#5608));
#5591 = ORIENTED_EDGE('',*,*,#5592,.F.);
#5592 = EDGE_CURVE('',#5522,#5593,#5595,.T.);
#5593 = VERTEX_POINT('',#5594);
#5594 = CARTESIAN_POINT('',(-60.,-65.,46.));
#5595 = LINE('',#5596,#5597);
#5596 = CARTESIAN_POINT('',(-80.,-65.,46.));
#5597 = VECTOR('',#5598,1.);
#5598 = DIRECTION('',(1.,0.,0.));
#5599 = ORIENTED_EDGE('',*,*,#5521,.T.);
#5600 = ORIENTED_EDGE('',*,*,#5601,.T.);
#5601 = EDGE_CURVE('',#5524,#5602,#5604,.T.);
#5602 = VERTEX_POINT('',#5603);
#5603 = CARTESIAN_POINT('',(-60.,-65.,52.));
#5604 = LINE('',#5605,#5606);
#5605 = CARTESIAN_POINT('',(-80.,-65.,52.));
#5606 = VECTOR('',#5607,1.);
#5607 = DIRECTION('',(1.,0.,0.));
#5608 = ORIENTED_EDGE('',*,*,#5609,.F.);
#5609 = EDGE_CURVE('',#5593,#5602,#5610,.T.);
#5610 = LINE('',#5611,#5612);
#5611 = CARTESIAN_POINT('',(-60.,-65.,46.));
#5612 = VECTOR('',#5613,1.);
#5613 = DIRECTION('',(0.,0.,1.));
#5614 = PLANE('',#5615);
#5615 = AXIS2_PLACEMENT_3D('',#5616,#5617,#5618);
#5616 = CARTESIAN_POINT('',(-80.,-65.,46.));
#5617 = DIRECTION('',(0.,1.,0.));
#5618 = DIRECTION('',(0.,0.,1.));
#5619 = ADVANCED_FACE('',(#5620),#5636,.T.);
#5620 = FACE_BOUND('',#5621,.T.);
#5621 = EDGE_LOOP('',(#5622,#5623,#5629,#5630));
#5622 = ORIENTED_EDGE('',*,*,#5609,.F.);
#5623 = ORIENTED_EDGE('',*,*,#5624,.T.);
#5624 = EDGE_CURVE('',#5593,#5562,#5625,.T.);
#5625 = LINE('',#5626,#5627);
#5626 = CARTESIAN_POINT('',(-60.,-65.,46.));
#5627 = VECTOR('',#5628,1.);
#5628 = DIRECTION('',(0.,1.,0.));
#5629 = ORIENTED_EDGE('',*,*,#5578,.T.);
#5630 = ORIENTED_EDGE('',*,*,#5631,.F.);
#5631 = EDGE_CURVE('',#5602,#5571,#5632,.T.);
#5632 = LINE('',#5633,#5634);
#5633 = CARTESIAN_POINT('',(-60.,-65.,52.));
#5634 = VECTOR('',#5635,1.);
#5635 = DIRECTION('',(0.,1.,0.));
#5636 = PLANE('',#5637);
#5637 = AXIS2_PLACEMENT_3D('',#5638,#5639,#5640);
#5638 = CARTESIAN_POINT('',(-60.,-65.,46.));
#5639 = DIRECTION('',(1.,0.,0.));
#5640 = DIRECTION('',(0.,0.,1.));
#5641 = ADVANCED_FACE('',(#5642,#5648),#5682,.T.);
#5642 = FACE_BOUND('',#5643,.T.);
#5643 = EDGE_LOOP('',(#5644,#5645,#5646,#5647));
#5644 = ORIENTED_EDGE('',*,*,#5547,.F.);
#5645 = ORIENTED_EDGE('',*,*,#5601,.T.);
#5646 = ORIENTED_EDGE('',*,*,#5631,.T.);
#5647 = ORIENTED_EDGE('',*,*,#5570,.F.);
#5648 = FACE_BOUND('',#5649,.T.);
#5649 = EDGE_LOOP('',(#5650,#5660,#5668,#5676));
#5650 = ORIENTED_EDGE('',*,*,#5651,.F.);
#5651 = EDGE_CURVE('',#5652,#5654,#5656,.T.);
#5652 = VERTEX_POINT('',#5653);
#5653 = CARTESIAN_POINT('',(-76.,-48.,52.));
#5654 = VERTEX_POINT('',#5655);
#5655 = CARTESIAN_POINT('',(-76.,-58.,52.));
#5656 = LINE('',#5657,#5658);
#5657 = CARTESIAN_POINT('',(-76.,-61.5,52.));
#5658 = VECTOR('',#5659,1.);
#5659 = DIRECTION('',(0.,-1.,0.));
#5660 = ORIENTED_EDGE('',*,*,#5661,.T.);
#5661 = EDGE_CURVE('',#5652,#5662,#5664,.T.);
#5662 = VERTEX_POINT('',#5663);
#5663 = CARTESIAN_POINT('',(-64.,-48.,52.));
#5664 = LINE('',#5665,#5666);
#5665 = CARTESIAN_POINT('',(-78.,-48.,52.));
#5666 = VECTOR('',#5667,1.);
#5667 = DIRECTION('',(1.,0.,0.));
#5668 = ORIENTED_EDGE('',*,*,#5669,.T.);
#5669 = EDGE_CURVE('',#5662,#5670,#5672,.T.);
#5670 = VERTEX_POINT('',#5671);
#5671 = CARTESIAN_POINT('',(-64.,-58.,52.));
#5672 = LINE('',#5673,#5674);
#5673 = CARTESIAN_POINT('',(-64.,-61.5,52.));
#5674 = VECTOR('',#5675,1.);
#5675 = DIRECTION('',(0.,-1.,0.));
#5676 = ORIENTED_EDGE('',*,*,#5677,.F.);
#5677 = EDGE_CURVE('',#5654,#5670,#5678,.T.);
#5678 = LINE('',#5679,#5680);
#5679 = CARTESIAN_POINT('',(-78.,-58.,52.));
#5680 = VECTOR('',#5681,1.);
#5681 = DIRECTION('',(1.,0.,0.));
#5682 = PLANE('',#5683);
#5683 = AXIS2_PLACEMENT_3D('',#5684,#5685,#5686);
#5684 = CARTESIAN_POINT('',(-80.,-65.,52.));
#5685 = DIRECTION('',(0.,0.,1.));
#5686 = DIRECTION('',(1.,0.,0.));
#5687 = ADVANCED_FACE('',(#5688),#5713,.F.);
#5688 = FACE_BOUND('',#5689,.F.);
#5689 = EDGE_LOOP('',(#5690,#5691,#5699,#5707));
#5690 = ORIENTED_EDGE('',*,*,#5677,.F.);
#5691 = ORIENTED_EDGE('',*,*,#5692,.T.);
#5692 = EDGE_CURVE('',#5654,#5693,#5695,.T.);
#5693 = VERTEX_POINT('',#5694);
#5694 = CARTESIAN_POINT('',(-76.,-58.,192.));
#5695 = LINE('',#5696,#5697);
#5696 = CARTESIAN_POINT('',(-76.,-58.,46.));
#5697 = VECTOR('',#5698,1.);
#5698 = DIRECTION('',(0.,0.,1.));
#5699 = ORIENTED_EDGE('',*,*,#5700,.T.);
#5700 = EDGE_CURVE('',#5693,#5701,#5703,.T.);
#5701 = VERTEX_POINT('',#5702);
#5702 = CARTESIAN_POINT('',(-64.,-58.,192.));
#5703 = LINE('',#5704,#5705);
#5704 = CARTESIAN_POINT('',(-76.,-58.,192.));
#5705 = VECTOR('',#5706,1.);
#5706 = DIRECTION('',(1.,0.,0.));
#5707 = ORIENTED_EDGE('',*,*,#5708,.F.);
#5708 = EDGE_CURVE('',#5670,#5701,#5709,.T.);
#5709 = LINE('',#5710,#5711);
#5710 = CARTESIAN_POINT('',(-64.,-58.,46.));
#5711 = VECTOR('',#5712,1.);
#5712 = DIRECTION('',(0.,0.,1.));
#5713 = PLANE('',#5714);
#5714 = AXIS2_PLACEMENT_3D('',#5715,#5716,#5717);
#5715 = CARTESIAN_POINT('',(-76.,-58.,46.));
#5716 = DIRECTION('',(0.,1.,0.));
#5717 = DIRECTION('',(0.,0.,1.));
#5718 = ADVANCED_FACE('',(#5719),#5744,.T.);
#5719 = FACE_BOUND('',#5720,.T.);
#5720 = EDGE_LOOP('',(#5721,#5722,#5730,#5738));
#5721 = ORIENTED_EDGE('',*,*,#5661,.F.);
#5722 = ORIENTED_EDGE('',*,*,#5723,.T.);
#5723 = EDGE_CURVE('',#5652,#5724,#5726,.T.);
#5724 = VERTEX_POINT('',#5725);
#5725 = CARTESIAN_POINT('',(-76.,-48.,90.));
#5726 = LINE('',#5727,#5728);
#5727 = CARTESIAN_POINT('',(-76.,-48.,46.));
#5728 = VECTOR('',#5729,1.);
#5729 = DIRECTION('',(0.,0.,1.));
#5730 = ORIENTED_EDGE('',*,*,#5731,.T.);
#5731 = EDGE_CURVE('',#5724,#5732,#5734,.T.);
#5732 = VERTEX_POINT('',#5733);
#5733 = CARTESIAN_POINT('',(-64.,-48.,90.));
#5734 = LINE('',#5735,#5736);
#5735 = CARTESIAN_POINT('',(-76.,-48.,90.));
#5736 = VECTOR('',#5737,1.);
#5737 = DIRECTION('',(1.,0.,0.));
#5738 = ORIENTED_EDGE('',*,*,#5739,.F.);
#5739 = EDGE_CURVE('',#5662,#5732,#5740,.T.);
#5740 = LINE('',#5741,#5742);
#5741 = CARTESIAN_POINT('',(-64.,-48.,46.));
#5742 = VECTOR('',#5743,1.);
#5743 = DIRECTION('',(0.,0.,1.));
#5744 = PLANE('',#5745);
#5745 = AXIS2_PLACEMENT_3D('',#5746,#5747,#5748);
#5746 = CARTESIAN_POINT('',(-76.,-48.,46.));
#5747 = DIRECTION('',(0.,1.,0.));
#5748 = DIRECTION('',(0.,0.,1.));
#5749 = ADVANCED_FACE('',(#5750),#5775,.T.);
#5750 = FACE_BOUND('',#5751,.T.);
#5751 = EDGE_LOOP('',(#5752,#5760,#5761,#5769));
#5752 = ORIENTED_EDGE('',*,*,#5753,.F.);
#5753 = EDGE_CURVE('',#5693,#5754,#5756,.T.);
#5754 = VERTEX_POINT('',#5755);
#5755 = CARTESIAN_POINT('',(-76.,-48.,192.));
#5756 = LINE('',#5757,#5758);
#5757 = CARTESIAN_POINT('',(-76.,-58.,192.));
#5758 = VECTOR('',#5759,1.);
#5759 = DIRECTION('',(0.,1.,0.));
#5760 = ORIENTED_EDGE('',*,*,#5700,.T.);
#5761 = ORIENTED_EDGE('',*,*,#5762,.T.);
#5762 = EDGE_CURVE('',#5701,#5763,#5765,.T.);
#5763 = VERTEX_POINT('',#5764);
#5764 = CARTESIAN_POINT('',(-64.,-48.,192.));
#5765 = LINE('',#5766,#5767);
#5766 = CARTESIAN_POINT('',(-64.,-58.,192.));
#5767 = VECTOR('',#5768,1.);
#5768 = DIRECTION('',(0.,1.,0.));
#5769 = ORIENTED_EDGE('',*,*,#5770,.F.);
#5770 = EDGE_CURVE('',#5754,#5763,#5771,.T.);
#5771 = LINE('',#5772,#5773);
#5772 = CARTESIAN_POINT('',(-76.,-48.,192.));
#5773 = VECTOR('',#5774,1.);
#5774 = DIRECTION('',(1.,0.,0.));
#5775 = PLANE('',#5776);
#5776 = AXIS2_PLACEMENT_3D('',#5777,#5778,#5779);
#5777 = CARTESIAN_POINT('',(-76.,-58.,192.));
#5778 = DIRECTION('',(0.,0.,1.));
#5779 = DIRECTION('',(1.,0.,0.));
#5780 = ADVANCED_FACE('',(#5781),#5806,.T.);
#5781 = FACE_BOUND('',#5782,.T.);
#5782 = EDGE_LOOP('',(#5783,#5793,#5799,#5800));
#5783 = ORIENTED_EDGE('',*,*,#5784,.F.);
#5784 = EDGE_CURVE('',#5785,#5787,#5789,.T.);
#5785 = VERTEX_POINT('',#5786);
#5786 = CARTESIAN_POINT('',(-76.,-48.,98.));
#5787 = VERTEX_POINT('',#5788);
#5788 = CARTESIAN_POINT('',(-64.,-48.,98.));
#5789 = LINE('',#5790,#5791);
#5790 = CARTESIAN_POINT('',(-76.,-48.,98.));
#5791 = VECTOR('',#5792,1.);
#5792 = DIRECTION('',(1.,0.,0.));
#5793 = ORIENTED_EDGE('',*,*,#5794,.T.);
#5794 = EDGE_CURVE('',#5785,#5754,#5795,.T.);
#5795 = LINE('',#5796,#5797);
#5796 = CARTESIAN_POINT('',(-76.,-48.,46.));
#5797 = VECTOR('',#5798,1.);
#5798 = DIRECTION('',(0.,0.,1.));
#5799 = ORIENTED_EDGE('',*,*,#5770,.T.);
#5800 = ORIENTED_EDGE('',*,*,#5801,.F.);
#5801 = EDGE_CURVE('',#5787,#5763,#5802,.T.);
#5802 = LINE('',#5803,#5804);
#5803 = CARTESIAN_POINT('',(-64.,-48.,46.));
#5804 = VECTOR('',#5805,1.);
#5805 = DIRECTION('',(0.,0.,1.));
#5806 = PLANE('',#5807);
#5807 = AXIS2_PLACEMENT_3D('',#5808,#5809,#5810);
#5808 = CARTESIAN_POINT('',(-76.,-48.,46.));
#5809 = DIRECTION('',(0.,1.,0.));
#5810 = DIRECTION('',(0.,0.,1.));
#5811 = ADVANCED_FACE('',(#5812),#5837,.F.);
#5812 = FACE_BOUND('',#5813,.F.);
#5813 = EDGE_LOOP('',(#5814,#5822,#5823,#5831));
#5814 = ORIENTED_EDGE('',*,*,#5815,.F.);
#5815 = EDGE_CURVE('',#5724,#5816,#5818,.T.);
#5816 = VERTEX_POINT('',#5817);
#5817 = CARTESIAN_POINT('',(-76.,-18.,90.));
#5818 = LINE('',#5819,#5820);
#5819 = CARTESIAN_POINT('',(-76.,-48.,90.));
#5820 = VECTOR('',#5821,1.);
#5821 = DIRECTION('',(0.,1.,0.));
#5822 = ORIENTED_EDGE('',*,*,#5731,.T.);
#5823 = ORIENTED_EDGE('',*,*,#5824,.T.);
#5824 = EDGE_CURVE('',#5732,#5825,#5827,.T.);
#5825 = VERTEX_POINT('',#5826);
#5826 = CARTESIAN_POINT('',(-64.,-18.,90.));
#5827 = LINE('',#5828,#5829);
#5828 = CARTESIAN_POINT('',(-64.,-48.,90.));
#5829 = VECTOR('',#5830,1.);
#5830 = DIRECTION('',(0.,1.,0.));
#5831 = ORIENTED_EDGE('',*,*,#5832,.F.);
#5832 = EDGE_CURVE('',#5816,#5825,#5833,.T.);
#5833 = LINE('',#5834,#5835);
#5834 = CARTESIAN_POINT('',(-76.,-18.,90.));
#5835 = VECTOR('',#5836,1.);
#5836 = DIRECTION('',(1.,0.,0.));
#5837 = PLANE('',#5838);
#5838 = AXIS2_PLACEMENT_3D('',#5839,#5840,#5841);
#5839 = CARTESIAN_POINT('',(-76.,-48.,90.));
#5840 = DIRECTION('',(0.,0.,1.));
#5841 = DIRECTION('',(1.,0.,0.));
#5842 = ADVANCED_FACE('',(#5843),#5868,.T.);
#5843 = FACE_BOUND('',#5844,.T.);
#5844 = EDGE_LOOP('',(#5845,#5853,#5854,#5862));
#5845 = ORIENTED_EDGE('',*,*,#5846,.F.);
#5846 = EDGE_CURVE('',#5785,#5847,#5849,.T.);
#5847 = VERTEX_POINT('',#5848);
#5848 = CARTESIAN_POINT('',(-76.,-18.,98.));
#5849 = LINE('',#5850,#5851);
#5850 = CARTESIAN_POINT('',(-76.,-48.,98.));
#5851 = VECTOR('',#5852,1.);
#5852 = DIRECTION('',(0.,1.,0.));
#5853 = ORIENTED_EDGE('',*,*,#5784,.T.);
#5854 = ORIENTED_EDGE('',*,*,#5855,.T.);
#5855 = EDGE_CURVE('',#5787,#5856,#5858,.T.);
#5856 = VERTEX_POINT('',#5857);
#5857 = CARTESIAN_POINT('',(-64.,-18.,98.));
#5858 = LINE('',#5859,#5860);
#5859 = CARTESIAN_POINT('',(-64.,-48.,98.));
#5860 = VECTOR('',#5861,1.);
#5861 = DIRECTION('',(0.,1.,0.));
#5862 = ORIENTED_EDGE('',*,*,#5863,.F.);
#5863 = EDGE_CURVE('',#5847,#5856,#5864,.T.);
#5864 = LINE('',#5865,#5866);
#5865 = CARTESIAN_POINT('',(-76.,-18.,98.));
#5866 = VECTOR('',#5867,1.);
#5867 = DIRECTION('',(1.,0.,0.));
#5868 = PLANE('',#5869);
#5869 = AXIS2_PLACEMENT_3D('',#5870,#5871,#5872);
#5870 = CARTESIAN_POINT('',(-76.,-48.,98.));
#5871 = DIRECTION('',(0.,0.,1.));
#5872 = DIRECTION('',(1.,0.,0.));
#5873 = ADVANCED_FACE('',(#5874),#5890,.T.);
#5874 = FACE_BOUND('',#5875,.T.);
#5875 = EDGE_LOOP('',(#5876,#5877,#5883,#5884));
#5876 = ORIENTED_EDGE('',*,*,#5832,.F.);
#5877 = ORIENTED_EDGE('',*,*,#5878,.T.);
#5878 = EDGE_CURVE('',#5816,#5847,#5879,.T.);
#5879 = LINE('',#5880,#5881);
#5880 = CARTESIAN_POINT('',(-76.,-18.,90.));
#5881 = VECTOR('',#5882,1.);
#5882 = DIRECTION('',(0.,0.,1.));
#5883 = ORIENTED_EDGE('',*,*,#5863,.T.);
#5884 = ORIENTED_EDGE('',*,*,#5885,.F.);
#5885 = EDGE_CURVE('',#5825,#5856,#5886,.T.);
#5886 = LINE('',#5887,#5888);
#5887 = CARTESIAN_POINT('',(-64.,-18.,90.));
#5888 = VECTOR('',#5889,1.);
#5889 = DIRECTION('',(0.,0.,1.));
#5890 = PLANE('',#5891);
#5891 = AXIS2_PLACEMENT_3D('',#5892,#5893,#5894);
#5892 = CARTESIAN_POINT('',(-76.,-18.,90.));
#5893 = DIRECTION('',(0.,1.,0.));
#5894 = DIRECTION('',(0.,0.,1.));
#5895 = ADVANCED_FACE('',(#5896),#5902,.F.);
#5896 = FACE_BOUND('',#5897,.T.);
#5897 = EDGE_LOOP('',(#5898,#5899,#5900,#5901));
#5898 = ORIENTED_EDGE('',*,*,#5531,.T.);
#5899 = ORIENTED_EDGE('',*,*,#5561,.T.);
#5900 = ORIENTED_EDGE('',*,*,#5624,.F.);
#5901 = ORIENTED_EDGE('',*,*,#5592,.F.);
#5902 = PLANE('',#5903);
#5903 = AXIS2_PLACEMENT_3D('',#5904,#5905,#5906);
#5904 = CARTESIAN_POINT('',(-80.,-65.,46.));
#5905 = DIRECTION('',(0.,0.,1.));
#5906 = DIRECTION('',(1.,0.,0.));
#5907 = ADVANCED_FACE('',(#5908),#5918,.T.);
#5908 = FACE_BOUND('',#5909,.T.);
#5909 = EDGE_LOOP('',(#5910,#5911,#5912,#5913,#5914,#5915,#5916,#5917));
#5910 = ORIENTED_EDGE('',*,*,#5692,.T.);
#5911 = ORIENTED_EDGE('',*,*,#5753,.T.);
#5912 = ORIENTED_EDGE('',*,*,#5794,.F.);
#5913 = ORIENTED_EDGE('',*,*,#5846,.T.);
#5914 = ORIENTED_EDGE('',*,*,#5878,.F.);
#5915 = ORIENTED_EDGE('',*,*,#5815,.F.);
#5916 = ORIENTED_EDGE('',*,*,#5723,.F.);
#5917 = ORIENTED_EDGE('',*,*,#5651,.T.);
#5918 = PLANE('',#5919);
#5919 = AXIS2_PLACEMENT_3D('',#5920,#5921,#5922);
#5920 = CARTESIAN_POINT('',(-76.,-49.,117.33333333333));
#5921 = DIRECTION('',(-1.,-0.,-0.));
#5922 = DIRECTION('',(0.,0.,-1.));
#5923 = ADVANCED_FACE('',(#5924),#5934,.T.);
#5924 = FACE_BOUND('',#5925,.T.);
#5925 = EDGE_LOOP('',(#5926,#5927,#5928,#5929,#5930,#5931,#5932,#5933));
#5926 = ORIENTED_EDGE('',*,*,#5708,.F.);
#5927 = ORIENTED_EDGE('',*,*,#5669,.F.);
#5928 = ORIENTED_EDGE('',*,*,#5739,.T.);
#5929 = ORIENTED_EDGE('',*,*,#5824,.T.);
#5930 = ORIENTED_EDGE('',*,*,#5885,.T.);
#5931 = ORIENTED_EDGE('',*,*,#5855,.F.);
#5932 = ORIENTED_EDGE('',*,*,#5801,.T.);
#5933 = ORIENTED_EDGE('',*,*,#5762,.F.);
#5934 = PLANE('',#5935);
#5935 = AXIS2_PLACEMENT_3D('',#5936,#5937,#5938);
#5936 = CARTESIAN_POINT('',(-64.,-49.,117.33333333333));
#5937 = DIRECTION('',(1.,0.,0.));
#5938 = DIRECTION('',(0.,0.,1.));
#5939 = MANIFOLD_SOLID_BREP('',#5940);
#5940 = CLOSED_SHELL('',(#5941,#5981,#6012,#6043,#6065,#6111,#6142,#6173
    ,#6204,#6235,#6266,#6297,#6319,#6331,#6347));
#5941 = ADVANCED_FACE('',(#5942),#5976,.F.);
#5942 = FACE_BOUND('',#5943,.F.);
#5943 = EDGE_LOOP('',(#5944,#5954,#5962,#5970));
#5944 = ORIENTED_EDGE('',*,*,#5945,.F.);
#5945 = EDGE_CURVE('',#5946,#5948,#5950,.T.);
#5946 = VERTEX_POINT('',#5947);
#5947 = CARTESIAN_POINT('',(60.,-65.,46.));
#5948 = VERTEX_POINT('',#5949);
#5949 = CARTESIAN_POINT('',(60.,-65.,52.));
#5950 = LINE('',#5951,#5952);
#5951 = CARTESIAN_POINT('',(60.,-65.,46.));
#5952 = VECTOR('',#5953,1.);
#5953 = DIRECTION('',(0.,0.,1.));
#5954 = ORIENTED_EDGE('',*,*,#5955,.T.);
#5955 = EDGE_CURVE('',#5946,#5956,#5958,.T.);
#5956 = VERTEX_POINT('',#5957);
#5957 = CARTESIAN_POINT('',(60.,-41.,46.));
#5958 = LINE('',#5959,#5960);
#5959 = CARTESIAN_POINT('',(60.,-65.,46.));
#5960 = VECTOR('',#5961,1.);
#5961 = DIRECTION('',(0.,1.,0.));
#5962 = ORIENTED_EDGE('',*,*,#5963,.T.);
#5963 = EDGE_CURVE('',#5956,#5964,#5966,.T.);
#5964 = VERTEX_POINT('',#5965);
#5965 = CARTESIAN_POINT('',(60.,-41.,52.));
#5966 = LINE('',#5967,#5968);
#5967 = CARTESIAN_POINT('',(60.,-41.,46.));
#5968 = VECTOR('',#5969,1.);
#5969 = DIRECTION('',(0.,0.,1.));
#5970 = ORIENTED_EDGE('',*,*,#5971,.F.);
#5971 = EDGE_CURVE('',#5948,#5964,#5972,.T.);
#5972 = LINE('',#5973,#5974);
#5973 = CARTESIAN_POINT('',(60.,-65.,52.));
#5974 = VECTOR('',#5975,1.);
#5975 = DIRECTION('',(0.,1.,0.));
#5976 = PLANE('',#5977);
#5977 = AXIS2_PLACEMENT_3D('',#5978,#5979,#5980);
#5978 = CARTESIAN_POINT('',(60.,-65.,46.));
#5979 = DIRECTION('',(1.,0.,0.));
#5980 = DIRECTION('',(0.,0.,1.));
#5981 = ADVANCED_FACE('',(#5982),#6007,.T.);
#5982 = FACE_BOUND('',#5983,.T.);
#5983 = EDGE_LOOP('',(#5984,#5992,#5993,#6001));
#5984 = ORIENTED_EDGE('',*,*,#5985,.F.);
#5985 = EDGE_CURVE('',#5956,#5986,#5988,.T.);
#5986 = VERTEX_POINT('',#5987);
#5987 = CARTESIAN_POINT('',(80.,-41.,46.));
#5988 = LINE('',#5989,#5990);
#5989 = CARTESIAN_POINT('',(60.,-41.,46.));
#5990 = VECTOR('',#5991,1.);
#5991 = DIRECTION('',(1.,0.,0.));
#5992 = ORIENTED_EDGE('',*,*,#5963,.T.);
#5993 = ORIENTED_EDGE('',*,*,#5994,.T.);
#5994 = EDGE_CURVE('',#5964,#5995,#5997,.T.);
#5995 = VERTEX_POINT('',#5996);
#5996 = CARTESIAN_POINT('',(80.,-41.,52.));
#5997 = LINE('',#5998,#5999);
#5998 = CARTESIAN_POINT('',(60.,-41.,52.));
#5999 = VECTOR('',#6000,1.);
#6000 = DIRECTION('',(1.,0.,0.));
#6001 = ORIENTED_EDGE('',*,*,#6002,.F.);
#6002 = EDGE_CURVE('',#5986,#5995,#6003,.T.);
#6003 = LINE('',#6004,#6005);
#6004 = CARTESIAN_POINT('',(80.,-41.,46.));
#6005 = VECTOR('',#6006,1.);
#6006 = DIRECTION('',(0.,0.,1.));
#6007 = PLANE('',#6008);
#6008 = AXIS2_PLACEMENT_3D('',#6009,#6010,#6011);
#6009 = CARTESIAN_POINT('',(60.,-41.,46.));
#6010 = DIRECTION('',(0.,1.,0.));
#6011 = DIRECTION('',(0.,0.,1.));
#6012 = ADVANCED_FACE('',(#6013),#6038,.F.);
#6013 = FACE_BOUND('',#6014,.F.);
#6014 = EDGE_LOOP('',(#6015,#6023,#6024,#6032));
#6015 = ORIENTED_EDGE('',*,*,#6016,.F.);
#6016 = EDGE_CURVE('',#5946,#6017,#6019,.T.);
#6017 = VERTEX_POINT('',#6018);
#6018 = CARTESIAN_POINT('',(80.,-65.,46.));
#6019 = LINE('',#6020,#6021);
#6020 = CARTESIAN_POINT('',(60.,-65.,46.));
#6021 = VECTOR('',#6022,1.);
#6022 = DIRECTION('',(1.,0.,0.));
#6023 = ORIENTED_EDGE('',*,*,#5945,.T.);
#6024 = ORIENTED_EDGE('',*,*,#6025,.T.);
#6025 = EDGE_CURVE('',#5948,#6026,#6028,.T.);
#6026 = VERTEX_POINT('',#6027);
#6027 = CARTESIAN_POINT('',(80.,-65.,52.));
#6028 = LINE('',#6029,#6030);
#6029 = CARTESIAN_POINT('',(60.,-65.,52.));
#6030 = VECTOR('',#6031,1.);
#6031 = DIRECTION('',(1.,0.,0.));
#6032 = ORIENTED_EDGE('',*,*,#6033,.F.);
#6033 = EDGE_CURVE('',#6017,#6026,#6034,.T.);
#6034 = LINE('',#6035,#6036);
#6035 = CARTESIAN_POINT('',(80.,-65.,46.));
#6036 = VECTOR('',#6037,1.);
#6037 = DIRECTION('',(0.,0.,1.));
#6038 = PLANE('',#6039);
#6039 = AXIS2_PLACEMENT_3D('',#6040,#6041,#6042);
#6040 = CARTESIAN_POINT('',(60.,-65.,46.));
#6041 = DIRECTION('',(0.,1.,0.));
#6042 = DIRECTION('',(0.,0.,1.));
#6043 = ADVANCED_FACE('',(#6044),#6060,.T.);
#6044 = FACE_BOUND('',#6045,.T.);
#6045 = EDGE_LOOP('',(#6046,#6047,#6053,#6054));
#6046 = ORIENTED_EDGE('',*,*,#6033,.F.);
#6047 = ORIENTED_EDGE('',*,*,#6048,.T.);
#6048 = EDGE_CURVE('',#6017,#5986,#6049,.T.);
#6049 = LINE('',#6050,#6051);
#6050 = CARTESIAN_POINT('',(80.,-65.,46.));
#6051 = VECTOR('',#6052,1.);
#6052 = DIRECTION('',(0.,1.,0.));
#6053 = ORIENTED_EDGE('',*,*,#6002,.T.);
#6054 = ORIENTED_EDGE('',*,*,#6055,.F.);
#6055 = EDGE_CURVE('',#6026,#5995,#6056,.T.);
#6056 = LINE('',#6057,#6058);
#6057 = CARTESIAN_POINT('',(80.,-65.,52.));
#6058 = VECTOR('',#6059,1.);
#6059 = DIRECTION('',(0.,1.,0.));
#6060 = PLANE('',#6061);
#6061 = AXIS2_PLACEMENT_3D('',#6062,#6063,#6064);
#6062 = CARTESIAN_POINT('',(80.,-65.,46.));
#6063 = DIRECTION('',(1.,0.,0.));
#6064 = DIRECTION('',(0.,0.,1.));
#6065 = ADVANCED_FACE('',(#6066,#6072),#6106,.T.);
#6066 = FACE_BOUND('',#6067,.T.);
#6067 = EDGE_LOOP('',(#6068,#6069,#6070,#6071));
#6068 = ORIENTED_EDGE('',*,*,#5971,.F.);
#6069 = ORIENTED_EDGE('',*,*,#6025,.T.);
#6070 = ORIENTED_EDGE('',*,*,#6055,.T.);
#6071 = ORIENTED_EDGE('',*,*,#5994,.F.);
#6072 = FACE_BOUND('',#6073,.T.);
#6073 = EDGE_LOOP('',(#6074,#6084,#6092,#6100));
#6074 = ORIENTED_EDGE('',*,*,#6075,.F.);
#6075 = EDGE_CURVE('',#6076,#6078,#6080,.T.);
#6076 = VERTEX_POINT('',#6077);
#6077 = CARTESIAN_POINT('',(64.,-48.,52.));
#6078 = VERTEX_POINT('',#6079);
#6079 = CARTESIAN_POINT('',(64.,-58.,52.));
#6080 = LINE('',#6081,#6082);
#6081 = CARTESIAN_POINT('',(64.,-61.5,52.));
#6082 = VECTOR('',#6083,1.);
#6083 = DIRECTION('',(0.,-1.,0.));
#6084 = ORIENTED_EDGE('',*,*,#6085,.T.);
#6085 = EDGE_CURVE('',#6076,#6086,#6088,.T.);
#6086 = VERTEX_POINT('',#6087);
#6087 = CARTESIAN_POINT('',(76.,-48.,52.));
#6088 = LINE('',#6089,#6090);
#6089 = CARTESIAN_POINT('',(62.,-48.,52.));
#6090 = VECTOR('',#6091,1.);
#6091 = DIRECTION('',(1.,0.,0.));
#6092 = ORIENTED_EDGE('',*,*,#6093,.T.);
#6093 = EDGE_CURVE('',#6086,#6094,#6096,.T.);
#6094 = VERTEX_POINT('',#6095);
#6095 = CARTESIAN_POINT('',(76.,-58.,52.));
#6096 = LINE('',#6097,#6098);
#6097 = CARTESIAN_POINT('',(76.,-61.5,52.));
#6098 = VECTOR('',#6099,1.);
#6099 = DIRECTION('',(0.,-1.,0.));
#6100 = ORIENTED_EDGE('',*,*,#6101,.F.);
#6101 = EDGE_CURVE('',#6078,#6094,#6102,.T.);
#6102 = LINE('',#6103,#6104);
#6103 = CARTESIAN_POINT('',(62.,-58.,52.));
#6104 = VECTOR('',#6105,1.);
#6105 = DIRECTION('',(1.,0.,0.));
#6106 = PLANE('',#6107);
#6107 = AXIS2_PLACEMENT_3D('',#6108,#6109,#6110);
#6108 = CARTESIAN_POINT('',(60.,-65.,52.));
#6109 = DIRECTION('',(0.,0.,1.));
#6110 = DIRECTION('',(1.,0.,0.));
#6111 = ADVANCED_FACE('',(#6112),#6137,.F.);
#6112 = FACE_BOUND('',#6113,.F.);
#6113 = EDGE_LOOP('',(#6114,#6115,#6123,#6131));
#6114 = ORIENTED_EDGE('',*,*,#6101,.F.);
#6115 = ORIENTED_EDGE('',*,*,#6116,.T.);
#6116 = EDGE_CURVE('',#6078,#6117,#6119,.T.);
#6117 = VERTEX_POINT('',#6118);
#6118 = CARTESIAN_POINT('',(64.,-58.,192.));
#6119 = LINE('',#6120,#6121);
#6120 = CARTESIAN_POINT('',(64.,-58.,46.));
#6121 = VECTOR('',#6122,1.);
#6122 = DIRECTION('',(0.,0.,1.));
#6123 = ORIENTED_EDGE('',*,*,#6124,.T.);
#6124 = EDGE_CURVE('',#6117,#6125,#6127,.T.);
#6125 = VERTEX_POINT('',#6126);
#6126 = CARTESIAN_POINT('',(76.,-58.,192.));
#6127 = LINE('',#6128,#6129);
#6128 = CARTESIAN_POINT('',(64.,-58.,192.));
#6129 = VECTOR('',#6130,1.);
#6130 = DIRECTION('',(1.,0.,0.));
#6131 = ORIENTED_EDGE('',*,*,#6132,.F.);
#6132 = EDGE_CURVE('',#6094,#6125,#6133,.T.);
#6133 = LINE('',#6134,#6135);
#6134 = CARTESIAN_POINT('',(76.,-58.,46.));
#6135 = VECTOR('',#6136,1.);
#6136 = DIRECTION('',(0.,0.,1.));
#6137 = PLANE('',#6138);
#6138 = AXIS2_PLACEMENT_3D('',#6139,#6140,#6141);
#6139 = CARTESIAN_POINT('',(64.,-58.,46.));
#6140 = DIRECTION('',(0.,1.,0.));
#6141 = DIRECTION('',(0.,0.,1.));
#6142 = ADVANCED_FACE('',(#6143),#6168,.T.);
#6143 = FACE_BOUND('',#6144,.T.);
#6144 = EDGE_LOOP('',(#6145,#6146,#6154,#6162));
#6145 = ORIENTED_EDGE('',*,*,#6085,.F.);
#6146 = ORIENTED_EDGE('',*,*,#6147,.T.);
#6147 = EDGE_CURVE('',#6076,#6148,#6150,.T.);
#6148 = VERTEX_POINT('',#6149);
#6149 = CARTESIAN_POINT('',(64.,-48.,90.));
#6150 = LINE('',#6151,#6152);
#6151 = CARTESIAN_POINT('',(64.,-48.,46.));
#6152 = VECTOR('',#6153,1.);
#6153 = DIRECTION('',(0.,0.,1.));
#6154 = ORIENTED_EDGE('',*,*,#6155,.T.);
#6155 = EDGE_CURVE('',#6148,#6156,#6158,.T.);
#6156 = VERTEX_POINT('',#6157);
#6157 = CARTESIAN_POINT('',(76.,-48.,90.));
#6158 = LINE('',#6159,#6160);
#6159 = CARTESIAN_POINT('',(64.,-48.,90.));
#6160 = VECTOR('',#6161,1.);
#6161 = DIRECTION('',(1.,0.,0.));
#6162 = ORIENTED_EDGE('',*,*,#6163,.F.);
#6163 = EDGE_CURVE('',#6086,#6156,#6164,.T.);
#6164 = LINE('',#6165,#6166);
#6165 = CARTESIAN_POINT('',(76.,-48.,46.));
#6166 = VECTOR('',#6167,1.);
#6167 = DIRECTION('',(0.,0.,1.));
#6168 = PLANE('',#6169);
#6169 = AXIS2_PLACEMENT_3D('',#6170,#6171,#6172);
#6170 = CARTESIAN_POINT('',(64.,-48.,46.));
#6171 = DIRECTION('',(0.,1.,0.));
#6172 = DIRECTION('',(0.,0.,1.));
#6173 = ADVANCED_FACE('',(#6174),#6199,.T.);
#6174 = FACE_BOUND('',#6175,.T.);
#6175 = EDGE_LOOP('',(#6176,#6184,#6185,#6193));
#6176 = ORIENTED_EDGE('',*,*,#6177,.F.);
#6177 = EDGE_CURVE('',#6117,#6178,#6180,.T.);
#6178 = VERTEX_POINT('',#6179);
#6179 = CARTESIAN_POINT('',(64.,-48.,192.));
#6180 = LINE('',#6181,#6182);
#6181 = CARTESIAN_POINT('',(64.,-58.,192.));
#6182 = VECTOR('',#6183,1.);
#6183 = DIRECTION('',(0.,1.,0.));
#6184 = ORIENTED_EDGE('',*,*,#6124,.T.);
#6185 = ORIENTED_EDGE('',*,*,#6186,.T.);
#6186 = EDGE_CURVE('',#6125,#6187,#6189,.T.);
#6187 = VERTEX_POINT('',#6188);
#6188 = CARTESIAN_POINT('',(76.,-48.,192.));
#6189 = LINE('',#6190,#6191);
#6190 = CARTESIAN_POINT('',(76.,-58.,192.));
#6191 = VECTOR('',#6192,1.);
#6192 = DIRECTION('',(0.,1.,0.));
#6193 = ORIENTED_EDGE('',*,*,#6194,.F.);
#6194 = EDGE_CURVE('',#6178,#6187,#6195,.T.);
#6195 = LINE('',#6196,#6197);
#6196 = CARTESIAN_POINT('',(64.,-48.,192.));
#6197 = VECTOR('',#6198,1.);
#6198 = DIRECTION('',(1.,0.,0.));
#6199 = PLANE('',#6200);
#6200 = AXIS2_PLACEMENT_3D('',#6201,#6202,#6203);
#6201 = CARTESIAN_POINT('',(64.,-58.,192.));
#6202 = DIRECTION('',(0.,0.,1.));
#6203 = DIRECTION('',(1.,0.,0.));
#6204 = ADVANCED_FACE('',(#6205),#6230,.T.);
#6205 = FACE_BOUND('',#6206,.T.);
#6206 = EDGE_LOOP('',(#6207,#6217,#6223,#6224));
#6207 = ORIENTED_EDGE('',*,*,#6208,.F.);
#6208 = EDGE_CURVE('',#6209,#6211,#6213,.T.);
#6209 = VERTEX_POINT('',#6210);
#6210 = CARTESIAN_POINT('',(64.,-48.,98.));
#6211 = VERTEX_POINT('',#6212);
#6212 = CARTESIAN_POINT('',(76.,-48.,98.));
#6213 = LINE('',#6214,#6215);
#6214 = CARTESIAN_POINT('',(64.,-48.,98.));
#6215 = VECTOR('',#6216,1.);
#6216 = DIRECTION('',(1.,0.,0.));
#6217 = ORIENTED_EDGE('',*,*,#6218,.T.);
#6218 = EDGE_CURVE('',#6209,#6178,#6219,.T.);
#6219 = LINE('',#6220,#6221);
#6220 = CARTESIAN_POINT('',(64.,-48.,46.));
#6221 = VECTOR('',#6222,1.);
#6222 = DIRECTION('',(0.,0.,1.));
#6223 = ORIENTED_EDGE('',*,*,#6194,.T.);
#6224 = ORIENTED_EDGE('',*,*,#6225,.F.);
#6225 = EDGE_CURVE('',#6211,#6187,#6226,.T.);
#6226 = LINE('',#6227,#6228);
#6227 = CARTESIAN_POINT('',(76.,-48.,46.));
#6228 = VECTOR('',#6229,1.);
#6229 = DIRECTION('',(0.,0.,1.));
#6230 = PLANE('',#6231);
#6231 = AXIS2_PLACEMENT_3D('',#6232,#6233,#6234);
#6232 = CARTESIAN_POINT('',(64.,-48.,46.));
#6233 = DIRECTION('',(0.,1.,0.));
#6234 = DIRECTION('',(0.,0.,1.));
#6235 = ADVANCED_FACE('',(#6236),#6261,.F.);
#6236 = FACE_BOUND('',#6237,.F.);
#6237 = EDGE_LOOP('',(#6238,#6246,#6247,#6255));
#6238 = ORIENTED_EDGE('',*,*,#6239,.F.);
#6239 = EDGE_CURVE('',#6148,#6240,#6242,.T.);
#6240 = VERTEX_POINT('',#6241);
#6241 = CARTESIAN_POINT('',(64.,-18.,90.));
#6242 = LINE('',#6243,#6244);
#6243 = CARTESIAN_POINT('',(64.,-48.,90.));
#6244 = VECTOR('',#6245,1.);
#6245 = DIRECTION('',(0.,1.,0.));
#6246 = ORIENTED_EDGE('',*,*,#6155,.T.);
#6247 = ORIENTED_EDGE('',*,*,#6248,.T.);
#6248 = EDGE_CURVE('',#6156,#6249,#6251,.T.);
#6249 = VERTEX_POINT('',#6250);
#6250 = CARTESIAN_POINT('',(76.,-18.,90.));
#6251 = LINE('',#6252,#6253);
#6252 = CARTESIAN_POINT('',(76.,-48.,90.));
#6253 = VECTOR('',#6254,1.);
#6254 = DIRECTION('',(0.,1.,0.));
#6255 = ORIENTED_EDGE('',*,*,#6256,.F.);
#6256 = EDGE_CURVE('',#6240,#6249,#6257,.T.);
#6257 = LINE('',#6258,#6259);
#6258 = CARTESIAN_POINT('',(64.,-18.,90.));
#6259 = VECTOR('',#6260,1.);
#6260 = DIRECTION('',(1.,0.,0.));
#6261 = PLANE('',#6262);
#6262 = AXIS2_PLACEMENT_3D('',#6263,#6264,#6265);
#6263 = CARTESIAN_POINT('',(64.,-48.,90.));
#6264 = DIRECTION('',(0.,0.,1.));
#6265 = DIRECTION('',(1.,0.,0.));
#6266 = ADVANCED_FACE('',(#6267),#6292,.T.);
#6267 = FACE_BOUND('',#6268,.T.);
#6268 = EDGE_LOOP('',(#6269,#6277,#6278,#6286));
#6269 = ORIENTED_EDGE('',*,*,#6270,.F.);
#6270 = EDGE_CURVE('',#6209,#6271,#6273,.T.);
#6271 = VERTEX_POINT('',#6272);
#6272 = CARTESIAN_POINT('',(64.,-18.,98.));
#6273 = LINE('',#6274,#6275);
#6274 = CARTESIAN_POINT('',(64.,-48.,98.));
#6275 = VECTOR('',#6276,1.);
#6276 = DIRECTION('',(0.,1.,0.));
#6277 = ORIENTED_EDGE('',*,*,#6208,.T.);
#6278 = ORIENTED_EDGE('',*,*,#6279,.T.);
#6279 = EDGE_CURVE('',#6211,#6280,#6282,.T.);
#6280 = VERTEX_POINT('',#6281);
#6281 = CARTESIAN_POINT('',(76.,-18.,98.));
#6282 = LINE('',#6283,#6284);
#6283 = CARTESIAN_POINT('',(76.,-48.,98.));
#6284 = VECTOR('',#6285,1.);
#6285 = DIRECTION('',(0.,1.,0.));
#6286 = ORIENTED_EDGE('',*,*,#6287,.F.);
#6287 = EDGE_CURVE('',#6271,#6280,#6288,.T.);
#6288 = LINE('',#6289,#6290);
#6289 = CARTESIAN_POINT('',(64.,-18.,98.));
#6290 = VECTOR('',#6291,1.);
#6291 = DIRECTION('',(1.,0.,0.));
#6292 = PLANE('',#6293);
#6293 = AXIS2_PLACEMENT_3D('',#6294,#6295,#6296);
#6294 = CARTESIAN_POINT('',(64.,-48.,98.));
#6295 = DIRECTION('',(0.,0.,1.));
#6296 = DIRECTION('',(1.,0.,0.));
#6297 = ADVANCED_FACE('',(#6298),#6314,.T.);
#6298 = FACE_BOUND('',#6299,.T.);
#6299 = EDGE_LOOP('',(#6300,#6301,#6307,#6308));
#6300 = ORIENTED_EDGE('',*,*,#6256,.F.);
#6301 = ORIENTED_EDGE('',*,*,#6302,.T.);
#6302 = EDGE_CURVE('',#6240,#6271,#6303,.T.);
#6303 = LINE('',#6304,#6305);
#6304 = CARTESIAN_POINT('',(64.,-18.,90.));
#6305 = VECTOR('',#6306,1.);
#6306 = DIRECTION('',(0.,0.,1.));
#6307 = ORIENTED_EDGE('',*,*,#6287,.T.);
#6308 = ORIENTED_EDGE('',*,*,#6309,.F.);
#6309 = EDGE_CURVE('',#6249,#6280,#6310,.T.);
#6310 = LINE('',#6311,#6312);
#6311 = CARTESIAN_POINT('',(76.,-18.,90.));
#6312 = VECTOR('',#6313,1.);
#6313 = DIRECTION('',(0.,0.,1.));
#6314 = PLANE('',#6315);
#6315 = AXIS2_PLACEMENT_3D('',#6316,#6317,#6318);
#6316 = CARTESIAN_POINT('',(64.,-18.,90.));
#6317 = DIRECTION('',(0.,1.,0.));
#6318 = DIRECTION('',(0.,0.,1.));
#6319 = ADVANCED_FACE('',(#6320),#6326,.F.);
#6320 = FACE_BOUND('',#6321,.T.);
#6321 = EDGE_LOOP('',(#6322,#6323,#6324,#6325));
#6322 = ORIENTED_EDGE('',*,*,#5955,.T.);
#6323 = ORIENTED_EDGE('',*,*,#5985,.T.);
#6324 = ORIENTED_EDGE('',*,*,#6048,.F.);
#6325 = ORIENTED_EDGE('',*,*,#6016,.F.);
#6326 = PLANE('',#6327);
#6327 = AXIS2_PLACEMENT_3D('',#6328,#6329,#6330);
#6328 = CARTESIAN_POINT('',(60.,-65.,46.));
#6329 = DIRECTION('',(0.,0.,1.));
#6330 = DIRECTION('',(1.,0.,0.));
#6331 = ADVANCED_FACE('',(#6332),#6342,.T.);
#6332 = FACE_BOUND('',#6333,.T.);
#6333 = EDGE_LOOP('',(#6334,#6335,#6336,#6337,#6338,#6339,#6340,#6341));
#6334 = ORIENTED_EDGE('',*,*,#6116,.T.);
#6335 = ORIENTED_EDGE('',*,*,#6177,.T.);
#6336 = ORIENTED_EDGE('',*,*,#6218,.F.);
#6337 = ORIENTED_EDGE('',*,*,#6270,.T.);
#6338 = ORIENTED_EDGE('',*,*,#6302,.F.);
#6339 = ORIENTED_EDGE('',*,*,#6239,.F.);
#6340 = ORIENTED_EDGE('',*,*,#6147,.F.);
#6341 = ORIENTED_EDGE('',*,*,#6075,.T.);
#6342 = PLANE('',#6343);
#6343 = AXIS2_PLACEMENT_3D('',#6344,#6345,#6346);
#6344 = CARTESIAN_POINT('',(64.,-49.,117.33333333333));
#6345 = DIRECTION('',(-1.,-0.,-0.));
#6346 = DIRECTION('',(0.,0.,-1.));
#6347 = ADVANCED_FACE('',(#6348),#6358,.T.);
#6348 = FACE_BOUND('',#6349,.T.);
#6349 = EDGE_LOOP('',(#6350,#6351,#6352,#6353,#6354,#6355,#6356,#6357));
#6350 = ORIENTED_EDGE('',*,*,#6132,.F.);
#6351 = ORIENTED_EDGE('',*,*,#6093,.F.);
#6352 = ORIENTED_EDGE('',*,*,#6163,.T.);
#6353 = ORIENTED_EDGE('',*,*,#6248,.T.);
#6354 = ORIENTED_EDGE('',*,*,#6309,.T.);
#6355 = ORIENTED_EDGE('',*,*,#6279,.F.);
#6356 = ORIENTED_EDGE('',*,*,#6225,.T.);
#6357 = ORIENTED_EDGE('',*,*,#6186,.F.);
#6358 = PLANE('',#6359);
#6359 = AXIS2_PLACEMENT_3D('',#6360,#6361,#6362);
#6360 = CARTESIAN_POINT('',(76.,-49.,117.33333333333));
#6361 = DIRECTION('',(1.,0.,0.));
#6362 = DIRECTION('',(0.,0.,1.));
#6363 = MANIFOLD_SOLID_BREP('',#6364);
#6364 = CLOSED_SHELL('',(#6365,#6405,#6452,#6476,#6516,#6533,#6550,#6581
    ,#6598,#6638,#6684,#6717,#6734,#6795,#6807,#6824,#6841,#6866,#6891,
    #6900));
#6365 = ADVANCED_FACE('',(#6366),#6400,.F.);
#6366 = FACE_BOUND('',#6367,.F.);
#6367 = EDGE_LOOP('',(#6368,#6378,#6386,#6394));
#6368 = ORIENTED_EDGE('',*,*,#6369,.F.);
#6369 = EDGE_CURVE('',#6370,#6372,#6374,.T.);
#6370 = VERTEX_POINT('',#6371);
#6371 = CARTESIAN_POINT('',(-76.,-58.,190.));
#6372 = VERTEX_POINT('',#6373);
#6373 = CARTESIAN_POINT('',(-76.,-58.,198.));
#6374 = LINE('',#6375,#6376);
#6375 = CARTESIAN_POINT('',(-76.,-58.,190.));
#6376 = VECTOR('',#6377,1.);
#6377 = DIRECTION('',(0.,0.,1.));
#6378 = ORIENTED_EDGE('',*,*,#6379,.T.);
#6379 = EDGE_CURVE('',#6370,#6380,#6382,.T.);
#6380 = VERTEX_POINT('',#6381);
#6381 = CARTESIAN_POINT('',(-76.,-48.,190.));
#6382 = LINE('',#6383,#6384);
#6383 = CARTESIAN_POINT('',(-76.,-58.,190.));
#6384 = VECTOR('',#6385,1.);
#6385 = DIRECTION('',(0.,1.,0.));
#6386 = ORIENTED_EDGE('',*,*,#6387,.T.);
#6387 = EDGE_CURVE('',#6380,#6388,#6390,.T.);
#6388 = VERTEX_POINT('',#6389);
#6389 = CARTESIAN_POINT('',(-76.,-48.,198.));
#6390 = LINE('',#6391,#6392);
#6391 = CARTESIAN_POINT('',(-76.,-48.,190.));
#6392 = VECTOR('',#6393,1.);
#6393 = DIRECTION('',(0.,0.,1.));
#6394 = ORIENTED_EDGE('',*,*,#6395,.F.);
#6395 = EDGE_CURVE('',#6372,#6388,#6396,.T.);
#6396 = LINE('',#6397,#6398);
#6397 = CARTESIAN_POINT('',(-76.,-58.,198.));
#6398 = VECTOR('',#6399,1.);
#6399 = DIRECTION('',(0.,1.,0.));
#6400 = PLANE('',#6401);
#6401 = AXIS2_PLACEMENT_3D('',#6402,#6403,#6404);
#6402 = CARTESIAN_POINT('',(-76.,-58.,190.));
#6403 = DIRECTION('',(1.,0.,0.));
#6404 = DIRECTION('',(0.,0.,1.));
#6405 = ADVANCED_FACE('',(#6406),#6447,.F.);
#6406 = FACE_BOUND('',#6407,.F.);
#6407 = EDGE_LOOP('',(#6408,#6416,#6417,#6425,#6433,#6441));
#6408 = ORIENTED_EDGE('',*,*,#6409,.F.);
#6409 = EDGE_CURVE('',#6370,#6410,#6412,.T.);
#6410 = VERTEX_POINT('',#6411);
#6411 = CARTESIAN_POINT('',(76.,-58.,190.));
#6412 = LINE('',#6413,#6414);
#6413 = CARTESIAN_POINT('',(-76.,-58.,190.));
#6414 = VECTOR('',#6415,1.);
#6415 = DIRECTION('',(1.,0.,0.));
#6416 = ORIENTED_EDGE('',*,*,#6369,.T.);
#6417 = ORIENTED_EDGE('',*,*,#6418,.T.);
#6418 = EDGE_CURVE('',#6372,#6419,#6421,.T.);
#6419 = VERTEX_POINT('',#6420);
#6420 = CARTESIAN_POINT('',(-27.,-58.,198.));
#6421 = LINE('',#6422,#6423);
#6422 = CARTESIAN_POINT('',(-76.,-58.,198.));
#6423 = VECTOR('',#6424,1.);
#6424 = DIRECTION('',(1.,0.,0.));
#6425 = ORIENTED_EDGE('',*,*,#6426,.T.);
#6426 = EDGE_CURVE('',#6419,#6427,#6429,.T.);
#6427 = VERTEX_POINT('',#6428);
#6428 = CARTESIAN_POINT('',(27.,-58.,198.));
#6429 = LINE('',#6430,#6431);
#6430 = CARTESIAN_POINT('',(-76.,-58.,198.));
#6431 = VECTOR('',#6432,1.);
#6432 = DIRECTION('',(1.,0.,0.));
#6433 = ORIENTED_EDGE('',*,*,#6434,.T.);
#6434 = EDGE_CURVE('',#6427,#6435,#6437,.T.);
#6435 = VERTEX_POINT('',#6436);
#6436 = CARTESIAN_POINT('',(76.,-58.,198.));
#6437 = LINE('',#6438,#6439);
#6438 = CARTESIAN_POINT('',(-76.,-58.,198.));
#6439 = VECTOR('',#6440,1.);
#6440 = DIRECTION('',(1.,0.,0.));
#6441 = ORIENTED_EDGE('',*,*,#6442,.F.);
#6442 = EDGE_CURVE('',#6410,#6435,#6443,.T.);
#6443 = LINE('',#6444,#6445);
#6444 = CARTESIAN_POINT('',(76.,-58.,190.));
#6445 = VECTOR('',#6446,1.);
#6446 = DIRECTION('',(0.,0.,1.));
#6447 = PLANE('',#6448);
#6448 = AXIS2_PLACEMENT_3D('',#6449,#6450,#6451);
#6449 = CARTESIAN_POINT('',(-76.,-58.,190.));
#6450 = DIRECTION('',(0.,1.,0.));
#6451 = DIRECTION('',(0.,0.,1.));
#6452 = ADVANCED_FACE('',(#6453),#6471,.T.);
#6453 = FACE_BOUND('',#6454,.T.);
#6454 = EDGE_LOOP('',(#6455,#6463,#6464,#6465));
#6455 = ORIENTED_EDGE('',*,*,#6456,.F.);
#6456 = EDGE_CURVE('',#6388,#6457,#6459,.T.);
#6457 = VERTEX_POINT('',#6458);
#6458 = CARTESIAN_POINT('',(-27.,-48.,198.));
#6459 = LINE('',#6460,#6461);
#6460 = CARTESIAN_POINT('',(-76.,-48.,198.));
#6461 = VECTOR('',#6462,1.);
#6462 = DIRECTION('',(1.,0.,0.));
#6463 = ORIENTED_EDGE('',*,*,#6395,.F.);
#6464 = ORIENTED_EDGE('',*,*,#6418,.T.);
#6465 = ORIENTED_EDGE('',*,*,#6466,.T.);
#6466 = EDGE_CURVE('',#6419,#6457,#6467,.T.);
#6467 = LINE('',#6468,#6469);
#6468 = CARTESIAN_POINT('',(-27.,-64.,198.));
#6469 = VECTOR('',#6470,1.);
#6470 = DIRECTION('',(0.,1.,0.));
#6471 = PLANE('',#6472);
#6472 = AXIS2_PLACEMENT_3D('',#6473,#6474,#6475);
#6473 = CARTESIAN_POINT('',(-76.,-58.,198.));
#6474 = DIRECTION('',(0.,0.,1.));
#6475 = DIRECTION('',(1.,0.,0.));
#6476 = ADVANCED_FACE('',(#6477),#6511,.T.);
#6477 = FACE_BOUND('',#6478,.T.);
#6478 = EDGE_LOOP('',(#6479,#6487,#6488,#6489,#6497,#6505));
#6479 = ORIENTED_EDGE('',*,*,#6480,.F.);
#6480 = EDGE_CURVE('',#6380,#6481,#6483,.T.);
#6481 = VERTEX_POINT('',#6482);
#6482 = CARTESIAN_POINT('',(76.,-48.,190.));
#6483 = LINE('',#6484,#6485);
#6484 = CARTESIAN_POINT('',(-76.,-48.,190.));
#6485 = VECTOR('',#6486,1.);
#6486 = DIRECTION('',(1.,0.,0.));
#6487 = ORIENTED_EDGE('',*,*,#6387,.T.);
#6488 = ORIENTED_EDGE('',*,*,#6456,.T.);
#6489 = ORIENTED_EDGE('',*,*,#6490,.T.);
#6490 = EDGE_CURVE('',#6457,#6491,#6493,.T.);
#6491 = VERTEX_POINT('',#6492);
#6492 = CARTESIAN_POINT('',(27.,-48.,198.));
#6493 = LINE('',#6494,#6495);
#6494 = CARTESIAN_POINT('',(-76.,-48.,198.));
#6495 = VECTOR('',#6496,1.);
#6496 = DIRECTION('',(1.,0.,0.));
#6497 = ORIENTED_EDGE('',*,*,#6498,.T.);
#6498 = EDGE_CURVE('',#6491,#6499,#6501,.T.);
#6499 = VERTEX_POINT('',#6500);
#6500 = CARTESIAN_POINT('',(76.,-48.,198.));
#6501 = LINE('',#6502,#6503);
#6502 = CARTESIAN_POINT('',(-76.,-48.,198.));
#6503 = VECTOR('',#6504,1.);
#6504 = DIRECTION('',(1.,0.,0.));
#6505 = ORIENTED_EDGE('',*,*,#6506,.F.);
#6506 = EDGE_CURVE('',#6481,#6499,#6507,.T.);
#6507 = LINE('',#6508,#6509);
#6508 = CARTESIAN_POINT('',(76.,-48.,190.));
#6509 = VECTOR('',#6510,1.);
#6510 = DIRECTION('',(0.,0.,1.));
#6511 = PLANE('',#6512);
#6512 = AXIS2_PLACEMENT_3D('',#6513,#6514,#6515);
#6513 = CARTESIAN_POINT('',(-76.,-48.,190.));
#6514 = DIRECTION('',(0.,1.,0.));
#6515 = DIRECTION('',(0.,0.,1.));
#6516 = ADVANCED_FACE('',(#6517),#6528,.F.);
#6517 = FACE_BOUND('',#6518,.F.);
#6518 = EDGE_LOOP('',(#6519,#6520,#6521,#6527));
#6519 = ORIENTED_EDGE('',*,*,#6379,.F.);
#6520 = ORIENTED_EDGE('',*,*,#6409,.T.);
#6521 = ORIENTED_EDGE('',*,*,#6522,.T.);
#6522 = EDGE_CURVE('',#6410,#6481,#6523,.T.);
#6523 = LINE('',#6524,#6525);
#6524 = CARTESIAN_POINT('',(76.,-58.,190.));
#6525 = VECTOR('',#6526,1.);
#6526 = DIRECTION('',(0.,1.,0.));
#6527 = ORIENTED_EDGE('',*,*,#6480,.F.);
#6528 = PLANE('',#6529);
#6529 = AXIS2_PLACEMENT_3D('',#6530,#6531,#6532);
#6530 = CARTESIAN_POINT('',(-76.,-58.,190.));
#6531 = DIRECTION('',(0.,0.,1.));
#6532 = DIRECTION('',(1.,0.,0.));
#6533 = ADVANCED_FACE('',(#6534),#6545,.T.);
#6534 = FACE_BOUND('',#6535,.T.);
#6535 = EDGE_LOOP('',(#6536,#6537,#6538,#6539));
#6536 = ORIENTED_EDGE('',*,*,#6442,.F.);
#6537 = ORIENTED_EDGE('',*,*,#6522,.T.);
#6538 = ORIENTED_EDGE('',*,*,#6506,.T.);
#6539 = ORIENTED_EDGE('',*,*,#6540,.F.);
#6540 = EDGE_CURVE('',#6435,#6499,#6541,.T.);
#6541 = LINE('',#6542,#6543);
#6542 = CARTESIAN_POINT('',(76.,-58.,198.));
#6543 = VECTOR('',#6544,1.);
#6544 = DIRECTION('',(0.,1.,0.));
#6545 = PLANE('',#6546);
#6546 = AXIS2_PLACEMENT_3D('',#6547,#6548,#6549);
#6547 = CARTESIAN_POINT('',(76.,-58.,190.));
#6548 = DIRECTION('',(1.,0.,0.));
#6549 = DIRECTION('',(0.,0.,1.));
#6550 = ADVANCED_FACE('',(#6551),#6576,.F.);
#6551 = FACE_BOUND('',#6552,.F.);
#6552 = EDGE_LOOP('',(#6553,#6561,#6569,#6575));
#6553 = ORIENTED_EDGE('',*,*,#6554,.F.);
#6554 = EDGE_CURVE('',#6555,#6419,#6557,.T.);
#6555 = VERTEX_POINT('',#6556);
#6556 = CARTESIAN_POINT('',(-27.,-64.,198.));
#6557 = LINE('',#6558,#6559);
#6558 = CARTESIAN_POINT('',(-27.,-64.,198.));
#6559 = VECTOR('',#6560,1.);
#6560 = DIRECTION('',(0.,1.,0.));
#6561 = ORIENTED_EDGE('',*,*,#6562,.T.);
#6562 = EDGE_CURVE('',#6555,#6563,#6565,.T.);
#6563 = VERTEX_POINT('',#6564);
#6564 = CARTESIAN_POINT('',(27.,-64.,198.));
#6565 = LINE('',#6566,#6567);
#6566 = CARTESIAN_POINT('',(-27.,-64.,198.));
#6567 = VECTOR('',#6568,1.);
#6568 = DIRECTION('',(1.,0.,0.));
#6569 = ORIENTED_EDGE('',*,*,#6570,.T.);
#6570 = EDGE_CURVE('',#6563,#6427,#6571,.T.);
#6571 = LINE('',#6572,#6573);
#6572 = CARTESIAN_POINT('',(27.,-64.,198.));
#6573 = VECTOR('',#6574,1.);
#6574 = DIRECTION('',(0.,1.,0.));
#6575 = ORIENTED_EDGE('',*,*,#6426,.F.);
#6576 = PLANE('',#6577);
#6577 = AXIS2_PLACEMENT_3D('',#6578,#6579,#6580);
#6578 = CARTESIAN_POINT('',(-27.,-64.,198.));
#6579 = DIRECTION('',(0.,0.,1.));
#6580 = DIRECTION('',(1.,0.,0.));
#6581 = ADVANCED_FACE('',(#6582),#6593,.T.);
#6582 = FACE_BOUND('',#6583,.T.);
#6583 = EDGE_LOOP('',(#6584,#6585,#6591,#6592));
#6584 = ORIENTED_EDGE('',*,*,#6498,.F.);
#6585 = ORIENTED_EDGE('',*,*,#6586,.F.);
#6586 = EDGE_CURVE('',#6427,#6491,#6587,.T.);
#6587 = LINE('',#6588,#6589);
#6588 = CARTESIAN_POINT('',(27.,-64.,198.));
#6589 = VECTOR('',#6590,1.);
#6590 = DIRECTION('',(0.,1.,0.));
#6591 = ORIENTED_EDGE('',*,*,#6434,.T.);
#6592 = ORIENTED_EDGE('',*,*,#6540,.T.);
#6593 = PLANE('',#6594);
#6594 = AXIS2_PLACEMENT_3D('',#6595,#6596,#6597);
#6595 = CARTESIAN_POINT('',(-76.,-58.,198.));
#6596 = DIRECTION('',(0.,0.,1.));
#6597 = DIRECTION('',(1.,0.,0.));
#6598 = ADVANCED_FACE('',(#6599),#6633,.F.);
#6599 = FACE_BOUND('',#6600,.F.);
#6600 = EDGE_LOOP('',(#6601,#6609,#6610,#6611,#6619,#6627));
#6601 = ORIENTED_EDGE('',*,*,#6602,.F.);
#6602 = EDGE_CURVE('',#6555,#6603,#6605,.T.);
#6603 = VERTEX_POINT('',#6604);
#6604 = CARTESIAN_POINT('',(-27.,-64.,202.));
#6605 = LINE('',#6606,#6607);
#6606 = CARTESIAN_POINT('',(-27.,-64.,198.));
#6607 = VECTOR('',#6608,1.);
#6608 = DIRECTION('',(0.,0.,1.));
#6609 = ORIENTED_EDGE('',*,*,#6554,.T.);
#6610 = ORIENTED_EDGE('',*,*,#6466,.T.);
#6611 = ORIENTED_EDGE('',*,*,#6612,.T.);
#6612 = EDGE_CURVE('',#6457,#6613,#6615,.T.);
#6613 = VERTEX_POINT('',#6614);
#6614 = CARTESIAN_POINT('',(-27.,-22.,198.));
#6615 = LINE('',#6616,#6617);
#6616 = CARTESIAN_POINT('',(-27.,-64.,198.));
#6617 = VECTOR('',#6618,1.);
#6618 = DIRECTION('',(0.,1.,0.));
#6619 = ORIENTED_EDGE('',*,*,#6620,.T.);
#6620 = EDGE_CURVE('',#6613,#6621,#6623,.T.);
#6621 = VERTEX_POINT('',#6622);
#6622 = CARTESIAN_POINT('',(-27.,-22.,202.));
#6623 = LINE('',#6624,#6625);
#6624 = CARTESIAN_POINT('',(-27.,-22.,198.));
#6625 = VECTOR('',#6626,1.);
#6626 = DIRECTION('',(0.,0.,1.));
#6627 = ORIENTED_EDGE('',*,*,#6628,.F.);
#6628 = EDGE_CURVE('',#6603,#6621,#6629,.T.);
#6629 = LINE('',#6630,#6631);
#6630 = CARTESIAN_POINT('',(-27.,-64.,202.));
#6631 = VECTOR('',#6632,1.);
#6632 = DIRECTION('',(0.,1.,0.));
#6633 = PLANE('',#6634);
#6634 = AXIS2_PLACEMENT_3D('',#6635,#6636,#6637);
#6635 = CARTESIAN_POINT('',(-27.,-64.,198.));
#6636 = DIRECTION('',(1.,0.,0.));
#6637 = DIRECTION('',(0.,0.,1.));
#6638 = ADVANCED_FACE('',(#6639,#6657,#6668),#6679,.F.);
#6639 = FACE_BOUND('',#6640,.F.);
#6640 = EDGE_LOOP('',(#6641,#6642,#6643,#6651));
#6641 = ORIENTED_EDGE('',*,*,#6612,.F.);
#6642 = ORIENTED_EDGE('',*,*,#6490,.T.);
#6643 = ORIENTED_EDGE('',*,*,#6644,.T.);
#6644 = EDGE_CURVE('',#6491,#6645,#6647,.T.);
#6645 = VERTEX_POINT('',#6646);
#6646 = CARTESIAN_POINT('',(27.,-22.,198.));
#6647 = LINE('',#6648,#6649);
#6648 = CARTESIAN_POINT('',(27.,-64.,198.));
#6649 = VECTOR('',#6650,1.);
#6650 = DIRECTION('',(0.,1.,0.));
#6651 = ORIENTED_EDGE('',*,*,#6652,.F.);
#6652 = EDGE_CURVE('',#6613,#6645,#6653,.T.);
#6653 = LINE('',#6654,#6655);
#6654 = CARTESIAN_POINT('',(-27.,-22.,198.));
#6655 = VECTOR('',#6656,1.);
#6656 = DIRECTION('',(1.,0.,0.));
#6657 = FACE_BOUND('',#6658,.F.);
#6658 = EDGE_LOOP('',(#6659));
#6659 = ORIENTED_EDGE('',*,*,#6660,.F.);
#6660 = EDGE_CURVE('',#6661,#6661,#6663,.T.);
#6661 = VERTEX_POINT('',#6662);
#6662 = CARTESIAN_POINT('',(-16.8,-32.,198.));
#6663 = CIRCLE('',#6664,1.2);
#6664 = AXIS2_PLACEMENT_3D('',#6665,#6666,#6667);
#6665 = CARTESIAN_POINT('',(-18.,-32.,198.));
#6666 = DIRECTION('',(0.,0.,1.));
#6667 = DIRECTION('',(1.,0.,0.));
#6668 = FACE_BOUND('',#6669,.F.);
#6669 = EDGE_LOOP('',(#6670));
#6670 = ORIENTED_EDGE('',*,*,#6671,.F.);
#6671 = EDGE_CURVE('',#6672,#6672,#6674,.T.);
#6672 = VERTEX_POINT('',#6673);
#6673 = CARTESIAN_POINT('',(19.2,-32.,198.));
#6674 = CIRCLE('',#6675,1.2);
#6675 = AXIS2_PLACEMENT_3D('',#6676,#6677,#6678);
#6676 = CARTESIAN_POINT('',(18.,-32.,198.));
#6677 = DIRECTION('',(0.,0.,1.));
#6678 = DIRECTION('',(1.,0.,0.));
#6679 = PLANE('',#6680);
#6680 = AXIS2_PLACEMENT_3D('',#6681,#6682,#6683);
#6681 = CARTESIAN_POINT('',(-27.,-64.,198.));
#6682 = DIRECTION('',(0.,0.,1.));
#6683 = DIRECTION('',(1.,0.,0.));
#6684 = ADVANCED_FACE('',(#6685),#6712,.T.);
#6685 = FACE_BOUND('',#6686,.T.);
#6686 = EDGE_LOOP('',(#6687,#6695,#6696,#6697,#6698,#6706));
#6687 = ORIENTED_EDGE('',*,*,#6688,.F.);
#6688 = EDGE_CURVE('',#6563,#6689,#6691,.T.);
#6689 = VERTEX_POINT('',#6690);
#6690 = CARTESIAN_POINT('',(27.,-64.,202.));
#6691 = LINE('',#6692,#6693);
#6692 = CARTESIAN_POINT('',(27.,-64.,198.));
#6693 = VECTOR('',#6694,1.);
#6694 = DIRECTION('',(0.,0.,1.));
#6695 = ORIENTED_EDGE('',*,*,#6570,.T.);
#6696 = ORIENTED_EDGE('',*,*,#6586,.T.);
#6697 = ORIENTED_EDGE('',*,*,#6644,.T.);
#6698 = ORIENTED_EDGE('',*,*,#6699,.T.);
#6699 = EDGE_CURVE('',#6645,#6700,#6702,.T.);
#6700 = VERTEX_POINT('',#6701);
#6701 = CARTESIAN_POINT('',(27.,-22.,202.));
#6702 = LINE('',#6703,#6704);
#6703 = CARTESIAN_POINT('',(27.,-22.,198.));
#6704 = VECTOR('',#6705,1.);
#6705 = DIRECTION('',(0.,0.,1.));
#6706 = ORIENTED_EDGE('',*,*,#6707,.F.);
#6707 = EDGE_CURVE('',#6689,#6700,#6708,.T.);
#6708 = LINE('',#6709,#6710);
#6709 = CARTESIAN_POINT('',(27.,-64.,202.));
#6710 = VECTOR('',#6711,1.);
#6711 = DIRECTION('',(0.,1.,0.));
#6712 = PLANE('',#6713);
#6713 = AXIS2_PLACEMENT_3D('',#6714,#6715,#6716);
#6714 = CARTESIAN_POINT('',(27.,-64.,198.));
#6715 = DIRECTION('',(1.,0.,0.));
#6716 = DIRECTION('',(0.,0.,1.));
#6717 = ADVANCED_FACE('',(#6718),#6729,.F.);
#6718 = FACE_BOUND('',#6719,.F.);
#6719 = EDGE_LOOP('',(#6720,#6721,#6722,#6728));
#6720 = ORIENTED_EDGE('',*,*,#6562,.F.);
#6721 = ORIENTED_EDGE('',*,*,#6602,.T.);
#6722 = ORIENTED_EDGE('',*,*,#6723,.T.);
#6723 = EDGE_CURVE('',#6603,#6689,#6724,.T.);
#6724 = LINE('',#6725,#6726);
#6725 = CARTESIAN_POINT('',(-27.,-64.,202.));
#6726 = VECTOR('',#6727,1.);
#6727 = DIRECTION('',(1.,0.,0.));
#6728 = ORIENTED_EDGE('',*,*,#6688,.F.);
#6729 = PLANE('',#6730);
#6730 = AXIS2_PLACEMENT_3D('',#6731,#6732,#6733);
#6731 = CARTESIAN_POINT('',(-27.,-64.,198.));
#6732 = DIRECTION('',(0.,1.,0.));
#6733 = DIRECTION('',(0.,0.,1.));
#6734 = ADVANCED_FACE('',(#6735,#6746,#6757,#6768,#6779),#6790,.T.);
#6735 = FACE_BOUND('',#6736,.T.);
#6736 = EDGE_LOOP('',(#6737,#6738,#6739,#6740));
#6737 = ORIENTED_EDGE('',*,*,#6628,.F.);
#6738 = ORIENTED_EDGE('',*,*,#6723,.T.);
#6739 = ORIENTED_EDGE('',*,*,#6707,.T.);
#6740 = ORIENTED_EDGE('',*,*,#6741,.F.);
#6741 = EDGE_CURVE('',#6621,#6700,#6742,.T.);
#6742 = LINE('',#6743,#6744);
#6743 = CARTESIAN_POINT('',(-27.,-22.,202.));
#6744 = VECTOR('',#6745,1.);
#6745 = DIRECTION('',(1.,0.,0.));
#6746 = FACE_BOUND('',#6747,.T.);
#6747 = EDGE_LOOP('',(#6748));
#6748 = ORIENTED_EDGE('',*,*,#6749,.F.);
#6749 = EDGE_CURVE('',#6750,#6750,#6752,.T.);
#6750 = VERTEX_POINT('',#6751);
#6751 = CARTESIAN_POINT('',(-16.8,-54.,202.));
#6752 = CIRCLE('',#6753,1.2);
#6753 = AXIS2_PLACEMENT_3D('',#6754,#6755,#6756);
#6754 = CARTESIAN_POINT('',(-18.,-54.,202.));
#6755 = DIRECTION('',(0.,0.,1.));
#6756 = DIRECTION('',(1.,0.,0.));
#6757 = FACE_BOUND('',#6758,.T.);
#6758 = EDGE_LOOP('',(#6759));
#6759 = ORIENTED_EDGE('',*,*,#6760,.F.);
#6760 = EDGE_CURVE('',#6761,#6761,#6763,.T.);
#6761 = VERTEX_POINT('',#6762);
#6762 = CARTESIAN_POINT('',(19.2,-54.,202.));
#6763 = CIRCLE('',#6764,1.2);
#6764 = AXIS2_PLACEMENT_3D('',#6765,#6766,#6767);
#6765 = CARTESIAN_POINT('',(18.,-54.,202.));
#6766 = DIRECTION('',(0.,0.,1.));
#6767 = DIRECTION('',(1.,0.,0.));
#6768 = FACE_BOUND('',#6769,.T.);
#6769 = EDGE_LOOP('',(#6770));
#6770 = ORIENTED_EDGE('',*,*,#6771,.F.);
#6771 = EDGE_CURVE('',#6772,#6772,#6774,.T.);
#6772 = VERTEX_POINT('',#6773);
#6773 = CARTESIAN_POINT('',(-16.8,-32.,202.));
#6774 = CIRCLE('',#6775,1.2);
#6775 = AXIS2_PLACEMENT_3D('',#6776,#6777,#6778);
#6776 = CARTESIAN_POINT('',(-18.,-32.,202.));
#6777 = DIRECTION('',(0.,0.,1.));
#6778 = DIRECTION('',(1.,0.,0.));
#6779 = FACE_BOUND('',#6780,.T.);
#6780 = EDGE_LOOP('',(#6781));
#6781 = ORIENTED_EDGE('',*,*,#6782,.F.);
#6782 = EDGE_CURVE('',#6783,#6783,#6785,.T.);
#6783 = VERTEX_POINT('',#6784);
#6784 = CARTESIAN_POINT('',(19.2,-32.,202.));
#6785 = CIRCLE('',#6786,1.2);
#6786 = AXIS2_PLACEMENT_3D('',#6787,#6788,#6789);
#6787 = CARTESIAN_POINT('',(18.,-32.,202.));
#6788 = DIRECTION('',(0.,0.,1.));
#6789 = DIRECTION('',(1.,0.,0.));
#6790 = PLANE('',#6791);
#6791 = AXIS2_PLACEMENT_3D('',#6792,#6793,#6794);
#6792 = CARTESIAN_POINT('',(-27.,-64.,202.));
#6793 = DIRECTION('',(0.,0.,1.));
#6794 = DIRECTION('',(1.,0.,0.));
#6795 = ADVANCED_FACE('',(#6796),#6802,.T.);
#6796 = FACE_BOUND('',#6797,.T.);
#6797 = EDGE_LOOP('',(#6798,#6799,#6800,#6801));
#6798 = ORIENTED_EDGE('',*,*,#6652,.F.);
#6799 = ORIENTED_EDGE('',*,*,#6620,.T.);
#6800 = ORIENTED_EDGE('',*,*,#6741,.T.);
#6801 = ORIENTED_EDGE('',*,*,#6699,.F.);
#6802 = PLANE('',#6803);
#6803 = AXIS2_PLACEMENT_3D('',#6804,#6805,#6806);
#6804 = CARTESIAN_POINT('',(-27.,-22.,198.));
#6805 = DIRECTION('',(0.,1.,0.));
#6806 = DIRECTION('',(0.,0.,1.));
#6807 = ADVANCED_FACE('',(#6808),#6819,.F.);
#6808 = FACE_BOUND('',#6809,.F.);
#6809 = EDGE_LOOP('',(#6810,#6811,#6817,#6818));
#6810 = ORIENTED_EDGE('',*,*,#6771,.F.);
#6811 = ORIENTED_EDGE('',*,*,#6812,.F.);
#6812 = EDGE_CURVE('',#6661,#6772,#6813,.T.);
#6813 = LINE('',#6814,#6815);
#6814 = CARTESIAN_POINT('',(-16.8,-32.,197.));
#6815 = VECTOR('',#6816,1.);
#6816 = DIRECTION('',(0.,0.,1.));
#6817 = ORIENTED_EDGE('',*,*,#6660,.T.);
#6818 = ORIENTED_EDGE('',*,*,#6812,.T.);
#6819 = CYLINDRICAL_SURFACE('',#6820,1.2);
#6820 = AXIS2_PLACEMENT_3D('',#6821,#6822,#6823);
#6821 = CARTESIAN_POINT('',(-18.,-32.,197.));
#6822 = DIRECTION('',(0.,0.,1.));
#6823 = DIRECTION('',(1.,0.,0.));
#6824 = ADVANCED_FACE('',(#6825),#6836,.F.);
#6825 = FACE_BOUND('',#6826,.F.);
#6826 = EDGE_LOOP('',(#6827,#6828,#6834,#6835));
#6827 = ORIENTED_EDGE('',*,*,#6782,.F.);
#6828 = ORIENTED_EDGE('',*,*,#6829,.F.);
#6829 = EDGE_CURVE('',#6672,#6783,#6830,.T.);
#6830 = LINE('',#6831,#6832);
#6831 = CARTESIAN_POINT('',(19.2,-32.,197.));
#6832 = VECTOR('',#6833,1.);
#6833 = DIRECTION('',(0.,0.,1.));
#6834 = ORIENTED_EDGE('',*,*,#6671,.T.);
#6835 = ORIENTED_EDGE('',*,*,#6829,.T.);
#6836 = CYLINDRICAL_SURFACE('',#6837,1.2);
#6837 = AXIS2_PLACEMENT_3D('',#6838,#6839,#6840);
#6838 = CARTESIAN_POINT('',(18.,-32.,197.));
#6839 = DIRECTION('',(0.,0.,1.));
#6840 = DIRECTION('',(1.,0.,0.));
#6841 = ADVANCED_FACE('',(#6842),#6861,.F.);
#6842 = FACE_BOUND('',#6843,.F.);
#6843 = EDGE_LOOP('',(#6844,#6845,#6853,#6860));
#6844 = ORIENTED_EDGE('',*,*,#6749,.F.);
#6845 = ORIENTED_EDGE('',*,*,#6846,.F.);
#6846 = EDGE_CURVE('',#6847,#6750,#6849,.T.);
#6847 = VERTEX_POINT('',#6848);
#6848 = CARTESIAN_POINT('',(-16.8,-54.,198.));
#6849 = LINE('',#6850,#6851);
#6850 = CARTESIAN_POINT('',(-16.8,-54.,197.));
#6851 = VECTOR('',#6852,1.);
#6852 = DIRECTION('',(0.,0.,1.));
#6853 = ORIENTED_EDGE('',*,*,#6854,.T.);
#6854 = EDGE_CURVE('',#6847,#6847,#6855,.T.);
#6855 = CIRCLE('',#6856,1.2);
#6856 = AXIS2_PLACEMENT_3D('',#6857,#6858,#6859);
#6857 = CARTESIAN_POINT('',(-18.,-54.,198.));
#6858 = DIRECTION('',(0.,0.,1.));
#6859 = DIRECTION('',(1.,0.,0.));
#6860 = ORIENTED_EDGE('',*,*,#6846,.T.);
#6861 = CYLINDRICAL_SURFACE('',#6862,1.2);
#6862 = AXIS2_PLACEMENT_3D('',#6863,#6864,#6865);
#6863 = CARTESIAN_POINT('',(-18.,-54.,197.));
#6864 = DIRECTION('',(0.,0.,1.));
#6865 = DIRECTION('',(1.,0.,0.));
#6866 = ADVANCED_FACE('',(#6867),#6886,.F.);
#6867 = FACE_BOUND('',#6868,.F.);
#6868 = EDGE_LOOP('',(#6869,#6870,#6878,#6885));
#6869 = ORIENTED_EDGE('',*,*,#6760,.F.);
#6870 = ORIENTED_EDGE('',*,*,#6871,.F.);
#6871 = EDGE_CURVE('',#6872,#6761,#6874,.T.);
#6872 = VERTEX_POINT('',#6873);
#6873 = CARTESIAN_POINT('',(19.2,-54.,198.));
#6874 = LINE('',#6875,#6876);
#6875 = CARTESIAN_POINT('',(19.2,-54.,197.));
#6876 = VECTOR('',#6877,1.);
#6877 = DIRECTION('',(0.,0.,1.));
#6878 = ORIENTED_EDGE('',*,*,#6879,.T.);
#6879 = EDGE_CURVE('',#6872,#6872,#6880,.T.);
#6880 = CIRCLE('',#6881,1.2);
#6881 = AXIS2_PLACEMENT_3D('',#6882,#6883,#6884);
#6882 = CARTESIAN_POINT('',(18.,-54.,198.));
#6883 = DIRECTION('',(0.,0.,1.));
#6884 = DIRECTION('',(1.,0.,0.));
#6885 = ORIENTED_EDGE('',*,*,#6871,.T.);
#6886 = CYLINDRICAL_SURFACE('',#6887,1.2);
#6887 = AXIS2_PLACEMENT_3D('',#6888,#6889,#6890);
#6888 = CARTESIAN_POINT('',(18.,-54.,197.));
#6889 = DIRECTION('',(0.,0.,1.));
#6890 = DIRECTION('',(1.,0.,0.));
#6891 = ADVANCED_FACE('',(#6892),#6895,.T.);
#6892 = FACE_BOUND('',#6893,.T.);
#6893 = EDGE_LOOP('',(#6894));
#6894 = ORIENTED_EDGE('',*,*,#6854,.T.);
#6895 = PLANE('',#6896);
#6896 = AXIS2_PLACEMENT_3D('',#6897,#6898,#6899);
#6897 = CARTESIAN_POINT('',(-76.,-58.,198.));
#6898 = DIRECTION('',(0.,0.,1.));
#6899 = DIRECTION('',(1.,0.,0.));
#6900 = ADVANCED_FACE('',(#6901),#6904,.T.);
#6901 = FACE_BOUND('',#6902,.T.);
#6902 = EDGE_LOOP('',(#6903));
#6903 = ORIENTED_EDGE('',*,*,#6879,.T.);
#6904 = PLANE('',#6905);
#6905 = AXIS2_PLACEMENT_3D('',#6906,#6907,#6908);
#6906 = CARTESIAN_POINT('',(-76.,-58.,198.));
#6907 = DIRECTION('',(0.,0.,1.));
#6908 = DIRECTION('',(1.,0.,0.));
#6909 = MANIFOLD_SOLID_BREP('',#6910);
#6910 = CLOSED_SHELL('',(#6911,#6951,#6982,#7061,#7085,#7157,#7169,#7186
    ,#7203,#7220,#7237));
#6911 = ADVANCED_FACE('',(#6912),#6946,.F.);
#6912 = FACE_BOUND('',#6913,.F.);
#6913 = EDGE_LOOP('',(#6914,#6924,#6932,#6940));
#6914 = ORIENTED_EDGE('',*,*,#6915,.F.);
#6915 = EDGE_CURVE('',#6916,#6918,#6920,.T.);
#6916 = VERTEX_POINT('',#6917);
#6917 = CARTESIAN_POINT('',(-45.,-75.,232.));
#6918 = VERTEX_POINT('',#6919);
#6919 = CARTESIAN_POINT('',(-45.,-75.,236.));
#6920 = LINE('',#6921,#6922);
#6921 = CARTESIAN_POINT('',(-45.,-75.,232.));
#6922 = VECTOR('',#6923,1.);
#6923 = DIRECTION('',(0.,0.,1.));
#6924 = ORIENTED_EDGE('',*,*,#6925,.T.);
#6925 = EDGE_CURVE('',#6916,#6926,#6928,.T.);
#6926 = VERTEX_POINT('',#6927);
#6927 = CARTESIAN_POINT('',(-45.,-15.,232.));
#6928 = LINE('',#6929,#6930);
#6929 = CARTESIAN_POINT('',(-45.,-75.,232.));
#6930 = VECTOR('',#6931,1.);
#6931 = DIRECTION('',(0.,1.,0.));
#6932 = ORIENTED_EDGE('',*,*,#6933,.T.);
#6933 = EDGE_CURVE('',#6926,#6934,#6936,.T.);
#6934 = VERTEX_POINT('',#6935);
#6935 = CARTESIAN_POINT('',(-45.,-15.,236.));
#6936 = LINE('',#6937,#6938);
#6937 = CARTESIAN_POINT('',(-45.,-15.,232.));
#6938 = VECTOR('',#6939,1.);
#6939 = DIRECTION('',(0.,0.,1.));
#6940 = ORIENTED_EDGE('',*,*,#6941,.F.);
#6941 = EDGE_CURVE('',#6918,#6934,#6942,.T.);
#6942 = LINE('',#6943,#6944);
#6943 = CARTESIAN_POINT('',(-45.,-75.,236.));
#6944 = VECTOR('',#6945,1.);
#6945 = DIRECTION('',(0.,1.,0.));
#6946 = PLANE('',#6947);
#6947 = AXIS2_PLACEMENT_3D('',#6948,#6949,#6950);
#6948 = CARTESIAN_POINT('',(-45.,-75.,232.));
#6949 = DIRECTION('',(1.,0.,0.));
#6950 = DIRECTION('',(0.,0.,1.));
#6951 = ADVANCED_FACE('',(#6952),#6977,.F.);
#6952 = FACE_BOUND('',#6953,.F.);
#6953 = EDGE_LOOP('',(#6954,#6962,#6963,#6971));
#6954 = ORIENTED_EDGE('',*,*,#6955,.F.);
#6955 = EDGE_CURVE('',#6916,#6956,#6958,.T.);
#6956 = VERTEX_POINT('',#6957);
#6957 = CARTESIAN_POINT('',(45.,-75.,232.));
#6958 = LINE('',#6959,#6960);
#6959 = CARTESIAN_POINT('',(-45.,-75.,232.));
#6960 = VECTOR('',#6961,1.);
#6961 = DIRECTION('',(1.,0.,0.));
#6962 = ORIENTED_EDGE('',*,*,#6915,.T.);
#6963 = ORIENTED_EDGE('',*,*,#6964,.T.);
#6964 = EDGE_CURVE('',#6918,#6965,#6967,.T.);
#6965 = VERTEX_POINT('',#6966);
#6966 = CARTESIAN_POINT('',(45.,-75.,236.));
#6967 = LINE('',#6968,#6969);
#6968 = CARTESIAN_POINT('',(-45.,-75.,236.));
#6969 = VECTOR('',#6970,1.);
#6970 = DIRECTION('',(1.,0.,0.));
#6971 = ORIENTED_EDGE('',*,*,#6972,.F.);
#6972 = EDGE_CURVE('',#6956,#6965,#6973,.T.);
#6973 = LINE('',#6974,#6975);
#6974 = CARTESIAN_POINT('',(45.,-75.,232.));
#6975 = VECTOR('',#6976,1.);
#6976 = DIRECTION('',(0.,0.,1.));
#6977 = PLANE('',#6978);
#6978 = AXIS2_PLACEMENT_3D('',#6979,#6980,#6981);
#6979 = CARTESIAN_POINT('',(-45.,-75.,232.));
#6980 = DIRECTION('',(0.,1.,0.));
#6981 = DIRECTION('',(0.,0.,1.));
#6982 = ADVANCED_FACE('',(#6983,#7001,#7012,#7023,#7034,#7045),#7056,.T.
  );
#6983 = FACE_BOUND('',#6984,.T.);
#6984 = EDGE_LOOP('',(#6985,#6986,#6987,#6995));
#6985 = ORIENTED_EDGE('',*,*,#6941,.F.);
#6986 = ORIENTED_EDGE('',*,*,#6964,.T.);
#6987 = ORIENTED_EDGE('',*,*,#6988,.T.);
#6988 = EDGE_CURVE('',#6965,#6989,#6991,.T.);
#6989 = VERTEX_POINT('',#6990);
#6990 = CARTESIAN_POINT('',(45.,-15.,236.));
#6991 = LINE('',#6992,#6993);
#6992 = CARTESIAN_POINT('',(45.,-75.,236.));
#6993 = VECTOR('',#6994,1.);
#6994 = DIRECTION('',(0.,1.,0.));
#6995 = ORIENTED_EDGE('',*,*,#6996,.F.);
#6996 = EDGE_CURVE('',#6934,#6989,#6997,.T.);
#6997 = LINE('',#6998,#6999);
#6998 = CARTESIAN_POINT('',(-45.,-15.,236.));
#6999 = VECTOR('',#7000,1.);
#7000 = DIRECTION('',(1.,0.,0.));
#7001 = FACE_BOUND('',#7002,.T.);
#7002 = EDGE_LOOP('',(#7003));
#7003 = ORIENTED_EDGE('',*,*,#7004,.F.);
#7004 = EDGE_CURVE('',#7005,#7005,#7007,.T.);
#7005 = VERTEX_POINT('',#7006);
#7006 = CARTESIAN_POINT('',(-34.3,-66.,236.));
#7007 = CIRCLE('',#7008,1.7);
#7008 = AXIS2_PLACEMENT_3D('',#7009,#7010,#7011);
#7009 = CARTESIAN_POINT('',(-36.,-66.,236.));
#7010 = DIRECTION('',(0.,0.,1.));
#7011 = DIRECTION('',(1.,0.,0.));
#7012 = FACE_BOUND('',#7013,.T.);
#7013 = EDGE_LOOP('',(#7014));
#7014 = ORIENTED_EDGE('',*,*,#7015,.F.);
#7015 = EDGE_CURVE('',#7016,#7016,#7018,.T.);
#7016 = VERTEX_POINT('',#7017);
#7017 = CARTESIAN_POINT('',(37.7,-66.,236.));
#7018 = CIRCLE('',#7019,1.7);
#7019 = AXIS2_PLACEMENT_3D('',#7020,#7021,#7022);
#7020 = CARTESIAN_POINT('',(36.,-66.,236.));
#7021 = DIRECTION('',(0.,0.,1.));
#7022 = DIRECTION('',(1.,0.,0.));
#7023 = FACE_BOUND('',#7024,.T.);
#7024 = EDGE_LOOP('',(#7025));
#7025 = ORIENTED_EDGE('',*,*,#7026,.F.);
#7026 = EDGE_CURVE('',#7027,#7027,#7029,.T.);
#7027 = VERTEX_POINT('',#7028);
#7028 = CARTESIAN_POINT('',(1.7,-45.,236.));
#7029 = CIRCLE('',#7030,1.7);
#7030 = AXIS2_PLACEMENT_3D('',#7031,#7032,#7033);
#7031 = CARTESIAN_POINT('',(0.,-45.,236.));
#7032 = DIRECTION('',(0.,0.,1.));
#7033 = DIRECTION('',(1.,0.,0.));
#7034 = FACE_BOUND('',#7035,.T.);
#7035 = EDGE_LOOP('',(#7036));
#7036 = ORIENTED_EDGE('',*,*,#7037,.F.);
#7037 = EDGE_CURVE('',#7038,#7038,#7040,.T.);
#7038 = VERTEX_POINT('',#7039);
#7039 = CARTESIAN_POINT('',(-34.3,-24.,236.));
#7040 = CIRCLE('',#7041,1.7);
#7041 = AXIS2_PLACEMENT_3D('',#7042,#7043,#7044);
#7042 = CARTESIAN_POINT('',(-36.,-24.,236.));
#7043 = DIRECTION('',(0.,0.,1.));
#7044 = DIRECTION('',(1.,0.,0.));
#7045 = FACE_BOUND('',#7046,.T.);
#7046 = EDGE_LOOP('',(#7047));
#7047 = ORIENTED_EDGE('',*,*,#7048,.F.);
#7048 = EDGE_CURVE('',#7049,#7049,#7051,.T.);
#7049 = VERTEX_POINT('',#7050);
#7050 = CARTESIAN_POINT('',(37.7,-24.,236.));
#7051 = CIRCLE('',#7052,1.7);
#7052 = AXIS2_PLACEMENT_3D('',#7053,#7054,#7055);
#7053 = CARTESIAN_POINT('',(36.,-24.,236.));
#7054 = DIRECTION('',(0.,0.,1.));
#7055 = DIRECTION('',(1.,0.,0.));
#7056 = PLANE('',#7057);
#7057 = AXIS2_PLACEMENT_3D('',#7058,#7059,#7060);
#7058 = CARTESIAN_POINT('',(-45.,-75.,236.));
#7059 = DIRECTION('',(0.,0.,1.));
#7060 = DIRECTION('',(1.,0.,0.));
#7061 = ADVANCED_FACE('',(#7062),#7080,.T.);
#7062 = FACE_BOUND('',#7063,.T.);
#7063 = EDGE_LOOP('',(#7064,#7072,#7073,#7074));
#7064 = ORIENTED_EDGE('',*,*,#7065,.F.);
#7065 = EDGE_CURVE('',#6926,#7066,#7068,.T.);
#7066 = VERTEX_POINT('',#7067);
#7067 = CARTESIAN_POINT('',(45.,-15.,232.));
#7068 = LINE('',#7069,#7070);
#7069 = CARTESIAN_POINT('',(-45.,-15.,232.));
#7070 = VECTOR('',#7071,1.);
#7071 = DIRECTION('',(1.,0.,0.));
#7072 = ORIENTED_EDGE('',*,*,#6933,.T.);
#7073 = ORIENTED_EDGE('',*,*,#6996,.T.);
#7074 = ORIENTED_EDGE('',*,*,#7075,.F.);
#7075 = EDGE_CURVE('',#7066,#6989,#7076,.T.);
#7076 = LINE('',#7077,#7078);
#7077 = CARTESIAN_POINT('',(45.,-15.,232.));
#7078 = VECTOR('',#7079,1.);
#7079 = DIRECTION('',(0.,0.,1.));
#7080 = PLANE('',#7081);
#7081 = AXIS2_PLACEMENT_3D('',#7082,#7083,#7084);
#7082 = CARTESIAN_POINT('',(-45.,-15.,232.));
#7083 = DIRECTION('',(0.,1.,0.));
#7084 = DIRECTION('',(0.,0.,1.));
#7085 = ADVANCED_FACE('',(#7086,#7097,#7108,#7119,#7130,#7141),#7152,.F.
  );
#7086 = FACE_BOUND('',#7087,.F.);
#7087 = EDGE_LOOP('',(#7088,#7089,#7090,#7096));
#7088 = ORIENTED_EDGE('',*,*,#6925,.F.);
#7089 = ORIENTED_EDGE('',*,*,#6955,.T.);
#7090 = ORIENTED_EDGE('',*,*,#7091,.T.);
#7091 = EDGE_CURVE('',#6956,#7066,#7092,.T.);
#7092 = LINE('',#7093,#7094);
#7093 = CARTESIAN_POINT('',(45.,-75.,232.));
#7094 = VECTOR('',#7095,1.);
#7095 = DIRECTION('',(0.,1.,0.));
#7096 = ORIENTED_EDGE('',*,*,#7065,.F.);
#7097 = FACE_BOUND('',#7098,.F.);
#7098 = EDGE_LOOP('',(#7099));
#7099 = ORIENTED_EDGE('',*,*,#7100,.F.);
#7100 = EDGE_CURVE('',#7101,#7101,#7103,.T.);
#7101 = VERTEX_POINT('',#7102);
#7102 = CARTESIAN_POINT('',(-34.3,-66.,232.));
#7103 = CIRCLE('',#7104,1.7);
#7104 = AXIS2_PLACEMENT_3D('',#7105,#7106,#7107);
#7105 = CARTESIAN_POINT('',(-36.,-66.,232.));
#7106 = DIRECTION('',(0.,0.,1.));
#7107 = DIRECTION('',(1.,0.,0.));
#7108 = FACE_BOUND('',#7109,.F.);
#7109 = EDGE_LOOP('',(#7110));
#7110 = ORIENTED_EDGE('',*,*,#7111,.F.);
#7111 = EDGE_CURVE('',#7112,#7112,#7114,.T.);
#7112 = VERTEX_POINT('',#7113);
#7113 = CARTESIAN_POINT('',(37.7,-66.,232.));
#7114 = CIRCLE('',#7115,1.7);
#7115 = AXIS2_PLACEMENT_3D('',#7116,#7117,#7118);
#7116 = CARTESIAN_POINT('',(36.,-66.,232.));
#7117 = DIRECTION('',(0.,0.,1.));
#7118 = DIRECTION('',(1.,0.,0.));
#7119 = FACE_BOUND('',#7120,.F.);
#7120 = EDGE_LOOP('',(#7121));
#7121 = ORIENTED_EDGE('',*,*,#7122,.F.);
#7122 = EDGE_CURVE('',#7123,#7123,#7125,.T.);
#7123 = VERTEX_POINT('',#7124);
#7124 = CARTESIAN_POINT('',(1.7,-45.,232.));
#7125 = CIRCLE('',#7126,1.7);
#7126 = AXIS2_PLACEMENT_3D('',#7127,#7128,#7129);
#7127 = CARTESIAN_POINT('',(0.,-45.,232.));
#7128 = DIRECTION('',(0.,0.,1.));
#7129 = DIRECTION('',(1.,0.,0.));
#7130 = FACE_BOUND('',#7131,.F.);
#7131 = EDGE_LOOP('',(#7132));
#7132 = ORIENTED_EDGE('',*,*,#7133,.F.);
#7133 = EDGE_CURVE('',#7134,#7134,#7136,.T.);
#7134 = VERTEX_POINT('',#7135);
#7135 = CARTESIAN_POINT('',(-34.3,-24.,232.));
#7136 = CIRCLE('',#7137,1.7);
#7137 = AXIS2_PLACEMENT_3D('',#7138,#7139,#7140);
#7138 = CARTESIAN_POINT('',(-36.,-24.,232.));
#7139 = DIRECTION('',(0.,0.,1.));
#7140 = DIRECTION('',(1.,0.,0.));
#7141 = FACE_BOUND('',#7142,.F.);
#7142 = EDGE_LOOP('',(#7143));
#7143 = ORIENTED_EDGE('',*,*,#7144,.F.);
#7144 = EDGE_CURVE('',#7145,#7145,#7147,.T.);
#7145 = VERTEX_POINT('',#7146);
#7146 = CARTESIAN_POINT('',(37.7,-24.,232.));
#7147 = CIRCLE('',#7148,1.7);
#7148 = AXIS2_PLACEMENT_3D('',#7149,#7150,#7151);
#7149 = CARTESIAN_POINT('',(36.,-24.,232.));
#7150 = DIRECTION('',(0.,0.,1.));
#7151 = DIRECTION('',(1.,0.,0.));
#7152 = PLANE('',#7153);
#7153 = AXIS2_PLACEMENT_3D('',#7154,#7155,#7156);
#7154 = CARTESIAN_POINT('',(-45.,-75.,232.));
#7155 = DIRECTION('',(0.,0.,1.));
#7156 = DIRECTION('',(1.,0.,0.));
#7157 = ADVANCED_FACE('',(#7158),#7164,.T.);
#7158 = FACE_BOUND('',#7159,.T.);
#7159 = EDGE_LOOP('',(#7160,#7161,#7162,#7163));
#7160 = ORIENTED_EDGE('',*,*,#6972,.F.);
#7161 = ORIENTED_EDGE('',*,*,#7091,.T.);
#7162 = ORIENTED_EDGE('',*,*,#7075,.T.);
#7163 = ORIENTED_EDGE('',*,*,#6988,.F.);
#7164 = PLANE('',#7165);
#7165 = AXIS2_PLACEMENT_3D('',#7166,#7167,#7168);
#7166 = CARTESIAN_POINT('',(45.,-75.,232.));
#7167 = DIRECTION('',(1.,0.,0.));
#7168 = DIRECTION('',(0.,0.,1.));
#7169 = ADVANCED_FACE('',(#7170),#7181,.F.);
#7170 = FACE_BOUND('',#7171,.F.);
#7171 = EDGE_LOOP('',(#7172,#7173,#7179,#7180));
#7172 = ORIENTED_EDGE('',*,*,#7004,.F.);
#7173 = ORIENTED_EDGE('',*,*,#7174,.F.);
#7174 = EDGE_CURVE('',#7101,#7005,#7175,.T.);
#7175 = LINE('',#7176,#7177);
#7176 = CARTESIAN_POINT('',(-34.3,-66.,231.));
#7177 = VECTOR('',#7178,1.);
#7178 = DIRECTION('',(0.,0.,1.));
#7179 = ORIENTED_EDGE('',*,*,#7100,.T.);
#7180 = ORIENTED_EDGE('',*,*,#7174,.T.);
#7181 = CYLINDRICAL_SURFACE('',#7182,1.7);
#7182 = AXIS2_PLACEMENT_3D('',#7183,#7184,#7185);
#7183 = CARTESIAN_POINT('',(-36.,-66.,231.));
#7184 = DIRECTION('',(0.,0.,1.));
#7185 = DIRECTION('',(1.,0.,0.));
#7186 = ADVANCED_FACE('',(#7187),#7198,.F.);
#7187 = FACE_BOUND('',#7188,.F.);
#7188 = EDGE_LOOP('',(#7189,#7190,#7196,#7197));
#7189 = ORIENTED_EDGE('',*,*,#7015,.F.);
#7190 = ORIENTED_EDGE('',*,*,#7191,.F.);
#7191 = EDGE_CURVE('',#7112,#7016,#7192,.T.);
#7192 = LINE('',#7193,#7194);
#7193 = CARTESIAN_POINT('',(37.7,-66.,231.));
#7194 = VECTOR('',#7195,1.);
#7195 = DIRECTION('',(0.,0.,1.));
#7196 = ORIENTED_EDGE('',*,*,#7111,.T.);
#7197 = ORIENTED_EDGE('',*,*,#7191,.T.);
#7198 = CYLINDRICAL_SURFACE('',#7199,1.7);
#7199 = AXIS2_PLACEMENT_3D('',#7200,#7201,#7202);
#7200 = CARTESIAN_POINT('',(36.,-66.,231.));
#7201 = DIRECTION('',(0.,0.,1.));
#7202 = DIRECTION('',(1.,0.,0.));
#7203 = ADVANCED_FACE('',(#7204),#7215,.F.);
#7204 = FACE_BOUND('',#7205,.F.);
#7205 = EDGE_LOOP('',(#7206,#7207,#7213,#7214));
#7206 = ORIENTED_EDGE('',*,*,#7026,.F.);
#7207 = ORIENTED_EDGE('',*,*,#7208,.F.);
#7208 = EDGE_CURVE('',#7123,#7027,#7209,.T.);
#7209 = LINE('',#7210,#7211);
#7210 = CARTESIAN_POINT('',(1.7,-45.,231.));
#7211 = VECTOR('',#7212,1.);
#7212 = DIRECTION('',(0.,0.,1.));
#7213 = ORIENTED_EDGE('',*,*,#7122,.T.);
#7214 = ORIENTED_EDGE('',*,*,#7208,.T.);
#7215 = CYLINDRICAL_SURFACE('',#7216,1.7);
#7216 = AXIS2_PLACEMENT_3D('',#7217,#7218,#7219);
#7217 = CARTESIAN_POINT('',(0.,-45.,231.));
#7218 = DIRECTION('',(0.,0.,1.));
#7219 = DIRECTION('',(1.,0.,0.));
#7220 = ADVANCED_FACE('',(#7221),#7232,.F.);
#7221 = FACE_BOUND('',#7222,.F.);
#7222 = EDGE_LOOP('',(#7223,#7224,#7230,#7231));
#7223 = ORIENTED_EDGE('',*,*,#7037,.F.);
#7224 = ORIENTED_EDGE('',*,*,#7225,.F.);
#7225 = EDGE_CURVE('',#7134,#7038,#7226,.T.);
#7226 = LINE('',#7227,#7228);
#7227 = CARTESIAN_POINT('',(-34.3,-24.,231.));
#7228 = VECTOR('',#7229,1.);
#7229 = DIRECTION('',(0.,0.,1.));
#7230 = ORIENTED_EDGE('',*,*,#7133,.T.);
#7231 = ORIENTED_EDGE('',*,*,#7225,.T.);
#7232 = CYLINDRICAL_SURFACE('',#7233,1.7);
#7233 = AXIS2_PLACEMENT_3D('',#7234,#7235,#7236);
#7234 = CARTESIAN_POINT('',(-36.,-24.,231.));
#7235 = DIRECTION('',(0.,0.,1.));
#7236 = DIRECTION('',(1.,0.,0.));
#7237 = ADVANCED_FACE('',(#7238),#7249,.F.);
#7238 = FACE_BOUND('',#7239,.F.);
#7239 = EDGE_LOOP('',(#7240,#7241,#7247,#7248));
#7240 = ORIENTED_EDGE('',*,*,#7048,.F.);
#7241 = ORIENTED_EDGE('',*,*,#7242,.F.);
#7242 = EDGE_CURVE('',#7145,#7049,#7243,.T.);
#7243 = LINE('',#7244,#7245);
#7244 = CARTESIAN_POINT('',(37.7,-24.,231.));
#7245 = VECTOR('',#7246,1.);
#7246 = DIRECTION('',(0.,0.,1.));
#7247 = ORIENTED_EDGE('',*,*,#7144,.T.);
#7248 = ORIENTED_EDGE('',*,*,#7242,.T.);
#7249 = CYLINDRICAL_SURFACE('',#7250,1.7);
#7250 = AXIS2_PLACEMENT_3D('',#7251,#7252,#7253);
#7251 = CARTESIAN_POINT('',(36.,-24.,231.));
#7252 = DIRECTION('',(0.,0.,1.));
#7253 = DIRECTION('',(1.,0.,0.));
#7254 = MANIFOLD_SOLID_BREP('',#7255);
#7255 = CLOSED_SHELL('',(#7256,#7296,#7338,#7394,#7445,#7462,#7504,#7521
    ,#7545,#7587,#7611,#7639,#7651,#7663));
#7256 = ADVANCED_FACE('',(#7257),#7291,.T.);
#7257 = FACE_BOUND('',#7258,.T.);
#7258 = EDGE_LOOP('',(#7259,#7269,#7277,#7285));
#7259 = ORIENTED_EDGE('',*,*,#7260,.F.);
#7260 = EDGE_CURVE('',#7261,#7263,#7265,.T.);
#7261 = VERTEX_POINT('',#7262);
#7262 = CARTESIAN_POINT('',(-47.,-75.,294.));
#7263 = VERTEX_POINT('',#7264);
#7264 = CARTESIAN_POINT('',(-47.,-15.,294.));
#7265 = LINE('',#7266,#7267);
#7266 = CARTESIAN_POINT('',(-47.,-75.,294.));
#7267 = VECTOR('',#7268,1.);
#7268 = DIRECTION('',(0.,1.,0.));
#7269 = ORIENTED_EDGE('',*,*,#7270,.T.);
#7270 = EDGE_CURVE('',#7261,#7271,#7273,.T.);
#7271 = VERTEX_POINT('',#7272);
#7272 = CARTESIAN_POINT('',(-43.,-75.,294.));
#7273 = LINE('',#7274,#7275);
#7274 = CARTESIAN_POINT('',(-47.,-75.,294.));
#7275 = VECTOR('',#7276,1.);
#7276 = DIRECTION('',(1.,0.,0.));
#7277 = ORIENTED_EDGE('',*,*,#7278,.T.);
#7278 = EDGE_CURVE('',#7271,#7279,#7281,.T.);
#7279 = VERTEX_POINT('',#7280);
#7280 = CARTESIAN_POINT('',(-43.,-15.,294.));
#7281 = LINE('',#7282,#7283);
#7282 = CARTESIAN_POINT('',(-43.,-75.,294.));
#7283 = VECTOR('',#7284,1.);
#7284 = DIRECTION('',(0.,1.,0.));
#7285 = ORIENTED_EDGE('',*,*,#7286,.F.);
#7286 = EDGE_CURVE('',#7263,#7279,#7287,.T.);
#7287 = LINE('',#7288,#7289);
#7288 = CARTESIAN_POINT('',(-47.,-15.,294.));
#7289 = VECTOR('',#7290,1.);
#7290 = DIRECTION('',(1.,0.,0.));
#7291 = PLANE('',#7292);
#7292 = AXIS2_PLACEMENT_3D('',#7293,#7294,#7295);
#7293 = CARTESIAN_POINT('',(-47.,-75.,294.));
#7294 = DIRECTION('',(0.,0.,1.));
#7295 = DIRECTION('',(1.,0.,0.));
#7296 = ADVANCED_FACE('',(#7297,#7322),#7333,.F.);
#7297 = FACE_BOUND('',#7298,.F.);
#7298 = EDGE_LOOP('',(#7299,#7300,#7308,#7316));
#7299 = ORIENTED_EDGE('',*,*,#7260,.F.);
#7300 = ORIENTED_EDGE('',*,*,#7301,.F.);
#7301 = EDGE_CURVE('',#7302,#7261,#7304,.T.);
#7302 = VERTEX_POINT('',#7303);
#7303 = CARTESIAN_POINT('',(-47.,-75.,236.));
#7304 = LINE('',#7305,#7306);
#7305 = CARTESIAN_POINT('',(-47.,-75.,236.));
#7306 = VECTOR('',#7307,1.);
#7307 = DIRECTION('',(0.,0.,1.));
#7308 = ORIENTED_EDGE('',*,*,#7309,.T.);
#7309 = EDGE_CURVE('',#7302,#7310,#7312,.T.);
#7310 = VERTEX_POINT('',#7311);
#7311 = CARTESIAN_POINT('',(-47.,-15.,236.));
#7312 = LINE('',#7313,#7314);
#7313 = CARTESIAN_POINT('',(-47.,-75.,236.));
#7314 = VECTOR('',#7315,1.);
#7315 = DIRECTION('',(0.,1.,0.));
#7316 = ORIENTED_EDGE('',*,*,#7317,.T.);
#7317 = EDGE_CURVE('',#7310,#7263,#7318,.T.);
#7318 = LINE('',#7319,#7320);
#7319 = CARTESIAN_POINT('',(-47.,-15.,236.));
#7320 = VECTOR('',#7321,1.);
#7321 = DIRECTION('',(0.,0.,1.));
#7322 = FACE_BOUND('',#7323,.F.);
#7323 = EDGE_LOOP('',(#7324));
#7324 = ORIENTED_EDGE('',*,*,#7325,.F.);
#7325 = EDGE_CURVE('',#7326,#7326,#7328,.T.);
#7326 = VERTEX_POINT('',#7327);
#7327 = CARTESIAN_POINT('',(-47.,-46.,265.));
#7328 = CIRCLE('',#7329,2.);
#7329 = AXIS2_PLACEMENT_3D('',#7330,#7331,#7332);
#7330 = CARTESIAN_POINT('',(-47.,-46.,263.));
#7331 = DIRECTION('',(1.,0.,-0.));
#7332 = DIRECTION('',(0.,0.,1.));
#7333 = PLANE('',#7334);
#7334 = AXIS2_PLACEMENT_3D('',#7335,#7336,#7337);
#7335 = CARTESIAN_POINT('',(-47.,-75.,236.));
#7336 = DIRECTION('',(1.,0.,0.));
#7337 = DIRECTION('',(0.,0.,1.));
#7338 = ADVANCED_FACE('',(#7339),#7389,.T.);
#7339 = FACE_BOUND('',#7340,.T.);
#7340 = EDGE_LOOP('',(#7341,#7349,#7357,#7365,#7373,#7381,#7387,#7388));
#7341 = ORIENTED_EDGE('',*,*,#7342,.F.);
#7342 = EDGE_CURVE('',#7343,#7279,#7345,.T.);
#7343 = VERTEX_POINT('',#7344);
#7344 = CARTESIAN_POINT('',(-43.,-15.,254.));
#7345 = LINE('',#7346,#7347);
#7346 = CARTESIAN_POINT('',(-43.,-15.,236.));
#7347 = VECTOR('',#7348,1.);
#7348 = DIRECTION('',(0.,0.,1.));
#7349 = ORIENTED_EDGE('',*,*,#7350,.T.);
#7350 = EDGE_CURVE('',#7343,#7351,#7353,.T.);
#7351 = VERTEX_POINT('',#7352);
#7352 = CARTESIAN_POINT('',(43.,-15.,254.));
#7353 = LINE('',#7354,#7355);
#7354 = CARTESIAN_POINT('',(-47.,-15.,254.));
#7355 = VECTOR('',#7356,1.);
#7356 = DIRECTION('',(1.,0.,0.));
#7357 = ORIENTED_EDGE('',*,*,#7358,.T.);
#7358 = EDGE_CURVE('',#7351,#7359,#7361,.T.);
#7359 = VERTEX_POINT('',#7360);
#7360 = CARTESIAN_POINT('',(43.,-15.,294.));
#7361 = LINE('',#7362,#7363);
#7362 = CARTESIAN_POINT('',(43.,-15.,236.));
#7363 = VECTOR('',#7364,1.);
#7364 = DIRECTION('',(0.,0.,1.));
#7365 = ORIENTED_EDGE('',*,*,#7366,.T.);
#7366 = EDGE_CURVE('',#7359,#7367,#7369,.T.);
#7367 = VERTEX_POINT('',#7368);
#7368 = CARTESIAN_POINT('',(47.,-15.,294.));
#7369 = LINE('',#7370,#7371);
#7370 = CARTESIAN_POINT('',(43.,-15.,294.));
#7371 = VECTOR('',#7372,1.);
#7372 = DIRECTION('',(1.,0.,0.));
#7373 = ORIENTED_EDGE('',*,*,#7374,.F.);
#7374 = EDGE_CURVE('',#7375,#7367,#7377,.T.);
#7375 = VERTEX_POINT('',#7376);
#7376 = CARTESIAN_POINT('',(47.,-15.,236.));
#7377 = LINE('',#7378,#7379);
#7378 = CARTESIAN_POINT('',(47.,-15.,236.));
#7379 = VECTOR('',#7380,1.);
#7380 = DIRECTION('',(0.,0.,1.));
#7381 = ORIENTED_EDGE('',*,*,#7382,.F.);
#7382 = EDGE_CURVE('',#7310,#7375,#7383,.T.);
#7383 = LINE('',#7384,#7385);
#7384 = CARTESIAN_POINT('',(43.,-15.,236.));
#7385 = VECTOR('',#7386,1.);
#7386 = DIRECTION('',(1.,0.,0.));
#7387 = ORIENTED_EDGE('',*,*,#7317,.T.);
#7388 = ORIENTED_EDGE('',*,*,#7286,.T.);
#7389 = PLANE('',#7390);
#7390 = AXIS2_PLACEMENT_3D('',#7391,#7392,#7393);
#7391 = CARTESIAN_POINT('',(0.,-15.,257.91666666666));
#7392 = DIRECTION('',(0.,1.,0.));
#7393 = DIRECTION('',(0.,0.,1.));
#7394 = ADVANCED_FACE('',(#7395,#7429),#7440,.T.);
#7395 = FACE_BOUND('',#7396,.T.);
#7396 = EDGE_LOOP('',(#7397,#7398,#7406,#7414,#7422,#7428));
#7397 = ORIENTED_EDGE('',*,*,#7278,.F.);
#7398 = ORIENTED_EDGE('',*,*,#7399,.F.);
#7399 = EDGE_CURVE('',#7400,#7271,#7402,.T.);
#7400 = VERTEX_POINT('',#7401);
#7401 = CARTESIAN_POINT('',(-43.,-75.,236.));
#7402 = LINE('',#7403,#7404);
#7403 = CARTESIAN_POINT('',(-43.,-75.,236.));
#7404 = VECTOR('',#7405,1.);
#7405 = DIRECTION('',(0.,0.,1.));
#7406 = ORIENTED_EDGE('',*,*,#7407,.T.);
#7407 = EDGE_CURVE('',#7400,#7408,#7410,.T.);
#7408 = VERTEX_POINT('',#7409);
#7409 = CARTESIAN_POINT('',(-43.,-19.,236.));
#7410 = LINE('',#7411,#7412);
#7411 = CARTESIAN_POINT('',(-43.,-75.,236.));
#7412 = VECTOR('',#7413,1.);
#7413 = DIRECTION('',(0.,1.,0.));
#7414 = ORIENTED_EDGE('',*,*,#7415,.T.);
#7415 = EDGE_CURVE('',#7408,#7416,#7418,.T.);
#7416 = VERTEX_POINT('',#7417);
#7417 = CARTESIAN_POINT('',(-43.,-19.,254.));
#7418 = LINE('',#7419,#7420);
#7419 = CARTESIAN_POINT('',(-43.,-19.,236.));
#7420 = VECTOR('',#7421,1.);
#7421 = DIRECTION('',(0.,0.,1.));
#7422 = ORIENTED_EDGE('',*,*,#7423,.F.);
#7423 = EDGE_CURVE('',#7343,#7416,#7424,.T.);
#7424 = LINE('',#7425,#7426);
#7425 = CARTESIAN_POINT('',(-43.,-47.,254.));
#7426 = VECTOR('',#7427,1.);
#7427 = DIRECTION('',(0.,-1.,0.));
#7428 = ORIENTED_EDGE('',*,*,#7342,.T.);
#7429 = FACE_BOUND('',#7430,.T.);
#7430 = EDGE_LOOP('',(#7431));
#7431 = ORIENTED_EDGE('',*,*,#7432,.F.);
#7432 = EDGE_CURVE('',#7433,#7433,#7435,.T.);
#7433 = VERTEX_POINT('',#7434);
#7434 = CARTESIAN_POINT('',(-43.,-46.,265.));
#7435 = CIRCLE('',#7436,2.);
#7436 = AXIS2_PLACEMENT_3D('',#7437,#7438,#7439);
#7437 = CARTESIAN_POINT('',(-43.,-46.,263.));
#7438 = DIRECTION('',(1.,0.,-0.));
#7439 = DIRECTION('',(0.,0.,1.));
#7440 = PLANE('',#7441);
#7441 = AXIS2_PLACEMENT_3D('',#7442,#7443,#7444);
#7442 = CARTESIAN_POINT('',(-43.,-75.,236.));
#7443 = DIRECTION('',(1.,0.,0.));
#7444 = DIRECTION('',(0.,0.,1.));
#7445 = ADVANCED_FACE('',(#7446),#7457,.F.);
#7446 = FACE_BOUND('',#7447,.F.);
#7447 = EDGE_LOOP('',(#7448,#7454,#7455,#7456));
#7448 = ORIENTED_EDGE('',*,*,#7449,.F.);
#7449 = EDGE_CURVE('',#7302,#7400,#7450,.T.);
#7450 = LINE('',#7451,#7452);
#7451 = CARTESIAN_POINT('',(-47.,-75.,236.));
#7452 = VECTOR('',#7453,1.);
#7453 = DIRECTION('',(1.,0.,0.));
#7454 = ORIENTED_EDGE('',*,*,#7301,.T.);
#7455 = ORIENTED_EDGE('',*,*,#7270,.T.);
#7456 = ORIENTED_EDGE('',*,*,#7399,.F.);
#7457 = PLANE('',#7458);
#7458 = AXIS2_PLACEMENT_3D('',#7459,#7460,#7461);
#7459 = CARTESIAN_POINT('',(-47.,-75.,236.));
#7460 = DIRECTION('',(0.,1.,0.));
#7461 = DIRECTION('',(0.,0.,1.));
#7462 = ADVANCED_FACE('',(#7463),#7499,.T.);
#7463 = FACE_BOUND('',#7464,.T.);
#7464 = EDGE_LOOP('',(#7465,#7466,#7467,#7475,#7483,#7491,#7497,#7498));
#7465 = ORIENTED_EDGE('',*,*,#7309,.T.);
#7466 = ORIENTED_EDGE('',*,*,#7382,.T.);
#7467 = ORIENTED_EDGE('',*,*,#7468,.F.);
#7468 = EDGE_CURVE('',#7469,#7375,#7471,.T.);
#7469 = VERTEX_POINT('',#7470);
#7470 = CARTESIAN_POINT('',(47.,-75.,236.));
#7471 = LINE('',#7472,#7473);
#7472 = CARTESIAN_POINT('',(47.,-75.,236.));
#7473 = VECTOR('',#7474,1.);
#7474 = DIRECTION('',(0.,1.,0.));
#7475 = ORIENTED_EDGE('',*,*,#7476,.F.);
#7476 = EDGE_CURVE('',#7477,#7469,#7479,.T.);
#7477 = VERTEX_POINT('',#7478);
#7478 = CARTESIAN_POINT('',(43.,-75.,236.));
#7479 = LINE('',#7480,#7481);
#7480 = CARTESIAN_POINT('',(43.,-75.,236.));
#7481 = VECTOR('',#7482,1.);
#7482 = DIRECTION('',(1.,0.,0.));
#7483 = ORIENTED_EDGE('',*,*,#7484,.T.);
#7484 = EDGE_CURVE('',#7477,#7485,#7487,.T.);
#7485 = VERTEX_POINT('',#7486);
#7486 = CARTESIAN_POINT('',(43.,-19.,236.));
#7487 = LINE('',#7488,#7489);
#7488 = CARTESIAN_POINT('',(43.,-75.,236.));
#7489 = VECTOR('',#7490,1.);
#7490 = DIRECTION('',(0.,1.,0.));
#7491 = ORIENTED_EDGE('',*,*,#7492,.F.);
#7492 = EDGE_CURVE('',#7408,#7485,#7493,.T.);
#7493 = LINE('',#7494,#7495);
#7494 = CARTESIAN_POINT('',(-47.,-19.,236.));
#7495 = VECTOR('',#7496,1.);
#7496 = DIRECTION('',(1.,0.,0.));
#7497 = ORIENTED_EDGE('',*,*,#7407,.F.);
#7498 = ORIENTED_EDGE('',*,*,#7449,.F.);
#7499 = PLANE('',#7500);
#7500 = AXIS2_PLACEMENT_3D('',#7501,#7502,#7503);
#7501 = CARTESIAN_POINT('',(0.,-34.06666666666,236.));
#7502 = DIRECTION('',(-0.,-0.,-1.));
#7503 = DIRECTION('',(-1.,0.,0.));
#7504 = ADVANCED_FACE('',(#7505),#7516,.F.);
#7505 = FACE_BOUND('',#7506,.F.);
#7506 = EDGE_LOOP('',(#7507,#7508,#7514,#7515));
#7507 = ORIENTED_EDGE('',*,*,#7432,.F.);
#7508 = ORIENTED_EDGE('',*,*,#7509,.F.);
#7509 = EDGE_CURVE('',#7326,#7433,#7510,.T.);
#7510 = LINE('',#7511,#7512);
#7511 = CARTESIAN_POINT('',(-49.,-46.,265.));
#7512 = VECTOR('',#7513,1.);
#7513 = DIRECTION('',(1.,0.,0.));
#7514 = ORIENTED_EDGE('',*,*,#7325,.T.);
#7515 = ORIENTED_EDGE('',*,*,#7509,.T.);
#7516 = CYLINDRICAL_SURFACE('',#7517,2.);
#7517 = AXIS2_PLACEMENT_3D('',#7518,#7519,#7520);
#7518 = CARTESIAN_POINT('',(-49.,-46.,263.));
#7519 = DIRECTION('',(1.,0.,0.));
#7520 = DIRECTION('',(0.,0.,1.));
#7521 = ADVANCED_FACE('',(#7522),#7540,.T.);
#7522 = FACE_BOUND('',#7523,.T.);
#7523 = EDGE_LOOP('',(#7524,#7525,#7533,#7539));
#7524 = ORIENTED_EDGE('',*,*,#7423,.T.);
#7525 = ORIENTED_EDGE('',*,*,#7526,.T.);
#7526 = EDGE_CURVE('',#7416,#7527,#7529,.T.);
#7527 = VERTEX_POINT('',#7528);
#7528 = CARTESIAN_POINT('',(43.,-19.,254.));
#7529 = LINE('',#7530,#7531);
#7530 = CARTESIAN_POINT('',(-47.,-19.,254.));
#7531 = VECTOR('',#7532,1.);
#7532 = DIRECTION('',(1.,0.,0.));
#7533 = ORIENTED_EDGE('',*,*,#7534,.F.);
#7534 = EDGE_CURVE('',#7351,#7527,#7535,.T.);
#7535 = LINE('',#7536,#7537);
#7536 = CARTESIAN_POINT('',(43.,-47.,254.));
#7537 = VECTOR('',#7538,1.);
#7538 = DIRECTION('',(0.,-1.,0.));
#7539 = ORIENTED_EDGE('',*,*,#7350,.F.);
#7540 = PLANE('',#7541);
#7541 = AXIS2_PLACEMENT_3D('',#7542,#7543,#7544);
#7542 = CARTESIAN_POINT('',(-47.,-19.,254.));
#7543 = DIRECTION('',(0.,0.,1.));
#7544 = DIRECTION('',(1.,0.,0.));
#7545 = ADVANCED_FACE('',(#7546,#7571),#7582,.F.);
#7546 = FACE_BOUND('',#7547,.F.);
#7547 = EDGE_LOOP('',(#7548,#7556,#7562,#7563,#7569,#7570));
#7548 = ORIENTED_EDGE('',*,*,#7549,.F.);
#7549 = EDGE_CURVE('',#7550,#7359,#7552,.T.);
#7550 = VERTEX_POINT('',#7551);
#7551 = CARTESIAN_POINT('',(43.,-75.,294.));
#7552 = LINE('',#7553,#7554);
#7553 = CARTESIAN_POINT('',(43.,-75.,294.));
#7554 = VECTOR('',#7555,1.);
#7555 = DIRECTION('',(0.,1.,0.));
#7556 = ORIENTED_EDGE('',*,*,#7557,.F.);
#7557 = EDGE_CURVE('',#7477,#7550,#7558,.T.);
#7558 = LINE('',#7559,#7560);
#7559 = CARTESIAN_POINT('',(43.,-75.,236.));
#7560 = VECTOR('',#7561,1.);
#7561 = DIRECTION('',(0.,0.,1.));
#7562 = ORIENTED_EDGE('',*,*,#7484,.T.);
#7563 = ORIENTED_EDGE('',*,*,#7564,.T.);
#7564 = EDGE_CURVE('',#7485,#7527,#7565,.T.);
#7565 = LINE('',#7566,#7567);
#7566 = CARTESIAN_POINT('',(43.,-19.,236.));
#7567 = VECTOR('',#7568,1.);
#7568 = DIRECTION('',(0.,0.,1.));
#7569 = ORIENTED_EDGE('',*,*,#7534,.F.);
#7570 = ORIENTED_EDGE('',*,*,#7358,.T.);
#7571 = FACE_BOUND('',#7572,.F.);
#7572 = EDGE_LOOP('',(#7573));
#7573 = ORIENTED_EDGE('',*,*,#7574,.F.);
#7574 = EDGE_CURVE('',#7575,#7575,#7577,.T.);
#7575 = VERTEX_POINT('',#7576);
#7576 = CARTESIAN_POINT('',(43.,-46.,265.));
#7577 = CIRCLE('',#7578,2.);
#7578 = AXIS2_PLACEMENT_3D('',#7579,#7580,#7581);
#7579 = CARTESIAN_POINT('',(43.,-46.,263.));
#7580 = DIRECTION('',(1.,0.,-0.));
#7581 = DIRECTION('',(0.,0.,1.));
#7582 = PLANE('',#7583);
#7583 = AXIS2_PLACEMENT_3D('',#7584,#7585,#7586);
#7584 = CARTESIAN_POINT('',(43.,-75.,236.));
#7585 = DIRECTION('',(1.,0.,0.));
#7586 = DIRECTION('',(0.,0.,1.));
#7587 = ADVANCED_FACE('',(#7588),#7606,.T.);
#7588 = FACE_BOUND('',#7589,.T.);
#7589 = EDGE_LOOP('',(#7590,#7591,#7599,#7605));
#7590 = ORIENTED_EDGE('',*,*,#7549,.F.);
#7591 = ORIENTED_EDGE('',*,*,#7592,.T.);
#7592 = EDGE_CURVE('',#7550,#7593,#7595,.T.);
#7593 = VERTEX_POINT('',#7594);
#7594 = CARTESIAN_POINT('',(47.,-75.,294.));
#7595 = LINE('',#7596,#7597);
#7596 = CARTESIAN_POINT('',(43.,-75.,294.));
#7597 = VECTOR('',#7598,1.);
#7598 = DIRECTION('',(1.,0.,0.));
#7599 = ORIENTED_EDGE('',*,*,#7600,.T.);
#7600 = EDGE_CURVE('',#7593,#7367,#7601,.T.);
#7601 = LINE('',#7602,#7603);
#7602 = CARTESIAN_POINT('',(47.,-75.,294.));
#7603 = VECTOR('',#7604,1.);
#7604 = DIRECTION('',(0.,1.,0.));
#7605 = ORIENTED_EDGE('',*,*,#7366,.F.);
#7606 = PLANE('',#7607);
#7607 = AXIS2_PLACEMENT_3D('',#7608,#7609,#7610);
#7608 = CARTESIAN_POINT('',(43.,-75.,294.));
#7609 = DIRECTION('',(0.,0.,1.));
#7610 = DIRECTION('',(1.,0.,0.));
#7611 = ADVANCED_FACE('',(#7612,#7623),#7634,.T.);
#7612 = FACE_BOUND('',#7613,.T.);
#7613 = EDGE_LOOP('',(#7614,#7615,#7616,#7622));
#7614 = ORIENTED_EDGE('',*,*,#7374,.T.);
#7615 = ORIENTED_EDGE('',*,*,#7600,.F.);
#7616 = ORIENTED_EDGE('',*,*,#7617,.F.);
#7617 = EDGE_CURVE('',#7469,#7593,#7618,.T.);
#7618 = LINE('',#7619,#7620);
#7619 = CARTESIAN_POINT('',(47.,-75.,236.));
#7620 = VECTOR('',#7621,1.);
#7621 = DIRECTION('',(0.,0.,1.));
#7622 = ORIENTED_EDGE('',*,*,#7468,.T.);
#7623 = FACE_BOUND('',#7624,.T.);
#7624 = EDGE_LOOP('',(#7625));
#7625 = ORIENTED_EDGE('',*,*,#7626,.F.);
#7626 = EDGE_CURVE('',#7627,#7627,#7629,.T.);
#7627 = VERTEX_POINT('',#7628);
#7628 = CARTESIAN_POINT('',(47.,-46.,265.));
#7629 = CIRCLE('',#7630,2.);
#7630 = AXIS2_PLACEMENT_3D('',#7631,#7632,#7633);
#7631 = CARTESIAN_POINT('',(47.,-46.,263.));
#7632 = DIRECTION('',(1.,0.,-0.));
#7633 = DIRECTION('',(0.,0.,1.));
#7634 = PLANE('',#7635);
#7635 = AXIS2_PLACEMENT_3D('',#7636,#7637,#7638);
#7636 = CARTESIAN_POINT('',(47.,-75.,236.));
#7637 = DIRECTION('',(1.,0.,0.));
#7638 = DIRECTION('',(0.,0.,1.));
#7639 = ADVANCED_FACE('',(#7640),#7646,.F.);
#7640 = FACE_BOUND('',#7641,.F.);
#7641 = EDGE_LOOP('',(#7642,#7643,#7644,#7645));
#7642 = ORIENTED_EDGE('',*,*,#7492,.F.);
#7643 = ORIENTED_EDGE('',*,*,#7415,.T.);
#7644 = ORIENTED_EDGE('',*,*,#7526,.T.);
#7645 = ORIENTED_EDGE('',*,*,#7564,.F.);
#7646 = PLANE('',#7647);
#7647 = AXIS2_PLACEMENT_3D('',#7648,#7649,#7650);
#7648 = CARTESIAN_POINT('',(-47.,-19.,236.));
#7649 = DIRECTION('',(0.,1.,0.));
#7650 = DIRECTION('',(0.,0.,1.));
#7651 = ADVANCED_FACE('',(#7652),#7658,.F.);
#7652 = FACE_BOUND('',#7653,.F.);
#7653 = EDGE_LOOP('',(#7654,#7655,#7656,#7657));
#7654 = ORIENTED_EDGE('',*,*,#7476,.F.);
#7655 = ORIENTED_EDGE('',*,*,#7557,.T.);
#7656 = ORIENTED_EDGE('',*,*,#7592,.T.);
#7657 = ORIENTED_EDGE('',*,*,#7617,.F.);
#7658 = PLANE('',#7659);
#7659 = AXIS2_PLACEMENT_3D('',#7660,#7661,#7662);
#7660 = CARTESIAN_POINT('',(43.,-75.,236.));
#7661 = DIRECTION('',(0.,1.,0.));
#7662 = DIRECTION('',(0.,0.,1.));
#7663 = ADVANCED_FACE('',(#7664),#7675,.F.);
#7664 = FACE_BOUND('',#7665,.F.);
#7665 = EDGE_LOOP('',(#7666,#7667,#7673,#7674));
#7666 = ORIENTED_EDGE('',*,*,#7626,.F.);
#7667 = ORIENTED_EDGE('',*,*,#7668,.F.);
#7668 = EDGE_CURVE('',#7575,#7627,#7669,.T.);
#7669 = LINE('',#7670,#7671);
#7670 = CARTESIAN_POINT('',(41.,-46.,265.));
#7671 = VECTOR('',#7672,1.);
#7672 = DIRECTION('',(1.,0.,0.));
#7673 = ORIENTED_EDGE('',*,*,#7574,.T.);
#7674 = ORIENTED_EDGE('',*,*,#7668,.T.);
#7675 = CYLINDRICAL_SURFACE('',#7676,2.);
#7676 = AXIS2_PLACEMENT_3D('',#7677,#7678,#7679);
#7677 = CARTESIAN_POINT('',(41.,-46.,263.));
#7678 = DIRECTION('',(1.,0.,0.));
#7679 = DIRECTION('',(0.,0.,1.));
#7680 = MANIFOLD_SOLID_BREP('',#7681);
#7681 = CLOSED_SHELL('',(#7682,#7722,#7753,#7821,#7845,#7906,#7918,#7935
    ,#7952,#7969));
#7682 = ADVANCED_FACE('',(#7683),#7717,.F.);
#7683 = FACE_BOUND('',#7684,.F.);
#7684 = EDGE_LOOP('',(#7685,#7695,#7703,#7711));
#7685 = ORIENTED_EDGE('',*,*,#7686,.F.);
#7686 = EDGE_CURVE('',#7687,#7689,#7691,.T.);
#7687 = VERTEX_POINT('',#7688);
#7688 = CARTESIAN_POINT('',(-40.,-70.,274.));
#7689 = VERTEX_POINT('',#7690);
#7690 = CARTESIAN_POINT('',(-40.,-70.,278.));
#7691 = LINE('',#7692,#7693);
#7692 = CARTESIAN_POINT('',(-40.,-70.,274.));
#7693 = VECTOR('',#7694,1.);
#7694 = DIRECTION('',(0.,0.,1.));
#7695 = ORIENTED_EDGE('',*,*,#7696,.T.);
#7696 = EDGE_CURVE('',#7687,#7697,#7699,.T.);
#7697 = VERTEX_POINT('',#7698);
#7698 = CARTESIAN_POINT('',(-40.,-20.,274.));
#7699 = LINE('',#7700,#7701);
#7700 = CARTESIAN_POINT('',(-40.,-70.,274.));
#7701 = VECTOR('',#7702,1.);
#7702 = DIRECTION('',(0.,1.,0.));
#7703 = ORIENTED_EDGE('',*,*,#7704,.T.);
#7704 = EDGE_CURVE('',#7697,#7705,#7707,.T.);
#7705 = VERTEX_POINT('',#7706);
#7706 = CARTESIAN_POINT('',(-40.,-20.,278.));
#7707 = LINE('',#7708,#7709);
#7708 = CARTESIAN_POINT('',(-40.,-20.,274.));
#7709 = VECTOR('',#7710,1.);
#7710 = DIRECTION('',(0.,0.,1.));
#7711 = ORIENTED_EDGE('',*,*,#7712,.F.);
#7712 = EDGE_CURVE('',#7689,#7705,#7713,.T.);
#7713 = LINE('',#7714,#7715);
#7714 = CARTESIAN_POINT('',(-40.,-70.,278.));
#7715 = VECTOR('',#7716,1.);
#7716 = DIRECTION('',(0.,1.,0.));
#7717 = PLANE('',#7718);
#7718 = AXIS2_PLACEMENT_3D('',#7719,#7720,#7721);
#7719 = CARTESIAN_POINT('',(-40.,-70.,274.));
#7720 = DIRECTION('',(1.,0.,0.));
#7721 = DIRECTION('',(0.,0.,1.));
#7722 = ADVANCED_FACE('',(#7723),#7748,.F.);
#7723 = FACE_BOUND('',#7724,.F.);
#7724 = EDGE_LOOP('',(#7725,#7733,#7734,#7742));
#7725 = ORIENTED_EDGE('',*,*,#7726,.F.);
#7726 = EDGE_CURVE('',#7687,#7727,#7729,.T.);
#7727 = VERTEX_POINT('',#7728);
#7728 = CARTESIAN_POINT('',(40.,-70.,274.));
#7729 = LINE('',#7730,#7731);
#7730 = CARTESIAN_POINT('',(-40.,-70.,274.));
#7731 = VECTOR('',#7732,1.);
#7732 = DIRECTION('',(1.,0.,0.));
#7733 = ORIENTED_EDGE('',*,*,#7686,.T.);
#7734 = ORIENTED_EDGE('',*,*,#7735,.T.);
#7735 = EDGE_CURVE('',#7689,#7736,#7738,.T.);
#7736 = VERTEX_POINT('',#7737);
#7737 = CARTESIAN_POINT('',(40.,-70.,278.));
#7738 = LINE('',#7739,#7740);
#7739 = CARTESIAN_POINT('',(-40.,-70.,278.));
#7740 = VECTOR('',#7741,1.);
#7741 = DIRECTION('',(1.,0.,0.));
#7742 = ORIENTED_EDGE('',*,*,#7743,.F.);
#7743 = EDGE_CURVE('',#7727,#7736,#7744,.T.);
#7744 = LINE('',#7745,#7746);
#7745 = CARTESIAN_POINT('',(40.,-70.,274.));
#7746 = VECTOR('',#7747,1.);
#7747 = DIRECTION('',(0.,0.,1.));
#7748 = PLANE('',#7749);
#7749 = AXIS2_PLACEMENT_3D('',#7750,#7751,#7752);
#7750 = CARTESIAN_POINT('',(-40.,-70.,274.));
#7751 = DIRECTION('',(0.,1.,0.));
#7752 = DIRECTION('',(0.,0.,1.));
#7753 = ADVANCED_FACE('',(#7754,#7772,#7783,#7794,#7805),#7816,.T.);
#7754 = FACE_BOUND('',#7755,.T.);
#7755 = EDGE_LOOP('',(#7756,#7757,#7758,#7766));
#7756 = ORIENTED_EDGE('',*,*,#7712,.F.);
#7757 = ORIENTED_EDGE('',*,*,#7735,.T.);
#7758 = ORIENTED_EDGE('',*,*,#7759,.T.);
#7759 = EDGE_CURVE('',#7736,#7760,#7762,.T.);
#7760 = VERTEX_POINT('',#7761);
#7761 = CARTESIAN_POINT('',(40.,-20.,278.));
#7762 = LINE('',#7763,#7764);
#7763 = CARTESIAN_POINT('',(40.,-70.,278.));
#7764 = VECTOR('',#7765,1.);
#7765 = DIRECTION('',(0.,1.,0.));
#7766 = ORIENTED_EDGE('',*,*,#7767,.F.);
#7767 = EDGE_CURVE('',#7705,#7760,#7768,.T.);
#7768 = LINE('',#7769,#7770);
#7769 = CARTESIAN_POINT('',(-40.,-20.,278.));
#7770 = VECTOR('',#7771,1.);
#7771 = DIRECTION('',(1.,0.,0.));
#7772 = FACE_BOUND('',#7773,.T.);
#7773 = EDGE_LOOP('',(#7774));
#7774 = ORIENTED_EDGE('',*,*,#7775,.F.);
#7775 = EDGE_CURVE('',#7776,#7776,#7778,.T.);
#7776 = VERTEX_POINT('',#7777);
#7777 = CARTESIAN_POINT('',(-30.3,-62.,278.));
#7778 = CIRCLE('',#7779,1.7);
#7779 = AXIS2_PLACEMENT_3D('',#7780,#7781,#7782);
#7780 = CARTESIAN_POINT('',(-32.,-62.,278.));
#7781 = DIRECTION('',(0.,0.,1.));
#7782 = DIRECTION('',(1.,0.,0.));
#7783 = FACE_BOUND('',#7784,.T.);
#7784 = EDGE_LOOP('',(#7785));
#7785 = ORIENTED_EDGE('',*,*,#7786,.F.);
#7786 = EDGE_CURVE('',#7787,#7787,#7789,.T.);
#7787 = VERTEX_POINT('',#7788);
#7788 = CARTESIAN_POINT('',(33.7,-62.,278.));
#7789 = CIRCLE('',#7790,1.7);
#7790 = AXIS2_PLACEMENT_3D('',#7791,#7792,#7793);
#7791 = CARTESIAN_POINT('',(32.,-62.,278.));
#7792 = DIRECTION('',(0.,0.,1.));
#7793 = DIRECTION('',(1.,0.,0.));
#7794 = FACE_BOUND('',#7795,.T.);
#7795 = EDGE_LOOP('',(#7796));
#7796 = ORIENTED_EDGE('',*,*,#7797,.F.);
#7797 = EDGE_CURVE('',#7798,#7798,#7800,.T.);
#7798 = VERTEX_POINT('',#7799);
#7799 = CARTESIAN_POINT('',(-30.3,-28.,278.));
#7800 = CIRCLE('',#7801,1.7);
#7801 = AXIS2_PLACEMENT_3D('',#7802,#7803,#7804);
#7802 = CARTESIAN_POINT('',(-32.,-28.,278.));
#7803 = DIRECTION('',(0.,0.,1.));
#7804 = DIRECTION('',(1.,0.,0.));
#7805 = FACE_BOUND('',#7806,.T.);
#7806 = EDGE_LOOP('',(#7807));
#7807 = ORIENTED_EDGE('',*,*,#7808,.F.);
#7808 = EDGE_CURVE('',#7809,#7809,#7811,.T.);
#7809 = VERTEX_POINT('',#7810);
#7810 = CARTESIAN_POINT('',(33.7,-28.,278.));
#7811 = CIRCLE('',#7812,1.7);
#7812 = AXIS2_PLACEMENT_3D('',#7813,#7814,#7815);
#7813 = CARTESIAN_POINT('',(32.,-28.,278.));
#7814 = DIRECTION('',(0.,0.,1.));
#7815 = DIRECTION('',(1.,0.,0.));
#7816 = PLANE('',#7817);
#7817 = AXIS2_PLACEMENT_3D('',#7818,#7819,#7820);
#7818 = CARTESIAN_POINT('',(-40.,-70.,278.));
#7819 = DIRECTION('',(0.,0.,1.));
#7820 = DIRECTION('',(1.,0.,0.));
#7821 = ADVANCED_FACE('',(#7822),#7840,.T.);
#7822 = FACE_BOUND('',#7823,.T.);
#7823 = EDGE_LOOP('',(#7824,#7832,#7833,#7834));
#7824 = ORIENTED_EDGE('',*,*,#7825,.F.);
#7825 = EDGE_CURVE('',#7697,#7826,#7828,.T.);
#7826 = VERTEX_POINT('',#7827);
#7827 = CARTESIAN_POINT('',(40.,-20.,274.));
#7828 = LINE('',#7829,#7830);
#7829 = CARTESIAN_POINT('',(-40.,-20.,274.));
#7830 = VECTOR('',#7831,1.);
#7831 = DIRECTION('',(1.,0.,0.));
#7832 = ORIENTED_EDGE('',*,*,#7704,.T.);
#7833 = ORIENTED_EDGE('',*,*,#7767,.T.);
#7834 = ORIENTED_EDGE('',*,*,#7835,.F.);
#7835 = EDGE_CURVE('',#7826,#7760,#7836,.T.);
#7836 = LINE('',#7837,#7838);
#7837 = CARTESIAN_POINT('',(40.,-20.,274.));
#7838 = VECTOR('',#7839,1.);
#7839 = DIRECTION('',(0.,0.,1.));
#7840 = PLANE('',#7841);
#7841 = AXIS2_PLACEMENT_3D('',#7842,#7843,#7844);
#7842 = CARTESIAN_POINT('',(-40.,-20.,274.));
#7843 = DIRECTION('',(0.,1.,0.));
#7844 = DIRECTION('',(0.,0.,1.));
#7845 = ADVANCED_FACE('',(#7846,#7857,#7868,#7879,#7890),#7901,.F.);
#7846 = FACE_BOUND('',#7847,.F.);
#7847 = EDGE_LOOP('',(#7848,#7849,#7850,#7856));
#7848 = ORIENTED_EDGE('',*,*,#7696,.F.);
#7849 = ORIENTED_EDGE('',*,*,#7726,.T.);
#7850 = ORIENTED_EDGE('',*,*,#7851,.T.);
#7851 = EDGE_CURVE('',#7727,#7826,#7852,.T.);
#7852 = LINE('',#7853,#7854);
#7853 = CARTESIAN_POINT('',(40.,-70.,274.));
#7854 = VECTOR('',#7855,1.);
#7855 = DIRECTION('',(0.,1.,0.));
#7856 = ORIENTED_EDGE('',*,*,#7825,.F.);
#7857 = FACE_BOUND('',#7858,.F.);
#7858 = EDGE_LOOP('',(#7859));
#7859 = ORIENTED_EDGE('',*,*,#7860,.F.);
#7860 = EDGE_CURVE('',#7861,#7861,#7863,.T.);
#7861 = VERTEX_POINT('',#7862);
#7862 = CARTESIAN_POINT('',(-30.3,-62.,274.));
#7863 = CIRCLE('',#7864,1.7);
#7864 = AXIS2_PLACEMENT_3D('',#7865,#7866,#7867);
#7865 = CARTESIAN_POINT('',(-32.,-62.,274.));
#7866 = DIRECTION('',(0.,0.,1.));
#7867 = DIRECTION('',(1.,0.,0.));
#7868 = FACE_BOUND('',#7869,.F.);
#7869 = EDGE_LOOP('',(#7870));
#7870 = ORIENTED_EDGE('',*,*,#7871,.F.);
#7871 = EDGE_CURVE('',#7872,#7872,#7874,.T.);
#7872 = VERTEX_POINT('',#7873);
#7873 = CARTESIAN_POINT('',(33.7,-62.,274.));
#7874 = CIRCLE('',#7875,1.7);
#7875 = AXIS2_PLACEMENT_3D('',#7876,#7877,#7878);
#7876 = CARTESIAN_POINT('',(32.,-62.,274.));
#7877 = DIRECTION('',(0.,0.,1.));
#7878 = DIRECTION('',(1.,0.,0.));
#7879 = FACE_BOUND('',#7880,.F.);
#7880 = EDGE_LOOP('',(#7881));
#7881 = ORIENTED_EDGE('',*,*,#7882,.F.);
#7882 = EDGE_CURVE('',#7883,#7883,#7885,.T.);
#7883 = VERTEX_POINT('',#7884);
#7884 = CARTESIAN_POINT('',(-30.3,-28.,274.));
#7885 = CIRCLE('',#7886,1.7);
#7886 = AXIS2_PLACEMENT_3D('',#7887,#7888,#7889);
#7887 = CARTESIAN_POINT('',(-32.,-28.,274.));
#7888 = DIRECTION('',(0.,0.,1.));
#7889 = DIRECTION('',(1.,0.,0.));
#7890 = FACE_BOUND('',#7891,.F.);
#7891 = EDGE_LOOP('',(#7892));
#7892 = ORIENTED_EDGE('',*,*,#7893,.F.);
#7893 = EDGE_CURVE('',#7894,#7894,#7896,.T.);
#7894 = VERTEX_POINT('',#7895);
#7895 = CARTESIAN_POINT('',(33.7,-28.,274.));
#7896 = CIRCLE('',#7897,1.7);
#7897 = AXIS2_PLACEMENT_3D('',#7898,#7899,#7900);
#7898 = CARTESIAN_POINT('',(32.,-28.,274.));
#7899 = DIRECTION('',(0.,0.,1.));
#7900 = DIRECTION('',(1.,0.,0.));
#7901 = PLANE('',#7902);
#7902 = AXIS2_PLACEMENT_3D('',#7903,#7904,#7905);
#7903 = CARTESIAN_POINT('',(-40.,-70.,274.));
#7904 = DIRECTION('',(0.,0.,1.));
#7905 = DIRECTION('',(1.,0.,0.));
#7906 = ADVANCED_FACE('',(#7907),#7913,.T.);
#7907 = FACE_BOUND('',#7908,.T.);
#7908 = EDGE_LOOP('',(#7909,#7910,#7911,#7912));
#7909 = ORIENTED_EDGE('',*,*,#7743,.F.);
#7910 = ORIENTED_EDGE('',*,*,#7851,.T.);
#7911 = ORIENTED_EDGE('',*,*,#7835,.T.);
#7912 = ORIENTED_EDGE('',*,*,#7759,.F.);
#7913 = PLANE('',#7914);
#7914 = AXIS2_PLACEMENT_3D('',#7915,#7916,#7917);
#7915 = CARTESIAN_POINT('',(40.,-70.,274.));
#7916 = DIRECTION('',(1.,0.,0.));
#7917 = DIRECTION('',(0.,0.,1.));
#7918 = ADVANCED_FACE('',(#7919),#7930,.F.);
#7919 = FACE_BOUND('',#7920,.F.);
#7920 = EDGE_LOOP('',(#7921,#7922,#7928,#7929));
#7921 = ORIENTED_EDGE('',*,*,#7775,.F.);
#7922 = ORIENTED_EDGE('',*,*,#7923,.F.);
#7923 = EDGE_CURVE('',#7861,#7776,#7924,.T.);
#7924 = LINE('',#7925,#7926);
#7925 = CARTESIAN_POINT('',(-30.3,-62.,273.));
#7926 = VECTOR('',#7927,1.);
#7927 = DIRECTION('',(0.,0.,1.));
#7928 = ORIENTED_EDGE('',*,*,#7860,.T.);
#7929 = ORIENTED_EDGE('',*,*,#7923,.T.);
#7930 = CYLINDRICAL_SURFACE('',#7931,1.7);
#7931 = AXIS2_PLACEMENT_3D('',#7932,#7933,#7934);
#7932 = CARTESIAN_POINT('',(-32.,-62.,273.));
#7933 = DIRECTION('',(0.,0.,1.));
#7934 = DIRECTION('',(1.,0.,0.));
#7935 = ADVANCED_FACE('',(#7936),#7947,.F.);
#7936 = FACE_BOUND('',#7937,.F.);
#7937 = EDGE_LOOP('',(#7938,#7939,#7945,#7946));
#7938 = ORIENTED_EDGE('',*,*,#7786,.F.);
#7939 = ORIENTED_EDGE('',*,*,#7940,.F.);
#7940 = EDGE_CURVE('',#7872,#7787,#7941,.T.);
#7941 = LINE('',#7942,#7943);
#7942 = CARTESIAN_POINT('',(33.7,-62.,273.));
#7943 = VECTOR('',#7944,1.);
#7944 = DIRECTION('',(0.,0.,1.));
#7945 = ORIENTED_EDGE('',*,*,#7871,.T.);
#7946 = ORIENTED_EDGE('',*,*,#7940,.T.);
#7947 = CYLINDRICAL_SURFACE('',#7948,1.7);
#7948 = AXIS2_PLACEMENT_3D('',#7949,#7950,#7951);
#7949 = CARTESIAN_POINT('',(32.,-62.,273.));
#7950 = DIRECTION('',(0.,0.,1.));
#7951 = DIRECTION('',(1.,0.,0.));
#7952 = ADVANCED_FACE('',(#7953),#7964,.F.);
#7953 = FACE_BOUND('',#7954,.F.);
#7954 = EDGE_LOOP('',(#7955,#7956,#7962,#7963));
#7955 = ORIENTED_EDGE('',*,*,#7797,.F.);
#7956 = ORIENTED_EDGE('',*,*,#7957,.F.);
#7957 = EDGE_CURVE('',#7883,#7798,#7958,.T.);
#7958 = LINE('',#7959,#7960);
#7959 = CARTESIAN_POINT('',(-30.3,-28.,273.));
#7960 = VECTOR('',#7961,1.);
#7961 = DIRECTION('',(0.,0.,1.));
#7962 = ORIENTED_EDGE('',*,*,#7882,.T.);
#7963 = ORIENTED_EDGE('',*,*,#7957,.T.);
#7964 = CYLINDRICAL_SURFACE('',#7965,1.7);
#7965 = AXIS2_PLACEMENT_3D('',#7966,#7967,#7968);
#7966 = CARTESIAN_POINT('',(-32.,-28.,273.));
#7967 = DIRECTION('',(0.,0.,1.));
#7968 = DIRECTION('',(1.,0.,0.));
#7969 = ADVANCED_FACE('',(#7970),#7981,.F.);
#7970 = FACE_BOUND('',#7971,.F.);
#7971 = EDGE_LOOP('',(#7972,#7973,#7979,#7980));
#7972 = ORIENTED_EDGE('',*,*,#7808,.F.);
#7973 = ORIENTED_EDGE('',*,*,#7974,.F.);
#7974 = EDGE_CURVE('',#7894,#7809,#7975,.T.);
#7975 = LINE('',#7976,#7977);
#7976 = CARTESIAN_POINT('',(33.7,-28.,273.));
#7977 = VECTOR('',#7978,1.);
#7978 = DIRECTION('',(0.,0.,1.));
#7979 = ORIENTED_EDGE('',*,*,#7893,.T.);
#7980 = ORIENTED_EDGE('',*,*,#7974,.T.);
#7981 = CYLINDRICAL_SURFACE('',#7982,1.7);
#7982 = AXIS2_PLACEMENT_3D('',#7983,#7984,#7985);
#7983 = CARTESIAN_POINT('',(32.,-28.,273.));
#7984 = DIRECTION('',(0.,0.,1.));
#7985 = DIRECTION('',(1.,0.,0.));
#7986 = MANIFOLD_SOLID_BREP('',#7987);
#7987 = CLOSED_SHELL('',(#7988,#8028,#8059,#8090,#8121,#8152,#8183,#8214
    ,#8235,#8256));
#7988 = ADVANCED_FACE('',(#7989),#8023,.T.);
#7989 = FACE_BOUND('',#7990,.T.);
#7990 = EDGE_LOOP('',(#7991,#8001,#8009,#8017));
#7991 = ORIENTED_EDGE('',*,*,#7992,.F.);
#7992 = EDGE_CURVE('',#7993,#7995,#7997,.T.);
#7993 = VERTEX_POINT('',#7994);
#7994 = CARTESIAN_POINT('',(-17.,-79.,275.));
#7995 = VERTEX_POINT('',#7996);
#7996 = CARTESIAN_POINT('',(-17.,-61.,275.));
#7997 = LINE('',#7998,#7999);
#7998 = CARTESIAN_POINT('',(-17.,-79.,275.));
#7999 = VECTOR('',#8000,1.);
#8000 = DIRECTION('',(0.,1.,0.));
#8001 = ORIENTED_EDGE('',*,*,#8002,.T.);
#8002 = EDGE_CURVE('',#7993,#8003,#8005,.T.);
#8003 = VERTEX_POINT('',#8004);
#8004 = CARTESIAN_POINT('',(-14.,-79.,275.));
#8005 = LINE('',#8006,#8007);
#8006 = CARTESIAN_POINT('',(-17.,-79.,275.));
#8007 = VECTOR('',#8008,1.);
#8008 = DIRECTION('',(1.,0.,0.));
#8009 = ORIENTED_EDGE('',*,*,#8010,.T.);
#8010 = EDGE_CURVE('',#8003,#8011,#8013,.T.);
#8011 = VERTEX_POINT('',#8012);
#8012 = CARTESIAN_POINT('',(-14.,-61.,275.));
#8013 = LINE('',#8014,#8015);
#8014 = CARTESIAN_POINT('',(-14.,-79.,275.));
#8015 = VECTOR('',#8016,1.);
#8016 = DIRECTION('',(0.,1.,0.));
#8017 = ORIENTED_EDGE('',*,*,#8018,.F.);
#8018 = EDGE_CURVE('',#7995,#8011,#8019,.T.);
#8019 = LINE('',#8020,#8021);
#8020 = CARTESIAN_POINT('',(-17.,-61.,275.));
#8021 = VECTOR('',#8022,1.);
#8022 = DIRECTION('',(1.,0.,0.));
#8023 = PLANE('',#8024);
#8024 = AXIS2_PLACEMENT_3D('',#8025,#8026,#8027);
#8025 = CARTESIAN_POINT('',(-17.,-79.,275.));
#8026 = DIRECTION('',(0.,0.,1.));
#8027 = DIRECTION('',(1.,0.,0.));
#8028 = ADVANCED_FACE('',(#8029),#8054,.T.);
#8029 = FACE_BOUND('',#8030,.T.);
#8030 = EDGE_LOOP('',(#8031,#8039,#8047,#8053));
#8031 = ORIENTED_EDGE('',*,*,#8032,.F.);
#8032 = EDGE_CURVE('',#8033,#8003,#8035,.T.);
#8033 = VERTEX_POINT('',#8034);
#8034 = CARTESIAN_POINT('',(-14.,-79.,241.));
#8035 = LINE('',#8036,#8037);
#8036 = CARTESIAN_POINT('',(-14.,-79.,241.));
#8037 = VECTOR('',#8038,1.);
#8038 = DIRECTION('',(0.,0.,1.));
#8039 = ORIENTED_EDGE('',*,*,#8040,.T.);
#8040 = EDGE_CURVE('',#8033,#8041,#8043,.T.);
#8041 = VERTEX_POINT('',#8042);
#8042 = CARTESIAN_POINT('',(-14.,-61.,241.));
#8043 = LINE('',#8044,#8045);
#8044 = CARTESIAN_POINT('',(-14.,-79.,241.));
#8045 = VECTOR('',#8046,1.);
#8046 = DIRECTION('',(0.,1.,0.));
#8047 = ORIENTED_EDGE('',*,*,#8048,.T.);
#8048 = EDGE_CURVE('',#8041,#8011,#8049,.T.);
#8049 = LINE('',#8050,#8051);
#8050 = CARTESIAN_POINT('',(-14.,-61.,241.));
#8051 = VECTOR('',#8052,1.);
#8052 = DIRECTION('',(0.,0.,1.));
#8053 = ORIENTED_EDGE('',*,*,#8010,.F.);
#8054 = PLANE('',#8055);
#8055 = AXIS2_PLACEMENT_3D('',#8056,#8057,#8058);
#8056 = CARTESIAN_POINT('',(-14.,-79.,241.));
#8057 = DIRECTION('',(1.,0.,0.));
#8058 = DIRECTION('',(0.,0.,1.));
#8059 = ADVANCED_FACE('',(#8060),#8085,.T.);
#8060 = FACE_BOUND('',#8061,.T.);
#8061 = EDGE_LOOP('',(#8062,#8063,#8071,#8079));
#8062 = ORIENTED_EDGE('',*,*,#8040,.F.);
#8063 = ORIENTED_EDGE('',*,*,#8064,.T.);
#8064 = EDGE_CURVE('',#8033,#8065,#8067,.T.);
#8065 = VERTEX_POINT('',#8066);
#8066 = CARTESIAN_POINT('',(14.,-79.,241.));
#8067 = LINE('',#8068,#8069);
#8068 = CARTESIAN_POINT('',(-17.,-79.,241.));
#8069 = VECTOR('',#8070,1.);
#8070 = DIRECTION('',(1.,0.,0.));
#8071 = ORIENTED_EDGE('',*,*,#8072,.T.);
#8072 = EDGE_CURVE('',#8065,#8073,#8075,.T.);
#8073 = VERTEX_POINT('',#8074);
#8074 = CARTESIAN_POINT('',(14.,-61.,241.));
#8075 = LINE('',#8076,#8077);
#8076 = CARTESIAN_POINT('',(14.,-79.,241.));
#8077 = VECTOR('',#8078,1.);
#8078 = DIRECTION('',(0.,1.,0.));
#8079 = ORIENTED_EDGE('',*,*,#8080,.F.);
#8080 = EDGE_CURVE('',#8041,#8073,#8081,.T.);
#8081 = LINE('',#8082,#8083);
#8082 = CARTESIAN_POINT('',(-17.,-61.,241.));
#8083 = VECTOR('',#8084,1.);
#8084 = DIRECTION('',(1.,0.,0.));
#8085 = PLANE('',#8086);
#8086 = AXIS2_PLACEMENT_3D('',#8087,#8088,#8089);
#8087 = CARTESIAN_POINT('',(-17.,-79.,241.));
#8088 = DIRECTION('',(0.,0.,1.));
#8089 = DIRECTION('',(1.,0.,0.));
#8090 = ADVANCED_FACE('',(#8091),#8116,.F.);
#8091 = FACE_BOUND('',#8092,.F.);
#8092 = EDGE_LOOP('',(#8093,#8101,#8102,#8110));
#8093 = ORIENTED_EDGE('',*,*,#8094,.F.);
#8094 = EDGE_CURVE('',#8065,#8095,#8097,.T.);
#8095 = VERTEX_POINT('',#8096);
#8096 = CARTESIAN_POINT('',(14.,-79.,275.));
#8097 = LINE('',#8098,#8099);
#8098 = CARTESIAN_POINT('',(14.,-79.,241.));
#8099 = VECTOR('',#8100,1.);
#8100 = DIRECTION('',(0.,0.,1.));
#8101 = ORIENTED_EDGE('',*,*,#8072,.T.);
#8102 = ORIENTED_EDGE('',*,*,#8103,.T.);
#8103 = EDGE_CURVE('',#8073,#8104,#8106,.T.);
#8104 = VERTEX_POINT('',#8105);
#8105 = CARTESIAN_POINT('',(14.,-61.,275.));
#8106 = LINE('',#8107,#8108);
#8107 = CARTESIAN_POINT('',(14.,-61.,241.));
#8108 = VECTOR('',#8109,1.);
#8109 = DIRECTION('',(0.,0.,1.));
#8110 = ORIENTED_EDGE('',*,*,#8111,.F.);
#8111 = EDGE_CURVE('',#8095,#8104,#8112,.T.);
#8112 = LINE('',#8113,#8114);
#8113 = CARTESIAN_POINT('',(14.,-79.,275.));
#8114 = VECTOR('',#8115,1.);
#8115 = DIRECTION('',(0.,1.,0.));
#8116 = PLANE('',#8117);
#8117 = AXIS2_PLACEMENT_3D('',#8118,#8119,#8120);
#8118 = CARTESIAN_POINT('',(14.,-79.,241.));
#8119 = DIRECTION('',(1.,0.,0.));
#8120 = DIRECTION('',(0.,0.,1.));
#8121 = ADVANCED_FACE('',(#8122),#8147,.T.);
#8122 = FACE_BOUND('',#8123,.T.);
#8123 = EDGE_LOOP('',(#8124,#8125,#8133,#8141));
#8124 = ORIENTED_EDGE('',*,*,#8111,.F.);
#8125 = ORIENTED_EDGE('',*,*,#8126,.T.);
#8126 = EDGE_CURVE('',#8095,#8127,#8129,.T.);
#8127 = VERTEX_POINT('',#8128);
#8128 = CARTESIAN_POINT('',(17.,-79.,275.));
#8129 = LINE('',#8130,#8131);
#8130 = CARTESIAN_POINT('',(14.,-79.,275.));
#8131 = VECTOR('',#8132,1.);
#8132 = DIRECTION('',(1.,0.,0.));
#8133 = ORIENTED_EDGE('',*,*,#8134,.T.);
#8134 = EDGE_CURVE('',#8127,#8135,#8137,.T.);
#8135 = VERTEX_POINT('',#8136);
#8136 = CARTESIAN_POINT('',(17.,-61.,275.));
#8137 = LINE('',#8138,#8139);
#8138 = CARTESIAN_POINT('',(17.,-79.,275.));
#8139 = VECTOR('',#8140,1.);
#8140 = DIRECTION('',(0.,1.,0.));
#8141 = ORIENTED_EDGE('',*,*,#8142,.F.);
#8142 = EDGE_CURVE('',#8104,#8135,#8143,.T.);
#8143 = LINE('',#8144,#8145);
#8144 = CARTESIAN_POINT('',(14.,-61.,275.));
#8145 = VECTOR('',#8146,1.);
#8146 = DIRECTION('',(1.,0.,0.));
#8147 = PLANE('',#8148);
#8148 = AXIS2_PLACEMENT_3D('',#8149,#8150,#8151);
#8149 = CARTESIAN_POINT('',(14.,-79.,275.));
#8150 = DIRECTION('',(0.,0.,1.));
#8151 = DIRECTION('',(1.,0.,0.));
#8152 = ADVANCED_FACE('',(#8153),#8178,.T.);
#8153 = FACE_BOUND('',#8154,.T.);
#8154 = EDGE_LOOP('',(#8155,#8163,#8164,#8172));
#8155 = ORIENTED_EDGE('',*,*,#8156,.T.);
#8156 = EDGE_CURVE('',#8157,#7993,#8159,.T.);
#8157 = VERTEX_POINT('',#8158);
#8158 = CARTESIAN_POINT('',(-17.,-79.,238.));
#8159 = LINE('',#8160,#8161);
#8160 = CARTESIAN_POINT('',(-17.,-79.,238.));
#8161 = VECTOR('',#8162,1.);
#8162 = DIRECTION('',(0.,0.,1.));
#8163 = ORIENTED_EDGE('',*,*,#7992,.T.);
#8164 = ORIENTED_EDGE('',*,*,#8165,.F.);
#8165 = EDGE_CURVE('',#8166,#7995,#8168,.T.);
#8166 = VERTEX_POINT('',#8167);
#8167 = CARTESIAN_POINT('',(-17.,-61.,238.));
#8168 = LINE('',#8169,#8170);
#8169 = CARTESIAN_POINT('',(-17.,-61.,241.));
#8170 = VECTOR('',#8171,1.);
#8171 = DIRECTION('',(0.,0.,1.));
#8172 = ORIENTED_EDGE('',*,*,#8173,.F.);
#8173 = EDGE_CURVE('',#8157,#8166,#8174,.T.);
#8174 = LINE('',#8175,#8176);
#8175 = CARTESIAN_POINT('',(-17.,-79.,238.));
#8176 = VECTOR('',#8177,1.);
#8177 = DIRECTION('',(0.,1.,0.));
#8178 = PLANE('',#8179);
#8179 = AXIS2_PLACEMENT_3D('',#8180,#8181,#8182);
#8180 = CARTESIAN_POINT('',(-17.,-70.,256.5));
#8181 = DIRECTION('',(-1.,-0.,-0.));
#8182 = DIRECTION('',(0.,0.,-1.));
#8183 = ADVANCED_FACE('',(#8184),#8209,.F.);
#8184 = FACE_BOUND('',#8185,.F.);
#8185 = EDGE_LOOP('',(#8186,#8187,#8195,#8203));
#8186 = ORIENTED_EDGE('',*,*,#8173,.F.);
#8187 = ORIENTED_EDGE('',*,*,#8188,.T.);
#8188 = EDGE_CURVE('',#8157,#8189,#8191,.T.);
#8189 = VERTEX_POINT('',#8190);
#8190 = CARTESIAN_POINT('',(17.,-79.,238.));
#8191 = LINE('',#8192,#8193);
#8192 = CARTESIAN_POINT('',(-17.,-79.,238.));
#8193 = VECTOR('',#8194,1.);
#8194 = DIRECTION('',(1.,0.,0.));
#8195 = ORIENTED_EDGE('',*,*,#8196,.T.);
#8196 = EDGE_CURVE('',#8189,#8197,#8199,.T.);
#8197 = VERTEX_POINT('',#8198);
#8198 = CARTESIAN_POINT('',(17.,-61.,238.));
#8199 = LINE('',#8200,#8201);
#8200 = CARTESIAN_POINT('',(17.,-79.,238.));
#8201 = VECTOR('',#8202,1.);
#8202 = DIRECTION('',(0.,1.,0.));
#8203 = ORIENTED_EDGE('',*,*,#8204,.F.);
#8204 = EDGE_CURVE('',#8166,#8197,#8205,.T.);
#8205 = LINE('',#8206,#8207);
#8206 = CARTESIAN_POINT('',(-17.,-61.,238.));
#8207 = VECTOR('',#8208,1.);
#8208 = DIRECTION('',(1.,0.,0.));
#8209 = PLANE('',#8210);
#8210 = AXIS2_PLACEMENT_3D('',#8211,#8212,#8213);
#8211 = CARTESIAN_POINT('',(-17.,-79.,238.));
#8212 = DIRECTION('',(0.,0.,1.));
#8213 = DIRECTION('',(1.,0.,0.));
#8214 = ADVANCED_FACE('',(#8215),#8230,.T.);
#8215 = FACE_BOUND('',#8216,.T.);
#8216 = EDGE_LOOP('',(#8217,#8218,#8224,#8225,#8226,#8227,#8228,#8229));
#8217 = ORIENTED_EDGE('',*,*,#8188,.T.);
#8218 = ORIENTED_EDGE('',*,*,#8219,.T.);
#8219 = EDGE_CURVE('',#8189,#8127,#8220,.T.);
#8220 = LINE('',#8221,#8222);
#8221 = CARTESIAN_POINT('',(17.,-79.,238.));
#8222 = VECTOR('',#8223,1.);
#8223 = DIRECTION('',(0.,0.,1.));
#8224 = ORIENTED_EDGE('',*,*,#8126,.F.);
#8225 = ORIENTED_EDGE('',*,*,#8094,.F.);
#8226 = ORIENTED_EDGE('',*,*,#8064,.F.);
#8227 = ORIENTED_EDGE('',*,*,#8032,.T.);
#8228 = ORIENTED_EDGE('',*,*,#8002,.F.);
#8229 = ORIENTED_EDGE('',*,*,#8156,.F.);
#8230 = PLANE('',#8231);
#8231 = AXIS2_PLACEMENT_3D('',#8232,#8233,#8234);
#8232 = CARTESIAN_POINT('',(0.,-79.,252.45238095238));
#8233 = DIRECTION('',(-0.,-1.,-0.));
#8234 = DIRECTION('',(0.,0.,-1.));
#8235 = ADVANCED_FACE('',(#8236),#8251,.T.);
#8236 = FACE_BOUND('',#8237,.T.);
#8237 = EDGE_LOOP('',(#8238,#8239,#8240,#8241,#8242,#8243,#8244,#8245));
#8238 = ORIENTED_EDGE('',*,*,#8204,.F.);
#8239 = ORIENTED_EDGE('',*,*,#8165,.T.);
#8240 = ORIENTED_EDGE('',*,*,#8018,.T.);
#8241 = ORIENTED_EDGE('',*,*,#8048,.F.);
#8242 = ORIENTED_EDGE('',*,*,#8080,.T.);
#8243 = ORIENTED_EDGE('',*,*,#8103,.T.);
#8244 = ORIENTED_EDGE('',*,*,#8142,.T.);
#8245 = ORIENTED_EDGE('',*,*,#8246,.F.);
#8246 = EDGE_CURVE('',#8197,#8135,#8247,.T.);
#8247 = LINE('',#8248,#8249);
#8248 = CARTESIAN_POINT('',(17.,-61.,241.));
#8249 = VECTOR('',#8250,1.);
#8250 = DIRECTION('',(0.,0.,1.));
#8251 = PLANE('',#8252);
#8252 = AXIS2_PLACEMENT_3D('',#8253,#8254,#8255);
#8253 = CARTESIAN_POINT('',(0.,-61.,252.45238095238));
#8254 = DIRECTION('',(0.,1.,0.));
#8255 = DIRECTION('',(0.,0.,1.));
#8256 = ADVANCED_FACE('',(#8257),#8263,.T.);
#8257 = FACE_BOUND('',#8258,.T.);
#8258 = EDGE_LOOP('',(#8259,#8260,#8261,#8262));
#8259 = ORIENTED_EDGE('',*,*,#8219,.F.);
#8260 = ORIENTED_EDGE('',*,*,#8196,.T.);
#8261 = ORIENTED_EDGE('',*,*,#8246,.T.);
#8262 = ORIENTED_EDGE('',*,*,#8134,.F.);
#8263 = PLANE('',#8264);
#8264 = AXIS2_PLACEMENT_3D('',#8265,#8266,#8267);
#8265 = CARTESIAN_POINT('',(17.,-70.,256.5));
#8266 = DIRECTION('',(1.,0.,0.));
#8267 = DIRECTION('',(0.,0.,1.));
#8268 = MANIFOLD_SOLID_BREP('',#8269);
#8269 = CLOSED_SHELL('',(#8270,#8310,#8350,#8372,#8394,#8406));
#8270 = ADVANCED_FACE('',(#8271),#8305,.F.);
#8271 = FACE_BOUND('',#8272,.F.);
#8272 = EDGE_LOOP('',(#8273,#8283,#8291,#8299));
#8273 = ORIENTED_EDGE('',*,*,#8274,.F.);
#8274 = EDGE_CURVE('',#8275,#8277,#8279,.T.);
#8275 = VERTEX_POINT('',#8276);
#8276 = CARTESIAN_POINT('',(-32.,-86.,274.));
#8277 = VERTEX_POINT('',#8278);
#8278 = CARTESIAN_POINT('',(-32.,-86.,277.));
#8279 = LINE('',#8280,#8281);
#8280 = CARTESIAN_POINT('',(-32.,-86.,274.));
#8281 = VECTOR('',#8282,1.);
#8282 = DIRECTION('',(0.,0.,1.));
#8283 = ORIENTED_EDGE('',*,*,#8284,.T.);
#8284 = EDGE_CURVE('',#8275,#8285,#8287,.T.);
#8285 = VERTEX_POINT('',#8286);
#8286 = CARTESIAN_POINT('',(-32.,-80.,274.));
#8287 = LINE('',#8288,#8289);
#8288 = CARTESIAN_POINT('',(-32.,-86.,274.));
#8289 = VECTOR('',#8290,1.);
#8290 = DIRECTION('',(0.,1.,0.));
#8291 = ORIENTED_EDGE('',*,*,#8292,.T.);
#8292 = EDGE_CURVE('',#8285,#8293,#8295,.T.);
#8293 = VERTEX_POINT('',#8294);
#8294 = CARTESIAN_POINT('',(-32.,-80.,277.));
#8295 = LINE('',#8296,#8297);
#8296 = CARTESIAN_POINT('',(-32.,-80.,274.));
#8297 = VECTOR('',#8298,1.);
#8298 = DIRECTION('',(0.,0.,1.));
#8299 = ORIENTED_EDGE('',*,*,#8300,.F.);
#8300 = EDGE_CURVE('',#8277,#8293,#8301,.T.);
#8301 = LINE('',#8302,#8303);
#8302 = CARTESIAN_POINT('',(-32.,-86.,277.));
#8303 = VECTOR('',#8304,1.);
#8304 = DIRECTION('',(0.,1.,0.));
#8305 = PLANE('',#8306);
#8306 = AXIS2_PLACEMENT_3D('',#8307,#8308,#8309);
#8307 = CARTESIAN_POINT('',(-32.,-86.,274.));
#8308 = DIRECTION('',(1.,0.,0.));
#8309 = DIRECTION('',(0.,0.,1.));
#8310 = ADVANCED_FACE('',(#8311),#8345,.T.);
#8311 = FACE_BOUND('',#8312,.T.);
#8312 = EDGE_LOOP('',(#8313,#8323,#8331,#8339));
#8313 = ORIENTED_EDGE('',*,*,#8314,.F.);
#8314 = EDGE_CURVE('',#8315,#8317,#8319,.T.);
#8315 = VERTEX_POINT('',#8316);
#8316 = CARTESIAN_POINT('',(32.,-86.,274.));
#8317 = VERTEX_POINT('',#8318);
#8318 = CARTESIAN_POINT('',(32.,-86.,277.));
#8319 = LINE('',#8320,#8321);
#8320 = CARTESIAN_POINT('',(32.,-86.,274.));
#8321 = VECTOR('',#8322,1.);
#8322 = DIRECTION('',(0.,0.,1.));
#8323 = ORIENTED_EDGE('',*,*,#8324,.T.);
#8324 = EDGE_CURVE('',#8315,#8325,#8327,.T.);
#8325 = VERTEX_POINT('',#8326);
#8326 = CARTESIAN_POINT('',(32.,-80.,274.));
#8327 = LINE('',#8328,#8329);
#8328 = CARTESIAN_POINT('',(32.,-86.,274.));
#8329 = VECTOR('',#8330,1.);
#8330 = DIRECTION('',(0.,1.,0.));
#8331 = ORIENTED_EDGE('',*,*,#8332,.T.);
#8332 = EDGE_CURVE('',#8325,#8333,#8335,.T.);
#8333 = VERTEX_POINT('',#8334);
#8334 = CARTESIAN_POINT('',(32.,-80.,277.));
#8335 = LINE('',#8336,#8337);
#8336 = CARTESIAN_POINT('',(32.,-80.,274.));
#8337 = VECTOR('',#8338,1.);
#8338 = DIRECTION('',(0.,0.,1.));
#8339 = ORIENTED_EDGE('',*,*,#8340,.F.);
#8340 = EDGE_CURVE('',#8317,#8333,#8341,.T.);
#8341 = LINE('',#8342,#8343);
#8342 = CARTESIAN_POINT('',(32.,-86.,277.));
#8343 = VECTOR('',#8344,1.);
#8344 = DIRECTION('',(0.,1.,0.));
#8345 = PLANE('',#8346);
#8346 = AXIS2_PLACEMENT_3D('',#8347,#8348,#8349);
#8347 = CARTESIAN_POINT('',(32.,-86.,274.));
#8348 = DIRECTION('',(1.,0.,0.));
#8349 = DIRECTION('',(0.,0.,1.));
#8350 = ADVANCED_FACE('',(#8351),#8367,.F.);
#8351 = FACE_BOUND('',#8352,.F.);
#8352 = EDGE_LOOP('',(#8353,#8359,#8360,#8366));
#8353 = ORIENTED_EDGE('',*,*,#8354,.F.);
#8354 = EDGE_CURVE('',#8275,#8315,#8355,.T.);
#8355 = LINE('',#8356,#8357);
#8356 = CARTESIAN_POINT('',(-32.,-86.,274.));
#8357 = VECTOR('',#8358,1.);
#8358 = DIRECTION('',(1.,0.,0.));
#8359 = ORIENTED_EDGE('',*,*,#8274,.T.);
#8360 = ORIENTED_EDGE('',*,*,#8361,.T.);
#8361 = EDGE_CURVE('',#8277,#8317,#8362,.T.);
#8362 = LINE('',#8363,#8364);
#8363 = CARTESIAN_POINT('',(-32.,-86.,277.));
#8364 = VECTOR('',#8365,1.);
#8365 = DIRECTION('',(1.,0.,0.));
#8366 = ORIENTED_EDGE('',*,*,#8314,.F.);
#8367 = PLANE('',#8368);
#8368 = AXIS2_PLACEMENT_3D('',#8369,#8370,#8371);
#8369 = CARTESIAN_POINT('',(-32.,-86.,274.));
#8370 = DIRECTION('',(0.,1.,0.));
#8371 = DIRECTION('',(0.,0.,1.));
#8372 = ADVANCED_FACE('',(#8373),#8389,.T.);
#8373 = FACE_BOUND('',#8374,.T.);
#8374 = EDGE_LOOP('',(#8375,#8381,#8382,#8388));
#8375 = ORIENTED_EDGE('',*,*,#8376,.F.);
#8376 = EDGE_CURVE('',#8285,#8325,#8377,.T.);
#8377 = LINE('',#8378,#8379);
#8378 = CARTESIAN_POINT('',(-32.,-80.,274.));
#8379 = VECTOR('',#8380,1.);
#8380 = DIRECTION('',(1.,0.,0.));
#8381 = ORIENTED_EDGE('',*,*,#8292,.T.);
#8382 = ORIENTED_EDGE('',*,*,#8383,.T.);
#8383 = EDGE_CURVE('',#8293,#8333,#8384,.T.);
#8384 = LINE('',#8385,#8386);
#8385 = CARTESIAN_POINT('',(-32.,-80.,277.));
#8386 = VECTOR('',#8387,1.);
#8387 = DIRECTION('',(1.,0.,0.));
#8388 = ORIENTED_EDGE('',*,*,#8332,.F.);
#8389 = PLANE('',#8390);
#8390 = AXIS2_PLACEMENT_3D('',#8391,#8392,#8393);
#8391 = CARTESIAN_POINT('',(-32.,-80.,274.));
#8392 = DIRECTION('',(0.,1.,0.));
#8393 = DIRECTION('',(0.,0.,1.));
#8394 = ADVANCED_FACE('',(#8395),#8401,.F.);
#8395 = FACE_BOUND('',#8396,.F.);
#8396 = EDGE_LOOP('',(#8397,#8398,#8399,#8400));
#8397 = ORIENTED_EDGE('',*,*,#8284,.F.);
#8398 = ORIENTED_EDGE('',*,*,#8354,.T.);
#8399 = ORIENTED_EDGE('',*,*,#8324,.T.);
#8400 = ORIENTED_EDGE('',*,*,#8376,.F.);
#8401 = PLANE('',#8402);
#8402 = AXIS2_PLACEMENT_3D('',#8403,#8404,#8405);
#8403 = CARTESIAN_POINT('',(-32.,-86.,274.));
#8404 = DIRECTION('',(0.,0.,1.));
#8405 = DIRECTION('',(1.,0.,0.));
#8406 = ADVANCED_FACE('',(#8407),#8413,.T.);
#8407 = FACE_BOUND('',#8408,.T.);
#8408 = EDGE_LOOP('',(#8409,#8410,#8411,#8412));
#8409 = ORIENTED_EDGE('',*,*,#8300,.F.);
#8410 = ORIENTED_EDGE('',*,*,#8361,.T.);
#8411 = ORIENTED_EDGE('',*,*,#8340,.T.);
#8412 = ORIENTED_EDGE('',*,*,#8383,.F.);
#8413 = PLANE('',#8414);
#8414 = AXIS2_PLACEMENT_3D('',#8415,#8416,#8417);
#8415 = CARTESIAN_POINT('',(-32.,-86.,277.));
#8416 = DIRECTION('',(0.,0.,1.));
#8417 = DIRECTION('',(1.,0.,0.));
#8418 = MANIFOLD_SOLID_BREP('',#8419);
#8419 = CLOSED_SHELL('',(#8420,#8460,#8491,#8515,#8539,#8556));
#8420 = ADVANCED_FACE('',(#8421),#8455,.F.);
#8421 = FACE_BOUND('',#8422,.F.);
#8422 = EDGE_LOOP('',(#8423,#8433,#8441,#8449));
#8423 = ORIENTED_EDGE('',*,*,#8424,.F.);
#8424 = EDGE_CURVE('',#8425,#8427,#8429,.T.);
#8425 = VERTEX_POINT('',#8426);
#8426 = CARTESIAN_POINT('',(-12.,-82.,2.));
#8427 = VERTEX_POINT('',#8428);
#8428 = CARTESIAN_POINT('',(-12.,-82.,7.));
#8429 = LINE('',#8430,#8431);
#8430 = CARTESIAN_POINT('',(-12.,-82.,2.));
#8431 = VECTOR('',#8432,1.);
#8432 = DIRECTION('',(0.,0.,1.));
#8433 = ORIENTED_EDGE('',*,*,#8434,.T.);
#8434 = EDGE_CURVE('',#8425,#8435,#8437,.T.);
#8435 = VERTEX_POINT('',#8436);
#8436 = CARTESIAN_POINT('',(-12.,-72.,2.));
#8437 = LINE('',#8438,#8439);
#8438 = CARTESIAN_POINT('',(-12.,-82.,2.));
#8439 = VECTOR('',#8440,1.);
#8440 = DIRECTION('',(0.,1.,0.));
#8441 = ORIENTED_EDGE('',*,*,#8442,.T.);
#8442 = EDGE_CURVE('',#8435,#8443,#8445,.T.);
#8443 = VERTEX_POINT('',#8444);
#8444 = CARTESIAN_POINT('',(-12.,-72.,7.));
#8445 = LINE('',#8446,#8447);
#8446 = CARTESIAN_POINT('',(-12.,-72.,2.));
#8447 = VECTOR('',#8448,1.);
#8448 = DIRECTION('',(0.,0.,1.));
#8449 = ORIENTED_EDGE('',*,*,#8450,.F.);
#8450 = EDGE_CURVE('',#8427,#8443,#8451,.T.);
#8451 = LINE('',#8452,#8453);
#8452 = CARTESIAN_POINT('',(-12.,-82.,7.));
#8453 = VECTOR('',#8454,1.);
#8454 = DIRECTION('',(0.,1.,0.));
#8455 = PLANE('',#8456);
#8456 = AXIS2_PLACEMENT_3D('',#8457,#8458,#8459);
#8457 = CARTESIAN_POINT('',(-12.,-82.,2.));
#8458 = DIRECTION('',(1.,0.,0.));
#8459 = DIRECTION('',(0.,0.,1.));
#8460 = ADVANCED_FACE('',(#8461),#8486,.F.);
#8461 = FACE_BOUND('',#8462,.F.);
#8462 = EDGE_LOOP('',(#8463,#8471,#8472,#8480));
#8463 = ORIENTED_EDGE('',*,*,#8464,.F.);
#8464 = EDGE_CURVE('',#8425,#8465,#8467,.T.);
#8465 = VERTEX_POINT('',#8466);
#8466 = CARTESIAN_POINT('',(12.,-82.,2.));
#8467 = LINE('',#8468,#8469);
#8468 = CARTESIAN_POINT('',(-12.,-82.,2.));
#8469 = VECTOR('',#8470,1.);
#8470 = DIRECTION('',(1.,0.,0.));
#8471 = ORIENTED_EDGE('',*,*,#8424,.T.);
#8472 = ORIENTED_EDGE('',*,*,#8473,.T.);
#8473 = EDGE_CURVE('',#8427,#8474,#8476,.T.);
#8474 = VERTEX_POINT('',#8475);
#8475 = CARTESIAN_POINT('',(12.,-82.,7.));
#8476 = LINE('',#8477,#8478);
#8477 = CARTESIAN_POINT('',(-12.,-82.,7.));
#8478 = VECTOR('',#8479,1.);
#8479 = DIRECTION('',(1.,0.,0.));
#8480 = ORIENTED_EDGE('',*,*,#8481,.F.);
#8481 = EDGE_CURVE('',#8465,#8474,#8482,.T.);
#8482 = LINE('',#8483,#8484);
#8483 = CARTESIAN_POINT('',(12.,-82.,2.));
#8484 = VECTOR('',#8485,1.);
#8485 = DIRECTION('',(0.,0.,1.));
#8486 = PLANE('',#8487);
#8487 = AXIS2_PLACEMENT_3D('',#8488,#8489,#8490);
#8488 = CARTESIAN_POINT('',(-12.,-82.,2.));
#8489 = DIRECTION('',(0.,1.,0.));
#8490 = DIRECTION('',(0.,0.,1.));
#8491 = ADVANCED_FACE('',(#8492),#8510,.T.);
#8492 = FACE_BOUND('',#8493,.T.);
#8493 = EDGE_LOOP('',(#8494,#8495,#8496,#8504));
#8494 = ORIENTED_EDGE('',*,*,#8450,.F.);
#8495 = ORIENTED_EDGE('',*,*,#8473,.T.);
#8496 = ORIENTED_EDGE('',*,*,#8497,.T.);
#8497 = EDGE_CURVE('',#8474,#8498,#8500,.T.);
#8498 = VERTEX_POINT('',#8499);
#8499 = CARTESIAN_POINT('',(12.,-72.,7.));
#8500 = LINE('',#8501,#8502);
#8501 = CARTESIAN_POINT('',(12.,-82.,7.));
#8502 = VECTOR('',#8503,1.);
#8503 = DIRECTION('',(0.,1.,0.));
#8504 = ORIENTED_EDGE('',*,*,#8505,.F.);
#8505 = EDGE_CURVE('',#8443,#8498,#8506,.T.);
#8506 = LINE('',#8507,#8508);
#8507 = CARTESIAN_POINT('',(-12.,-72.,7.));
#8508 = VECTOR('',#8509,1.);
#8509 = DIRECTION('',(1.,0.,0.));
#8510 = PLANE('',#8511);
#8511 = AXIS2_PLACEMENT_3D('',#8512,#8513,#8514);
#8512 = CARTESIAN_POINT('',(-12.,-82.,7.));
#8513 = DIRECTION('',(0.,0.,1.));
#8514 = DIRECTION('',(1.,0.,0.));
#8515 = ADVANCED_FACE('',(#8516),#8534,.T.);
#8516 = FACE_BOUND('',#8517,.T.);
#8517 = EDGE_LOOP('',(#8518,#8526,#8527,#8528));
#8518 = ORIENTED_EDGE('',*,*,#8519,.F.);
#8519 = EDGE_CURVE('',#8435,#8520,#8522,.T.);
#8520 = VERTEX_POINT('',#8521);
#8521 = CARTESIAN_POINT('',(12.,-72.,2.));
#8522 = LINE('',#8523,#8524);
#8523 = CARTESIAN_POINT('',(-12.,-72.,2.));
#8524 = VECTOR('',#8525,1.);
#8525 = DIRECTION('',(1.,0.,0.));
#8526 = ORIENTED_EDGE('',*,*,#8442,.T.);
#8527 = ORIENTED_EDGE('',*,*,#8505,.T.);
#8528 = ORIENTED_EDGE('',*,*,#8529,.F.);
#8529 = EDGE_CURVE('',#8520,#8498,#8530,.T.);
#8530 = LINE('',#8531,#8532);
#8531 = CARTESIAN_POINT('',(12.,-72.,2.));
#8532 = VECTOR('',#8533,1.);
#8533 = DIRECTION('',(0.,0.,1.));
#8534 = PLANE('',#8535);
#8535 = AXIS2_PLACEMENT_3D('',#8536,#8537,#8538);
#8536 = CARTESIAN_POINT('',(-12.,-72.,2.));
#8537 = DIRECTION('',(0.,1.,0.));
#8538 = DIRECTION('',(0.,0.,1.));
#8539 = ADVANCED_FACE('',(#8540),#8551,.F.);
#8540 = FACE_BOUND('',#8541,.F.);
#8541 = EDGE_LOOP('',(#8542,#8543,#8544,#8550));
#8542 = ORIENTED_EDGE('',*,*,#8434,.F.);
#8543 = ORIENTED_EDGE('',*,*,#8464,.T.);
#8544 = ORIENTED_EDGE('',*,*,#8545,.T.);
#8545 = EDGE_CURVE('',#8465,#8520,#8546,.T.);
#8546 = LINE('',#8547,#8548);
#8547 = CARTESIAN_POINT('',(12.,-82.,2.));
#8548 = VECTOR('',#8549,1.);
#8549 = DIRECTION('',(0.,1.,0.));
#8550 = ORIENTED_EDGE('',*,*,#8519,.F.);
#8551 = PLANE('',#8552);
#8552 = AXIS2_PLACEMENT_3D('',#8553,#8554,#8555);
#8553 = CARTESIAN_POINT('',(-12.,-82.,2.));
#8554 = DIRECTION('',(0.,0.,1.));
#8555 = DIRECTION('',(1.,0.,0.));
#8556 = ADVANCED_FACE('',(#8557),#8563,.T.);
#8557 = FACE_BOUND('',#8558,.T.);
#8558 = EDGE_LOOP('',(#8559,#8560,#8561,#8562));
#8559 = ORIENTED_EDGE('',*,*,#8481,.F.);
#8560 = ORIENTED_EDGE('',*,*,#8545,.T.);
#8561 = ORIENTED_EDGE('',*,*,#8529,.T.);
#8562 = ORIENTED_EDGE('',*,*,#8497,.F.);
#8563 = PLANE('',#8564);
#8564 = AXIS2_PLACEMENT_3D('',#8565,#8566,#8567);
#8565 = CARTESIAN_POINT('',(12.,-82.,2.));
#8566 = DIRECTION('',(1.,0.,0.));
#8567 = DIRECTION('',(0.,0.,1.));
#8568 = MANIFOLD_SOLID_BREP('',#8569);
#8569 = CLOSED_SHELL('',(#8570,#8610,#8641,#8665,#8689,#8706));
#8570 = ADVANCED_FACE('',(#8571),#8605,.F.);
#8571 = FACE_BOUND('',#8572,.F.);
#8572 = EDGE_LOOP('',(#8573,#8583,#8591,#8599));
#8573 = ORIENTED_EDGE('',*,*,#8574,.F.);
#8574 = EDGE_CURVE('',#8575,#8577,#8579,.T.);
#8575 = VERTEX_POINT('',#8576);
#8576 = CARTESIAN_POINT('',(-12.,-72.,7.));
#8577 = VERTEX_POINT('',#8578);
#8578 = CARTESIAN_POINT('',(12.,-72.,7.));
#8579 = LINE('',#8580,#8581);
#8580 = CARTESIAN_POINT('',(-12.,-72.,7.));
#8581 = VECTOR('',#8582,1.);
#8582 = DIRECTION('',(1.,0.,0.));
#8583 = ORIENTED_EDGE('',*,*,#8584,.T.);
#8584 = EDGE_CURVE('',#8575,#8585,#8587,.T.);
#8585 = VERTEX_POINT('',#8586);
#8586 = CARTESIAN_POINT('',(-12.,-72.,45.));
#8587 = LINE('',#8588,#8589);
#8588 = CARTESIAN_POINT('',(-12.,-72.,7.));
#8589 = VECTOR('',#8590,1.);
#8590 = DIRECTION('',(0.,0.,1.));
#8591 = ORIENTED_EDGE('',*,*,#8592,.T.);
#8592 = EDGE_CURVE('',#8585,#8593,#8595,.T.);
#8593 = VERTEX_POINT('',#8594);
#8594 = CARTESIAN_POINT('',(12.,-72.,45.));
#8595 = LINE('',#8596,#8597);
#8596 = CARTESIAN_POINT('',(-12.,-72.,45.));
#8597 = VECTOR('',#8598,1.);
#8598 = DIRECTION('',(1.,0.,0.));
#8599 = ORIENTED_EDGE('',*,*,#8600,.F.);
#8600 = EDGE_CURVE('',#8577,#8593,#8601,.T.);
#8601 = LINE('',#8602,#8603);
#8602 = CARTESIAN_POINT('',(12.,-72.,7.));
#8603 = VECTOR('',#8604,1.);
#8604 = DIRECTION('',(0.,0.,1.));
#8605 = PLANE('',#8606);
#8606 = AXIS2_PLACEMENT_3D('',#8607,#8608,#8609);
#8607 = CARTESIAN_POINT('',(-12.,-72.,7.));
#8608 = DIRECTION('',(0.,1.,0.));
#8609 = DIRECTION('',(0.,0.,1.));
#8610 = ADVANCED_FACE('',(#8611),#8636,.F.);
#8611 = FACE_BOUND('',#8612,.F.);
#8612 = EDGE_LOOP('',(#8613,#8621,#8622,#8630));
#8613 = ORIENTED_EDGE('',*,*,#8614,.F.);
#8614 = EDGE_CURVE('',#8575,#8615,#8617,.T.);
#8615 = VERTEX_POINT('',#8616);
#8616 = CARTESIAN_POINT('',(-12.,-67.,7.));
#8617 = LINE('',#8618,#8619);
#8618 = CARTESIAN_POINT('',(-12.,-72.,7.));
#8619 = VECTOR('',#8620,1.);
#8620 = DIRECTION('',(0.,1.,0.));
#8621 = ORIENTED_EDGE('',*,*,#8574,.T.);
#8622 = ORIENTED_EDGE('',*,*,#8623,.T.);
#8623 = EDGE_CURVE('',#8577,#8624,#8626,.T.);
#8624 = VERTEX_POINT('',#8625);
#8625 = CARTESIAN_POINT('',(12.,-67.,7.));
#8626 = LINE('',#8627,#8628);
#8627 = CARTESIAN_POINT('',(12.,-72.,7.));
#8628 = VECTOR('',#8629,1.);
#8629 = DIRECTION('',(0.,1.,0.));
#8630 = ORIENTED_EDGE('',*,*,#8631,.F.);
#8631 = EDGE_CURVE('',#8615,#8624,#8632,.T.);
#8632 = LINE('',#8633,#8634);
#8633 = CARTESIAN_POINT('',(-12.,-67.,7.));
#8634 = VECTOR('',#8635,1.);
#8635 = DIRECTION('',(1.,0.,0.));
#8636 = PLANE('',#8637);
#8637 = AXIS2_PLACEMENT_3D('',#8638,#8639,#8640);
#8638 = CARTESIAN_POINT('',(-12.,-72.,7.));
#8639 = DIRECTION('',(0.,0.,1.));
#8640 = DIRECTION('',(1.,0.,0.));
#8641 = ADVANCED_FACE('',(#8642),#8660,.T.);
#8642 = FACE_BOUND('',#8643,.T.);
#8643 = EDGE_LOOP('',(#8644,#8645,#8646,#8654));
#8644 = ORIENTED_EDGE('',*,*,#8600,.F.);
#8645 = ORIENTED_EDGE('',*,*,#8623,.T.);
#8646 = ORIENTED_EDGE('',*,*,#8647,.T.);
#8647 = EDGE_CURVE('',#8624,#8648,#8650,.T.);
#8648 = VERTEX_POINT('',#8649);
#8649 = CARTESIAN_POINT('',(12.,-67.,45.));
#8650 = LINE('',#8651,#8652);
#8651 = CARTESIAN_POINT('',(12.,-67.,7.));
#8652 = VECTOR('',#8653,1.);
#8653 = DIRECTION('',(0.,0.,1.));
#8654 = ORIENTED_EDGE('',*,*,#8655,.F.);
#8655 = EDGE_CURVE('',#8593,#8648,#8656,.T.);
#8656 = LINE('',#8657,#8658);
#8657 = CARTESIAN_POINT('',(12.,-72.,45.));
#8658 = VECTOR('',#8659,1.);
#8659 = DIRECTION('',(0.,1.,0.));
#8660 = PLANE('',#8661);
#8661 = AXIS2_PLACEMENT_3D('',#8662,#8663,#8664);
#8662 = CARTESIAN_POINT('',(12.,-72.,7.));
#8663 = DIRECTION('',(1.,0.,0.));
#8664 = DIRECTION('',(0.,0.,1.));
#8665 = ADVANCED_FACE('',(#8666),#8684,.T.);
#8666 = FACE_BOUND('',#8667,.T.);
#8667 = EDGE_LOOP('',(#8668,#8676,#8677,#8678));
#8668 = ORIENTED_EDGE('',*,*,#8669,.F.);
#8669 = EDGE_CURVE('',#8585,#8670,#8672,.T.);
#8670 = VERTEX_POINT('',#8671);
#8671 = CARTESIAN_POINT('',(-12.,-67.,45.));
#8672 = LINE('',#8673,#8674);
#8673 = CARTESIAN_POINT('',(-12.,-72.,45.));
#8674 = VECTOR('',#8675,1.);
#8675 = DIRECTION('',(0.,1.,0.));
#8676 = ORIENTED_EDGE('',*,*,#8592,.T.);
#8677 = ORIENTED_EDGE('',*,*,#8655,.T.);
#8678 = ORIENTED_EDGE('',*,*,#8679,.F.);
#8679 = EDGE_CURVE('',#8670,#8648,#8680,.T.);
#8680 = LINE('',#8681,#8682);
#8681 = CARTESIAN_POINT('',(-12.,-67.,45.));
#8682 = VECTOR('',#8683,1.);
#8683 = DIRECTION('',(1.,0.,0.));
#8684 = PLANE('',#8685);
#8685 = AXIS2_PLACEMENT_3D('',#8686,#8687,#8688);
#8686 = CARTESIAN_POINT('',(-12.,-72.,45.));
#8687 = DIRECTION('',(0.,0.,1.));
#8688 = DIRECTION('',(1.,0.,0.));
#8689 = ADVANCED_FACE('',(#8690),#8701,.F.);
#8690 = FACE_BOUND('',#8691,.F.);
#8691 = EDGE_LOOP('',(#8692,#8693,#8694,#8700));
#8692 = ORIENTED_EDGE('',*,*,#8584,.F.);
#8693 = ORIENTED_EDGE('',*,*,#8614,.T.);
#8694 = ORIENTED_EDGE('',*,*,#8695,.T.);
#8695 = EDGE_CURVE('',#8615,#8670,#8696,.T.);
#8696 = LINE('',#8697,#8698);
#8697 = CARTESIAN_POINT('',(-12.,-67.,7.));
#8698 = VECTOR('',#8699,1.);
#8699 = DIRECTION('',(0.,0.,1.));
#8700 = ORIENTED_EDGE('',*,*,#8669,.F.);
#8701 = PLANE('',#8702);
#8702 = AXIS2_PLACEMENT_3D('',#8703,#8704,#8705);
#8703 = CARTESIAN_POINT('',(-12.,-72.,7.));
#8704 = DIRECTION('',(1.,0.,0.));
#8705 = DIRECTION('',(0.,0.,1.));
#8706 = ADVANCED_FACE('',(#8707),#8713,.T.);
#8707 = FACE_BOUND('',#8708,.T.);
#8708 = EDGE_LOOP('',(#8709,#8710,#8711,#8712));
#8709 = ORIENTED_EDGE('',*,*,#8631,.F.);
#8710 = ORIENTED_EDGE('',*,*,#8695,.T.);
#8711 = ORIENTED_EDGE('',*,*,#8679,.T.);
#8712 = ORIENTED_EDGE('',*,*,#8647,.F.);
#8713 = PLANE('',#8714);
#8714 = AXIS2_PLACEMENT_3D('',#8715,#8716,#8717);
#8715 = CARTESIAN_POINT('',(-12.,-67.,7.));
#8716 = DIRECTION('',(0.,1.,0.));
#8717 = DIRECTION('',(0.,0.,1.));
#8718 = MANIFOLD_SOLID_BREP('',#8719);
#8719 = CLOSED_SHELL('',(#8720,#8760,#8927,#8974,#9070,#9110,#9134,#9158
    ,#9182,#9199,#9223,#9240,#9252,#9274,#9291,#9308,#9320,#9342,#9359,
    #9376,#9388,#9400));
#8720 = ADVANCED_FACE('',(#8721),#8755,.F.);
#8721 = FACE_BOUND('',#8722,.F.);
#8722 = EDGE_LOOP('',(#8723,#8733,#8741,#8749));
#8723 = ORIENTED_EDGE('',*,*,#8724,.F.);
#8724 = EDGE_CURVE('',#8725,#8727,#8729,.T.);
#8725 = VERTEX_POINT('',#8726);
#8726 = CARTESIAN_POINT('',(-21.,38.,38.));
#8727 = VERTEX_POINT('',#8728);
#8728 = CARTESIAN_POINT('',(21.,38.,38.));
#8729 = LINE('',#8730,#8731);
#8730 = CARTESIAN_POINT('',(-21.,38.,38.));
#8731 = VECTOR('',#8732,1.);
#8732 = DIRECTION('',(1.,0.,0.));
#8733 = ORIENTED_EDGE('',*,*,#8734,.T.);
#8734 = EDGE_CURVE('',#8725,#8735,#8737,.T.);
#8735 = VERTEX_POINT('',#8736);
#8736 = CARTESIAN_POINT('',(-21.,38.,42.));
#8737 = LINE('',#8738,#8739);
#8738 = CARTESIAN_POINT('',(-21.,38.,38.));
#8739 = VECTOR('',#8740,1.);
#8740 = DIRECTION('',(0.,0.,1.));
#8741 = ORIENTED_EDGE('',*,*,#8742,.T.);
#8742 = EDGE_CURVE('',#8735,#8743,#8745,.T.);
#8743 = VERTEX_POINT('',#8744);
#8744 = CARTESIAN_POINT('',(21.,38.,42.));
#8745 = LINE('',#8746,#8747);
#8746 = CARTESIAN_POINT('',(-21.,38.,42.));
#8747 = VECTOR('',#8748,1.);
#8748 = DIRECTION('',(1.,0.,0.));
#8749 = ORIENTED_EDGE('',*,*,#8750,.F.);
#8750 = EDGE_CURVE('',#8727,#8743,#8751,.T.);
#8751 = LINE('',#8752,#8753);
#8752 = CARTESIAN_POINT('',(21.,38.,38.));
#8753 = VECTOR('',#8754,1.);
#8754 = DIRECTION('',(0.,0.,1.));
#8755 = PLANE('',#8756);
#8756 = AXIS2_PLACEMENT_3D('',#8757,#8758,#8759);
#8757 = CARTESIAN_POINT('',(-21.,38.,38.));
#8758 = DIRECTION('',(0.,1.,0.));
#8759 = DIRECTION('',(0.,0.,1.));
#8760 = ADVANCED_FACE('',(#8761,#8850,#8886),#8922,.F.);
#8761 = FACE_BOUND('',#8762,.F.);
#8762 = EDGE_LOOP('',(#8763,#8771,#8772,#8780,#8788,#8796,#8804,#8812,
    #8820,#8828,#8836,#8844));
#8763 = ORIENTED_EDGE('',*,*,#8764,.F.);
#8764 = EDGE_CURVE('',#8725,#8765,#8767,.T.);
#8765 = VERTEX_POINT('',#8766);
#8766 = CARTESIAN_POINT('',(-21.,43.,38.));
#8767 = LINE('',#8768,#8769);
#8768 = CARTESIAN_POINT('',(-21.,38.,38.));
#8769 = VECTOR('',#8770,1.);
#8770 = DIRECTION('',(0.,1.,0.));
#8771 = ORIENTED_EDGE('',*,*,#8724,.T.);
#8772 = ORIENTED_EDGE('',*,*,#8773,.T.);
#8773 = EDGE_CURVE('',#8727,#8774,#8776,.T.);
#8774 = VERTEX_POINT('',#8775);
#8775 = CARTESIAN_POINT('',(21.,43.,38.));
#8776 = LINE('',#8777,#8778);
#8777 = CARTESIAN_POINT('',(21.,38.,38.));
#8778 = VECTOR('',#8779,1.);
#8779 = DIRECTION('',(0.,1.,0.));
#8780 = ORIENTED_EDGE('',*,*,#8781,.F.);
#8781 = EDGE_CURVE('',#8782,#8774,#8784,.T.);
#8782 = VERTEX_POINT('',#8783);
#8783 = CARTESIAN_POINT('',(17.,43.,38.));
#8784 = LINE('',#8785,#8786);
#8785 = CARTESIAN_POINT('',(17.,43.,38.));
#8786 = VECTOR('',#8787,1.);
#8787 = DIRECTION('',(1.,0.,0.));
#8788 = ORIENTED_EDGE('',*,*,#8789,.T.);
#8789 = EDGE_CURVE('',#8782,#8790,#8792,.T.);
#8790 = VERTEX_POINT('',#8791);
#8791 = CARTESIAN_POINT('',(17.,67.,38.));
#8792 = LINE('',#8793,#8794);
#8793 = CARTESIAN_POINT('',(17.,43.,38.));
#8794 = VECTOR('',#8795,1.);
#8795 = DIRECTION('',(0.,1.,0.));
#8796 = ORIENTED_EDGE('',*,*,#8797,.T.);
#8797 = EDGE_CURVE('',#8790,#8798,#8800,.T.);
#8798 = VERTEX_POINT('',#8799);
#8799 = CARTESIAN_POINT('',(21.,67.,38.));
#8800 = LINE('',#8801,#8802);
#8801 = CARTESIAN_POINT('',(17.,67.,38.));
#8802 = VECTOR('',#8803,1.);
#8803 = DIRECTION('',(1.,0.,0.));
#8804 = ORIENTED_EDGE('',*,*,#8805,.T.);
#8805 = EDGE_CURVE('',#8798,#8806,#8808,.T.);
#8806 = VERTEX_POINT('',#8807);
#8807 = CARTESIAN_POINT('',(21.,72.,38.));
#8808 = LINE('',#8809,#8810);
#8809 = CARTESIAN_POINT('',(21.,38.,38.));
#8810 = VECTOR('',#8811,1.);
#8811 = DIRECTION('',(0.,1.,0.));
#8812 = ORIENTED_EDGE('',*,*,#8813,.F.);
#8813 = EDGE_CURVE('',#8814,#8806,#8816,.T.);
#8814 = VERTEX_POINT('',#8815);
#8815 = CARTESIAN_POINT('',(-21.,72.,38.));
#8816 = LINE('',#8817,#8818);
#8817 = CARTESIAN_POINT('',(-21.,72.,38.));
#8818 = VECTOR('',#8819,1.);
#8819 = DIRECTION('',(1.,0.,0.));
#8820 = ORIENTED_EDGE('',*,*,#8821,.F.);
#8821 = EDGE_CURVE('',#8822,#8814,#8824,.T.);
#8822 = VERTEX_POINT('',#8823);
#8823 = CARTESIAN_POINT('',(-21.,67.,38.));
#8824 = LINE('',#8825,#8826);
#8825 = CARTESIAN_POINT('',(-21.,38.,38.));
#8826 = VECTOR('',#8827,1.);
#8827 = DIRECTION('',(0.,1.,0.));
#8828 = ORIENTED_EDGE('',*,*,#8829,.T.);
#8829 = EDGE_CURVE('',#8822,#8830,#8832,.T.);
#8830 = VERTEX_POINT('',#8831);
#8831 = CARTESIAN_POINT('',(-17.,67.,38.));
#8832 = LINE('',#8833,#8834);
#8833 = CARTESIAN_POINT('',(-21.,67.,38.));
#8834 = VECTOR('',#8835,1.);
#8835 = DIRECTION('',(1.,0.,0.));
#8836 = ORIENTED_EDGE('',*,*,#8837,.F.);
#8837 = EDGE_CURVE('',#8838,#8830,#8840,.T.);
#8838 = VERTEX_POINT('',#8839);
#8839 = CARTESIAN_POINT('',(-17.,43.,38.));
#8840 = LINE('',#8841,#8842);
#8841 = CARTESIAN_POINT('',(-17.,43.,38.));
#8842 = VECTOR('',#8843,1.);
#8843 = DIRECTION('',(0.,1.,0.));
#8844 = ORIENTED_EDGE('',*,*,#8845,.F.);
#8845 = EDGE_CURVE('',#8765,#8838,#8846,.T.);
#8846 = LINE('',#8847,#8848);
#8847 = CARTESIAN_POINT('',(-21.,43.,38.));
#8848 = VECTOR('',#8849,1.);
#8849 = DIRECTION('',(1.,0.,0.));
#8850 = FACE_BOUND('',#8851,.F.);
#8851 = EDGE_LOOP('',(#8852,#8863,#8871,#8880));
#8852 = ORIENTED_EDGE('',*,*,#8853,.F.);
#8853 = EDGE_CURVE('',#8854,#8856,#8858,.T.);
#8854 = VERTEX_POINT('',#8855);
#8855 = CARTESIAN_POINT('',(-13.9,47.9,38.));
#8856 = VERTEX_POINT('',#8857);
#8857 = CARTESIAN_POINT('',(-10.1,47.9,38.));
#8858 = CIRCLE('',#8859,1.9);
#8859 = AXIS2_PLACEMENT_3D('',#8860,#8861,#8862);
#8860 = CARTESIAN_POINT('',(-12.,47.9,38.));
#8861 = DIRECTION('',(0.,0.,1.));
#8862 = DIRECTION('',(1.,0.,0.));
#8863 = ORIENTED_EDGE('',*,*,#8864,.T.);
#8864 = EDGE_CURVE('',#8854,#8865,#8867,.T.);
#8865 = VERTEX_POINT('',#8866);
#8866 = CARTESIAN_POINT('',(-13.9,60.1,38.));
#8867 = LINE('',#8868,#8869);
#8868 = CARTESIAN_POINT('',(-13.9,42.95,38.));
#8869 = VECTOR('',#8870,1.);
#8870 = DIRECTION('',(0.,1.,0.));
#8871 = ORIENTED_EDGE('',*,*,#8872,.F.);
#8872 = EDGE_CURVE('',#8873,#8865,#8875,.T.);
#8873 = VERTEX_POINT('',#8874);
#8874 = CARTESIAN_POINT('',(-10.1,60.1,38.));
#8875 = CIRCLE('',#8876,1.9);
#8876 = AXIS2_PLACEMENT_3D('',#8877,#8878,#8879);
#8877 = CARTESIAN_POINT('',(-12.,60.1,38.));
#8878 = DIRECTION('',(0.,0.,1.));
#8879 = DIRECTION('',(1.,0.,0.));
#8880 = ORIENTED_EDGE('',*,*,#8881,.F.);
#8881 = EDGE_CURVE('',#8856,#8873,#8882,.T.);
#8882 = LINE('',#8883,#8884);
#8883 = CARTESIAN_POINT('',(-10.1,42.95,38.));
#8884 = VECTOR('',#8885,1.);
#8885 = DIRECTION('',(0.,1.,0.));
#8886 = FACE_BOUND('',#8887,.F.);
#8887 = EDGE_LOOP('',(#8888,#8899,#8907,#8916));
#8888 = ORIENTED_EDGE('',*,*,#8889,.F.);
#8889 = EDGE_CURVE('',#8890,#8892,#8894,.T.);
#8890 = VERTEX_POINT('',#8891);
#8891 = CARTESIAN_POINT('',(10.1,47.9,38.));
#8892 = VERTEX_POINT('',#8893);
#8893 = CARTESIAN_POINT('',(13.9,47.9,38.));
#8894 = CIRCLE('',#8895,1.9);
#8895 = AXIS2_PLACEMENT_3D('',#8896,#8897,#8898);
#8896 = CARTESIAN_POINT('',(12.,47.9,38.));
#8897 = DIRECTION('',(0.,0.,1.));
#8898 = DIRECTION('',(1.,0.,0.));
#8899 = ORIENTED_EDGE('',*,*,#8900,.T.);
#8900 = EDGE_CURVE('',#8890,#8901,#8903,.T.);
#8901 = VERTEX_POINT('',#8902);
#8902 = CARTESIAN_POINT('',(10.1,60.1,38.));
#8903 = LINE('',#8904,#8905);
#8904 = CARTESIAN_POINT('',(10.1,42.95,38.));
#8905 = VECTOR('',#8906,1.);
#8906 = DIRECTION('',(0.,1.,0.));
#8907 = ORIENTED_EDGE('',*,*,#8908,.F.);
#8908 = EDGE_CURVE('',#8909,#8901,#8911,.T.);
#8909 = VERTEX_POINT('',#8910);
#8910 = CARTESIAN_POINT('',(13.9,60.1,38.));
#8911 = CIRCLE('',#8912,1.9);
#8912 = AXIS2_PLACEMENT_3D('',#8913,#8914,#8915);
#8913 = CARTESIAN_POINT('',(12.,60.1,38.));
#8914 = DIRECTION('',(0.,0.,1.));
#8915 = DIRECTION('',(1.,0.,0.));
#8916 = ORIENTED_EDGE('',*,*,#8917,.F.);
#8917 = EDGE_CURVE('',#8892,#8909,#8918,.T.);
#8918 = LINE('',#8919,#8920);
#8919 = CARTESIAN_POINT('',(13.9,42.95,38.));
#8920 = VECTOR('',#8921,1.);
#8921 = DIRECTION('',(0.,1.,0.));
#8922 = PLANE('',#8923);
#8923 = AXIS2_PLACEMENT_3D('',#8924,#8925,#8926);
#8924 = CARTESIAN_POINT('',(-21.,38.,38.));
#8925 = DIRECTION('',(0.,0.,1.));
#8926 = DIRECTION('',(1.,0.,0.));
#8927 = ADVANCED_FACE('',(#8928),#8969,.T.);
#8928 = FACE_BOUND('',#8929,.T.);
#8929 = EDGE_LOOP('',(#8930,#8931,#8932,#8940,#8948,#8954,#8955,#8963));
#8930 = ORIENTED_EDGE('',*,*,#8750,.F.);
#8931 = ORIENTED_EDGE('',*,*,#8773,.T.);
#8932 = ORIENTED_EDGE('',*,*,#8933,.F.);
#8933 = EDGE_CURVE('',#8934,#8774,#8936,.T.);
#8934 = VERTEX_POINT('',#8935);
#8935 = CARTESIAN_POINT('',(21.,43.,20.));
#8936 = LINE('',#8937,#8938);
#8937 = CARTESIAN_POINT('',(21.,43.,20.));
#8938 = VECTOR('',#8939,1.);
#8939 = DIRECTION('',(0.,0.,1.));
#8940 = ORIENTED_EDGE('',*,*,#8941,.T.);
#8941 = EDGE_CURVE('',#8934,#8942,#8944,.T.);
#8942 = VERTEX_POINT('',#8943);
#8943 = CARTESIAN_POINT('',(21.,67.,20.));
#8944 = LINE('',#8945,#8946);
#8945 = CARTESIAN_POINT('',(21.,43.,20.));
#8946 = VECTOR('',#8947,1.);
#8947 = DIRECTION('',(0.,1.,0.));
#8948 = ORIENTED_EDGE('',*,*,#8949,.T.);
#8949 = EDGE_CURVE('',#8942,#8798,#8950,.T.);
#8950 = LINE('',#8951,#8952);
#8951 = CARTESIAN_POINT('',(21.,67.,20.));
#8952 = VECTOR('',#8953,1.);
#8953 = DIRECTION('',(0.,0.,1.));
#8954 = ORIENTED_EDGE('',*,*,#8805,.T.);
#8955 = ORIENTED_EDGE('',*,*,#8956,.T.);
#8956 = EDGE_CURVE('',#8806,#8957,#8959,.T.);
#8957 = VERTEX_POINT('',#8958);
#8958 = CARTESIAN_POINT('',(21.,72.,42.));
#8959 = LINE('',#8960,#8961);
#8960 = CARTESIAN_POINT('',(21.,72.,38.));
#8961 = VECTOR('',#8962,1.);
#8962 = DIRECTION('',(0.,0.,1.));
#8963 = ORIENTED_EDGE('',*,*,#8964,.F.);
#8964 = EDGE_CURVE('',#8743,#8957,#8965,.T.);
#8965 = LINE('',#8966,#8967);
#8966 = CARTESIAN_POINT('',(21.,38.,42.));
#8967 = VECTOR('',#8968,1.);
#8968 = DIRECTION('',(0.,1.,0.));
#8969 = PLANE('',#8970);
#8970 = AXIS2_PLACEMENT_3D('',#8971,#8972,#8973);
#8971 = CARTESIAN_POINT('',(21.,55.,32.607142857143));
#8972 = DIRECTION('',(1.,0.,0.));
#8973 = DIRECTION('',(0.,0.,1.));
#8974 = ADVANCED_FACE('',(#8975,#8993,#9029),#9065,.T.);
#8975 = FACE_BOUND('',#8976,.T.);
#8976 = EDGE_LOOP('',(#8977,#8985,#8986,#8987));
#8977 = ORIENTED_EDGE('',*,*,#8978,.F.);
#8978 = EDGE_CURVE('',#8735,#8979,#8981,.T.);
#8979 = VERTEX_POINT('',#8980);
#8980 = CARTESIAN_POINT('',(-21.,72.,42.));
#8981 = LINE('',#8982,#8983);
#8982 = CARTESIAN_POINT('',(-21.,38.,42.));
#8983 = VECTOR('',#8984,1.);
#8984 = DIRECTION('',(0.,1.,0.));
#8985 = ORIENTED_EDGE('',*,*,#8742,.T.);
#8986 = ORIENTED_EDGE('',*,*,#8964,.T.);
#8987 = ORIENTED_EDGE('',*,*,#8988,.F.);
#8988 = EDGE_CURVE('',#8979,#8957,#8989,.T.);
#8989 = LINE('',#8990,#8991);
#8990 = CARTESIAN_POINT('',(-21.,72.,42.));
#8991 = VECTOR('',#8992,1.);
#8992 = DIRECTION('',(1.,0.,0.));
#8993 = FACE_BOUND('',#8994,.T.);
#8994 = EDGE_LOOP('',(#8995,#9006,#9014,#9023));
#8995 = ORIENTED_EDGE('',*,*,#8996,.F.);
#8996 = EDGE_CURVE('',#8997,#8999,#9001,.T.);
#8997 = VERTEX_POINT('',#8998);
#8998 = CARTESIAN_POINT('',(-13.9,47.9,42.));
#8999 = VERTEX_POINT('',#9000);
#9000 = CARTESIAN_POINT('',(-10.1,47.9,42.));
#9001 = CIRCLE('',#9002,1.9);
#9002 = AXIS2_PLACEMENT_3D('',#9003,#9004,#9005);
#9003 = CARTESIAN_POINT('',(-12.,47.9,42.));
#9004 = DIRECTION('',(0.,0.,1.));
#9005 = DIRECTION('',(1.,0.,0.));
#9006 = ORIENTED_EDGE('',*,*,#9007,.T.);
#9007 = EDGE_CURVE('',#8997,#9008,#9010,.T.);
#9008 = VERTEX_POINT('',#9009);
#9009 = CARTESIAN_POINT('',(-13.9,60.1,42.));
#9010 = LINE('',#9011,#9012);
#9011 = CARTESIAN_POINT('',(-13.9,42.95,42.));
#9012 = VECTOR('',#9013,1.);
#9013 = DIRECTION('',(0.,1.,0.));
#9014 = ORIENTED_EDGE('',*,*,#9015,.F.);
#9015 = EDGE_CURVE('',#9016,#9008,#9018,.T.);
#9016 = VERTEX_POINT('',#9017);
#9017 = CARTESIAN_POINT('',(-10.1,60.1,42.));
#9018 = CIRCLE('',#9019,1.9);
#9019 = AXIS2_PLACEMENT_3D('',#9020,#9021,#9022);
#9020 = CARTESIAN_POINT('',(-12.,60.1,42.));
#9021 = DIRECTION('',(0.,0.,1.));
#9022 = DIRECTION('',(1.,0.,0.));
#9023 = ORIENTED_EDGE('',*,*,#9024,.F.);
#9024 = EDGE_CURVE('',#8999,#9016,#9025,.T.);
#9025 = LINE('',#9026,#9027);
#9026 = CARTESIAN_POINT('',(-10.1,42.95,42.));
#9027 = VECTOR('',#9028,1.);
#9028 = DIRECTION('',(0.,1.,0.));
#9029 = FACE_BOUND('',#9030,.T.);
#9030 = EDGE_LOOP('',(#9031,#9042,#9050,#9059));
#9031 = ORIENTED_EDGE('',*,*,#9032,.F.);
#9032 = EDGE_CURVE('',#9033,#9035,#9037,.T.);
#9033 = VERTEX_POINT('',#9034);
#9034 = CARTESIAN_POINT('',(10.1,47.9,42.));
#9035 = VERTEX_POINT('',#9036);
#9036 = CARTESIAN_POINT('',(13.9,47.9,42.));
#9037 = CIRCLE('',#9038,1.9);
#9038 = AXIS2_PLACEMENT_3D('',#9039,#9040,#9041);
#9039 = CARTESIAN_POINT('',(12.,47.9,42.));
#9040 = DIRECTION('',(0.,0.,1.));
#9041 = DIRECTION('',(1.,0.,0.));
#9042 = ORIENTED_EDGE('',*,*,#9043,.T.);
#9043 = EDGE_CURVE('',#9033,#9044,#9046,.T.);
#9044 = VERTEX_POINT('',#9045);
#9045 = CARTESIAN_POINT('',(10.1,60.1,42.));
#9046 = LINE('',#9047,#9048);
#9047 = CARTESIAN_POINT('',(10.1,42.95,42.));
#9048 = VECTOR('',#9049,1.);
#9049 = DIRECTION('',(0.,1.,0.));
#9050 = ORIENTED_EDGE('',*,*,#9051,.F.);
#9051 = EDGE_CURVE('',#9052,#9044,#9054,.T.);
#9052 = VERTEX_POINT('',#9053);
#9053 = CARTESIAN_POINT('',(13.9,60.1,42.));
#9054 = CIRCLE('',#9055,1.9);
#9055 = AXIS2_PLACEMENT_3D('',#9056,#9057,#9058);
#9056 = CARTESIAN_POINT('',(12.,60.1,42.));
#9057 = DIRECTION('',(0.,0.,1.));
#9058 = DIRECTION('',(1.,0.,0.));
#9059 = ORIENTED_EDGE('',*,*,#9060,.F.);
#9060 = EDGE_CURVE('',#9035,#9052,#9061,.T.);
#9061 = LINE('',#9062,#9063);
#9062 = CARTESIAN_POINT('',(13.9,42.95,42.));
#9063 = VECTOR('',#9064,1.);
#9064 = DIRECTION('',(0.,1.,0.));
#9065 = PLANE('',#9066);
#9066 = AXIS2_PLACEMENT_3D('',#9067,#9068,#9069);
#9067 = CARTESIAN_POINT('',(-21.,38.,42.));
#9068 = DIRECTION('',(0.,0.,1.));
#9069 = DIRECTION('',(1.,0.,0.));
#9070 = ADVANCED_FACE('',(#9071),#9105,.T.);
#9071 = FACE_BOUND('',#9072,.T.);
#9072 = EDGE_LOOP('',(#9073,#9074,#9075,#9081,#9082,#9090,#9098,#9104));
#9073 = ORIENTED_EDGE('',*,*,#8734,.T.);
#9074 = ORIENTED_EDGE('',*,*,#8978,.T.);
#9075 = ORIENTED_EDGE('',*,*,#9076,.F.);
#9076 = EDGE_CURVE('',#8814,#8979,#9077,.T.);
#9077 = LINE('',#9078,#9079);
#9078 = CARTESIAN_POINT('',(-21.,72.,38.));
#9079 = VECTOR('',#9080,1.);
#9080 = DIRECTION('',(0.,0.,1.));
#9081 = ORIENTED_EDGE('',*,*,#8821,.F.);
#9082 = ORIENTED_EDGE('',*,*,#9083,.F.);
#9083 = EDGE_CURVE('',#9084,#8822,#9086,.T.);
#9084 = VERTEX_POINT('',#9085);
#9085 = CARTESIAN_POINT('',(-21.,67.,20.));
#9086 = LINE('',#9087,#9088);
#9087 = CARTESIAN_POINT('',(-21.,67.,20.));
#9088 = VECTOR('',#9089,1.);
#9089 = DIRECTION('',(0.,0.,1.));
#9090 = ORIENTED_EDGE('',*,*,#9091,.F.);
#9091 = EDGE_CURVE('',#9092,#9084,#9094,.T.);
#9092 = VERTEX_POINT('',#9093);
#9093 = CARTESIAN_POINT('',(-21.,43.,20.));
#9094 = LINE('',#9095,#9096);
#9095 = CARTESIAN_POINT('',(-21.,43.,20.));
#9096 = VECTOR('',#9097,1.);
#9097 = DIRECTION('',(0.,1.,0.));
#9098 = ORIENTED_EDGE('',*,*,#9099,.T.);
#9099 = EDGE_CURVE('',#9092,#8765,#9100,.T.);
#9100 = LINE('',#9101,#9102);
#9101 = CARTESIAN_POINT('',(-21.,43.,20.));
#9102 = VECTOR('',#9103,1.);
#9103 = DIRECTION('',(0.,0.,1.));
#9104 = ORIENTED_EDGE('',*,*,#8764,.F.);
#9105 = PLANE('',#9106);
#9106 = AXIS2_PLACEMENT_3D('',#9107,#9108,#9109);
#9107 = CARTESIAN_POINT('',(-21.,55.,32.607142857143));
#9108 = DIRECTION('',(-1.,-0.,-0.));
#9109 = DIRECTION('',(0.,0.,-1.));
#9110 = ADVANCED_FACE('',(#9111),#9129,.F.);
#9111 = FACE_BOUND('',#9112,.F.);
#9112 = EDGE_LOOP('',(#9113,#9121,#9122,#9123));
#9113 = ORIENTED_EDGE('',*,*,#9114,.F.);
#9114 = EDGE_CURVE('',#9092,#9115,#9117,.T.);
#9115 = VERTEX_POINT('',#9116);
#9116 = CARTESIAN_POINT('',(-17.,43.,20.));
#9117 = LINE('',#9118,#9119);
#9118 = CARTESIAN_POINT('',(-21.,43.,20.));
#9119 = VECTOR('',#9120,1.);
#9120 = DIRECTION('',(1.,0.,0.));
#9121 = ORIENTED_EDGE('',*,*,#9099,.T.);
#9122 = ORIENTED_EDGE('',*,*,#8845,.T.);
#9123 = ORIENTED_EDGE('',*,*,#9124,.F.);
#9124 = EDGE_CURVE('',#9115,#8838,#9125,.T.);
#9125 = LINE('',#9126,#9127);
#9126 = CARTESIAN_POINT('',(-17.,43.,20.));
#9127 = VECTOR('',#9128,1.);
#9128 = DIRECTION('',(0.,0.,1.));
#9129 = PLANE('',#9130);
#9130 = AXIS2_PLACEMENT_3D('',#9131,#9132,#9133);
#9131 = CARTESIAN_POINT('',(-21.,43.,20.));
#9132 = DIRECTION('',(0.,1.,0.));
#9133 = DIRECTION('',(0.,0.,1.));
#9134 = ADVANCED_FACE('',(#9135),#9153,.T.);
#9135 = FACE_BOUND('',#9136,.T.);
#9136 = EDGE_LOOP('',(#9137,#9138,#9146,#9152));
#9137 = ORIENTED_EDGE('',*,*,#9124,.F.);
#9138 = ORIENTED_EDGE('',*,*,#9139,.T.);
#9139 = EDGE_CURVE('',#9115,#9140,#9142,.T.);
#9140 = VERTEX_POINT('',#9141);
#9141 = CARTESIAN_POINT('',(-17.,67.,20.));
#9142 = LINE('',#9143,#9144);
#9143 = CARTESIAN_POINT('',(-17.,43.,20.));
#9144 = VECTOR('',#9145,1.);
#9145 = DIRECTION('',(0.,1.,0.));
#9146 = ORIENTED_EDGE('',*,*,#9147,.T.);
#9147 = EDGE_CURVE('',#9140,#8830,#9148,.T.);
#9148 = LINE('',#9149,#9150);
#9149 = CARTESIAN_POINT('',(-17.,67.,20.));
#9150 = VECTOR('',#9151,1.);
#9151 = DIRECTION('',(0.,0.,1.));
#9152 = ORIENTED_EDGE('',*,*,#8837,.F.);
#9153 = PLANE('',#9154);
#9154 = AXIS2_PLACEMENT_3D('',#9155,#9156,#9157);
#9155 = CARTESIAN_POINT('',(-17.,43.,20.));
#9156 = DIRECTION('',(1.,0.,0.));
#9157 = DIRECTION('',(0.,0.,1.));
#9158 = ADVANCED_FACE('',(#9159),#9177,.F.);
#9159 = FACE_BOUND('',#9160,.F.);
#9160 = EDGE_LOOP('',(#9161,#9169,#9175,#9176));
#9161 = ORIENTED_EDGE('',*,*,#9162,.F.);
#9162 = EDGE_CURVE('',#9163,#8934,#9165,.T.);
#9163 = VERTEX_POINT('',#9164);
#9164 = CARTESIAN_POINT('',(17.,43.,20.));
#9165 = LINE('',#9166,#9167);
#9166 = CARTESIAN_POINT('',(17.,43.,20.));
#9167 = VECTOR('',#9168,1.);
#9168 = DIRECTION('',(1.,0.,0.));
#9169 = ORIENTED_EDGE('',*,*,#9170,.T.);
#9170 = EDGE_CURVE('',#9163,#8782,#9171,.T.);
#9171 = LINE('',#9172,#9173);
#9172 = CARTESIAN_POINT('',(17.,43.,20.));
#9173 = VECTOR('',#9174,1.);
#9174 = DIRECTION('',(0.,0.,1.));
#9175 = ORIENTED_EDGE('',*,*,#8781,.T.);
#9176 = ORIENTED_EDGE('',*,*,#8933,.F.);
#9177 = PLANE('',#9178);
#9178 = AXIS2_PLACEMENT_3D('',#9179,#9180,#9181);
#9179 = CARTESIAN_POINT('',(17.,43.,20.));
#9180 = DIRECTION('',(0.,1.,0.));
#9181 = DIRECTION('',(0.,0.,1.));
#9182 = ADVANCED_FACE('',(#9183),#9194,.T.);
#9183 = FACE_BOUND('',#9184,.T.);
#9184 = EDGE_LOOP('',(#9185,#9191,#9192,#9193));
#9185 = ORIENTED_EDGE('',*,*,#9186,.F.);
#9186 = EDGE_CURVE('',#9084,#9140,#9187,.T.);
#9187 = LINE('',#9188,#9189);
#9188 = CARTESIAN_POINT('',(-21.,67.,20.));
#9189 = VECTOR('',#9190,1.);
#9190 = DIRECTION('',(1.,0.,0.));
#9191 = ORIENTED_EDGE('',*,*,#9083,.T.);
#9192 = ORIENTED_EDGE('',*,*,#8829,.T.);
#9193 = ORIENTED_EDGE('',*,*,#9147,.F.);
#9194 = PLANE('',#9195);
#9195 = AXIS2_PLACEMENT_3D('',#9196,#9197,#9198);
#9196 = CARTESIAN_POINT('',(-21.,67.,20.));
#9197 = DIRECTION('',(0.,1.,0.));
#9198 = DIRECTION('',(0.,0.,1.));
#9199 = ADVANCED_FACE('',(#9200),#9218,.F.);
#9200 = FACE_BOUND('',#9201,.F.);
#9201 = EDGE_LOOP('',(#9202,#9203,#9211,#9217));
#9202 = ORIENTED_EDGE('',*,*,#9170,.F.);
#9203 = ORIENTED_EDGE('',*,*,#9204,.T.);
#9204 = EDGE_CURVE('',#9163,#9205,#9207,.T.);
#9205 = VERTEX_POINT('',#9206);
#9206 = CARTESIAN_POINT('',(17.,67.,20.));
#9207 = LINE('',#9208,#9209);
#9208 = CARTESIAN_POINT('',(17.,43.,20.));
#9209 = VECTOR('',#9210,1.);
#9210 = DIRECTION('',(0.,1.,0.));
#9211 = ORIENTED_EDGE('',*,*,#9212,.T.);
#9212 = EDGE_CURVE('',#9205,#8790,#9213,.T.);
#9213 = LINE('',#9214,#9215);
#9214 = CARTESIAN_POINT('',(17.,67.,20.));
#9215 = VECTOR('',#9216,1.);
#9216 = DIRECTION('',(0.,0.,1.));
#9217 = ORIENTED_EDGE('',*,*,#8789,.F.);
#9218 = PLANE('',#9219);
#9219 = AXIS2_PLACEMENT_3D('',#9220,#9221,#9222);
#9220 = CARTESIAN_POINT('',(17.,43.,20.));
#9221 = DIRECTION('',(1.,0.,0.));
#9222 = DIRECTION('',(0.,0.,1.));
#9223 = ADVANCED_FACE('',(#9224),#9235,.T.);
#9224 = FACE_BOUND('',#9225,.T.);
#9225 = EDGE_LOOP('',(#9226,#9232,#9233,#9234));
#9226 = ORIENTED_EDGE('',*,*,#9227,.F.);
#9227 = EDGE_CURVE('',#9205,#8942,#9228,.T.);
#9228 = LINE('',#9229,#9230);
#9229 = CARTESIAN_POINT('',(17.,67.,20.));
#9230 = VECTOR('',#9231,1.);
#9231 = DIRECTION('',(1.,0.,0.));
#9232 = ORIENTED_EDGE('',*,*,#9212,.T.);
#9233 = ORIENTED_EDGE('',*,*,#8797,.T.);
#9234 = ORIENTED_EDGE('',*,*,#8949,.F.);
#9235 = PLANE('',#9236);
#9236 = AXIS2_PLACEMENT_3D('',#9237,#9238,#9239);
#9237 = CARTESIAN_POINT('',(17.,67.,20.));
#9238 = DIRECTION('',(0.,1.,0.));
#9239 = DIRECTION('',(0.,0.,1.));
#9240 = ADVANCED_FACE('',(#9241),#9247,.T.);
#9241 = FACE_BOUND('',#9242,.T.);
#9242 = EDGE_LOOP('',(#9243,#9244,#9245,#9246));
#9243 = ORIENTED_EDGE('',*,*,#8813,.F.);
#9244 = ORIENTED_EDGE('',*,*,#9076,.T.);
#9245 = ORIENTED_EDGE('',*,*,#8988,.T.);
#9246 = ORIENTED_EDGE('',*,*,#8956,.F.);
#9247 = PLANE('',#9248);
#9248 = AXIS2_PLACEMENT_3D('',#9249,#9250,#9251);
#9249 = CARTESIAN_POINT('',(-21.,72.,38.));
#9250 = DIRECTION('',(0.,1.,0.));
#9251 = DIRECTION('',(0.,0.,1.));
#9252 = ADVANCED_FACE('',(#9253),#9269,.F.);
#9253 = FACE_BOUND('',#9254,.F.);
#9254 = EDGE_LOOP('',(#9255,#9256,#9262,#9263));
#9255 = ORIENTED_EDGE('',*,*,#8853,.T.);
#9256 = ORIENTED_EDGE('',*,*,#9257,.T.);
#9257 = EDGE_CURVE('',#8856,#8999,#9258,.T.);
#9258 = LINE('',#9259,#9260);
#9259 = CARTESIAN_POINT('',(-10.1,47.9,37.));
#9260 = VECTOR('',#9261,1.);
#9261 = DIRECTION('',(0.,0.,1.));
#9262 = ORIENTED_EDGE('',*,*,#8996,.F.);
#9263 = ORIENTED_EDGE('',*,*,#9264,.F.);
#9264 = EDGE_CURVE('',#8854,#8997,#9265,.T.);
#9265 = LINE('',#9266,#9267);
#9266 = CARTESIAN_POINT('',(-13.9,47.9,37.));
#9267 = VECTOR('',#9268,1.);
#9268 = DIRECTION('',(0.,0.,1.));
#9269 = CYLINDRICAL_SURFACE('',#9270,1.9);
#9270 = AXIS2_PLACEMENT_3D('',#9271,#9272,#9273);
#9271 = CARTESIAN_POINT('',(-12.,47.9,37.));
#9272 = DIRECTION('',(0.,0.,1.));
#9273 = DIRECTION('',(1.,0.,0.));
#9274 = ADVANCED_FACE('',(#9275),#9286,.T.);
#9275 = FACE_BOUND('',#9276,.T.);
#9276 = EDGE_LOOP('',(#9277,#9278,#9279,#9285));
#9277 = ORIENTED_EDGE('',*,*,#9264,.F.);
#9278 = ORIENTED_EDGE('',*,*,#8864,.T.);
#9279 = ORIENTED_EDGE('',*,*,#9280,.T.);
#9280 = EDGE_CURVE('',#8865,#9008,#9281,.T.);
#9281 = LINE('',#9282,#9283);
#9282 = CARTESIAN_POINT('',(-13.9,60.1,37.));
#9283 = VECTOR('',#9284,1.);
#9284 = DIRECTION('',(0.,0.,1.));
#9285 = ORIENTED_EDGE('',*,*,#9007,.F.);
#9286 = PLANE('',#9287);
#9287 = AXIS2_PLACEMENT_3D('',#9288,#9289,#9290);
#9288 = CARTESIAN_POINT('',(-13.9,47.9,37.));
#9289 = DIRECTION('',(1.,0.,0.));
#9290 = DIRECTION('',(0.,0.,1.));
#9291 = ADVANCED_FACE('',(#9292),#9303,.F.);
#9292 = FACE_BOUND('',#9293,.F.);
#9293 = EDGE_LOOP('',(#9294,#9295,#9296,#9302));
#9294 = ORIENTED_EDGE('',*,*,#9257,.F.);
#9295 = ORIENTED_EDGE('',*,*,#8881,.T.);
#9296 = ORIENTED_EDGE('',*,*,#9297,.T.);
#9297 = EDGE_CURVE('',#8873,#9016,#9298,.T.);
#9298 = LINE('',#9299,#9300);
#9299 = CARTESIAN_POINT('',(-10.1,60.1,37.));
#9300 = VECTOR('',#9301,1.);
#9301 = DIRECTION('',(0.,0.,1.));
#9302 = ORIENTED_EDGE('',*,*,#9024,.F.);
#9303 = PLANE('',#9304);
#9304 = AXIS2_PLACEMENT_3D('',#9305,#9306,#9307);
#9305 = CARTESIAN_POINT('',(-10.1,47.9,37.));
#9306 = DIRECTION('',(1.,0.,0.));
#9307 = DIRECTION('',(0.,0.,1.));
#9308 = ADVANCED_FACE('',(#9309),#9315,.F.);
#9309 = FACE_BOUND('',#9310,.F.);
#9310 = EDGE_LOOP('',(#9311,#9312,#9313,#9314));
#9311 = ORIENTED_EDGE('',*,*,#9015,.F.);
#9312 = ORIENTED_EDGE('',*,*,#9297,.F.);
#9313 = ORIENTED_EDGE('',*,*,#8872,.T.);
#9314 = ORIENTED_EDGE('',*,*,#9280,.T.);
#9315 = CYLINDRICAL_SURFACE('',#9316,1.9);
#9316 = AXIS2_PLACEMENT_3D('',#9317,#9318,#9319);
#9317 = CARTESIAN_POINT('',(-12.,60.1,37.));
#9318 = DIRECTION('',(0.,0.,1.));
#9319 = DIRECTION('',(1.,0.,0.));
#9320 = ADVANCED_FACE('',(#9321),#9337,.F.);
#9321 = FACE_BOUND('',#9322,.F.);
#9322 = EDGE_LOOP('',(#9323,#9324,#9330,#9331));
#9323 = ORIENTED_EDGE('',*,*,#8889,.T.);
#9324 = ORIENTED_EDGE('',*,*,#9325,.T.);
#9325 = EDGE_CURVE('',#8892,#9035,#9326,.T.);
#9326 = LINE('',#9327,#9328);
#9327 = CARTESIAN_POINT('',(13.9,47.9,37.));
#9328 = VECTOR('',#9329,1.);
#9329 = DIRECTION('',(0.,0.,1.));
#9330 = ORIENTED_EDGE('',*,*,#9032,.F.);
#9331 = ORIENTED_EDGE('',*,*,#9332,.F.);
#9332 = EDGE_CURVE('',#8890,#9033,#9333,.T.);
#9333 = LINE('',#9334,#9335);
#9334 = CARTESIAN_POINT('',(10.1,47.9,37.));
#9335 = VECTOR('',#9336,1.);
#9336 = DIRECTION('',(0.,0.,1.));
#9337 = CYLINDRICAL_SURFACE('',#9338,1.9);
#9338 = AXIS2_PLACEMENT_3D('',#9339,#9340,#9341);
#9339 = CARTESIAN_POINT('',(12.,47.9,37.));
#9340 = DIRECTION('',(0.,0.,1.));
#9341 = DIRECTION('',(1.,0.,0.));
#9342 = ADVANCED_FACE('',(#9343),#9354,.F.);
#9343 = FACE_BOUND('',#9344,.F.);
#9344 = EDGE_LOOP('',(#9345,#9346,#9347,#9353));
#9345 = ORIENTED_EDGE('',*,*,#9325,.F.);
#9346 = ORIENTED_EDGE('',*,*,#8917,.T.);
#9347 = ORIENTED_EDGE('',*,*,#9348,.T.);
#9348 = EDGE_CURVE('',#8909,#9052,#9349,.T.);
#9349 = LINE('',#9350,#9351);
#9350 = CARTESIAN_POINT('',(13.9,60.1,37.));
#9351 = VECTOR('',#9352,1.);
#9352 = DIRECTION('',(0.,0.,1.));
#9353 = ORIENTED_EDGE('',*,*,#9060,.F.);
#9354 = PLANE('',#9355);
#9355 = AXIS2_PLACEMENT_3D('',#9356,#9357,#9358);
#9356 = CARTESIAN_POINT('',(13.9,47.9,37.));
#9357 = DIRECTION('',(1.,0.,0.));
#9358 = DIRECTION('',(0.,0.,1.));
#9359 = ADVANCED_FACE('',(#9360),#9371,.F.);
#9360 = FACE_BOUND('',#9361,.F.);
#9361 = EDGE_LOOP('',(#9362,#9363,#9364,#9365));
#9362 = ORIENTED_EDGE('',*,*,#9051,.F.);
#9363 = ORIENTED_EDGE('',*,*,#9348,.F.);
#9364 = ORIENTED_EDGE('',*,*,#8908,.T.);
#9365 = ORIENTED_EDGE('',*,*,#9366,.T.);
#9366 = EDGE_CURVE('',#8901,#9044,#9367,.T.);
#9367 = LINE('',#9368,#9369);
#9368 = CARTESIAN_POINT('',(10.1,60.1,37.));
#9369 = VECTOR('',#9370,1.);
#9370 = DIRECTION('',(0.,0.,1.));
#9371 = CYLINDRICAL_SURFACE('',#9372,1.9);
#9372 = AXIS2_PLACEMENT_3D('',#9373,#9374,#9375);
#9373 = CARTESIAN_POINT('',(12.,60.1,37.));
#9374 = DIRECTION('',(0.,0.,1.));
#9375 = DIRECTION('',(1.,0.,0.));
#9376 = ADVANCED_FACE('',(#9377),#9383,.T.);
#9377 = FACE_BOUND('',#9378,.T.);
#9378 = EDGE_LOOP('',(#9379,#9380,#9381,#9382));
#9379 = ORIENTED_EDGE('',*,*,#9332,.F.);
#9380 = ORIENTED_EDGE('',*,*,#8900,.T.);
#9381 = ORIENTED_EDGE('',*,*,#9366,.T.);
#9382 = ORIENTED_EDGE('',*,*,#9043,.F.);
#9383 = PLANE('',#9384);
#9384 = AXIS2_PLACEMENT_3D('',#9385,#9386,#9387);
#9385 = CARTESIAN_POINT('',(10.1,47.9,37.));
#9386 = DIRECTION('',(1.,0.,0.));
#9387 = DIRECTION('',(0.,0.,1.));
#9388 = ADVANCED_FACE('',(#9389),#9395,.F.);
#9389 = FACE_BOUND('',#9390,.F.);
#9390 = EDGE_LOOP('',(#9391,#9392,#9393,#9394));
#9391 = ORIENTED_EDGE('',*,*,#9204,.F.);
#9392 = ORIENTED_EDGE('',*,*,#9162,.T.);
#9393 = ORIENTED_EDGE('',*,*,#8941,.T.);
#9394 = ORIENTED_EDGE('',*,*,#9227,.F.);
#9395 = PLANE('',#9396);
#9396 = AXIS2_PLACEMENT_3D('',#9397,#9398,#9399);
#9397 = CARTESIAN_POINT('',(17.,43.,20.));
#9398 = DIRECTION('',(0.,0.,1.));
#9399 = DIRECTION('',(1.,0.,0.));
#9400 = ADVANCED_FACE('',(#9401),#9407,.F.);
#9401 = FACE_BOUND('',#9402,.F.);
#9402 = EDGE_LOOP('',(#9403,#9404,#9405,#9406));
#9403 = ORIENTED_EDGE('',*,*,#9091,.F.);
#9404 = ORIENTED_EDGE('',*,*,#9114,.T.);
#9405 = ORIENTED_EDGE('',*,*,#9139,.T.);
#9406 = ORIENTED_EDGE('',*,*,#9186,.F.);
#9407 = PLANE('',#9408);
#9408 = AXIS2_PLACEMENT_3D('',#9409,#9410,#9411);
#9409 = CARTESIAN_POINT('',(-21.,43.,20.));
#9410 = DIRECTION('',(0.,0.,1.));
#9411 = DIRECTION('',(1.,0.,0.));
#9412 = MANIFOLD_SOLID_BREP('',#9413);
#9413 = CLOSED_SHELL('',(#9414,#9693,#9888,#10019,#10207,#10225));
#9414 = ADVANCED_FACE('',(#9415),#9604,.T.);
#9415 = FACE_BOUND('',#9416,.T.);
#9416 = EDGE_LOOP('',(#9417,#9446,#9455,#9482));
#9417 = ORIENTED_EDGE('',*,*,#9418,.T.);
#9418 = EDGE_CURVE('',#9419,#9421,#9423,.T.);
#9419 = VERTEX_POINT('',#9420);
#9420 = CARTESIAN_POINT('',(-72.,-1.170995782826E-14,54.000000000001));
#9421 = VERTEX_POINT('',#9422);
#9422 = CARTESIAN_POINT('',(72.,0.,54.));
#9423 = B_SPLINE_CURVE_WITH_KNOTS('',11,(#9424,#9425,#9426,#9427,#9428,
    #9429,#9430,#9431,#9432,#9433,#9434,#9435,#9436,#9437,#9438,#9439,
    #9440,#9441,#9442,#9443,#9444,#9445),.UNSPECIFIED.,.T.,.F.,(12,10,12
    ),(0.,0.5,1.),.UNSPECIFIED.);
#9424 = CARTESIAN_POINT('',(72.,-7.105427357601E-15,54.));
#9425 = CARTESIAN_POINT('',(71.999999999997,13.708767942935,
    53.999999999996));
#9426 = CARTESIAN_POINT('',(65.539895168376,27.417534814197,
    54.000000000015));
#9427 = CARTESIAN_POINT('',(52.619687024515,39.622976394079,
    53.999999999966));
#9428 = CARTESIAN_POINT('',(34.124903787627,48.821707892275,
    54.000000000051));
#9429 = CARTESIAN_POINT('',(11.826656667903,53.775507388518,
    53.999999999941));
#9430 = CARTESIAN_POINT('',(-11.8266566679,53.775507388556,
    54.000000000051));
#9431 = CARTESIAN_POINT('',(-34.12490378761,48.821707892244,
    53.999999999965));
#9432 = CARTESIAN_POINT('',(-52.61968702452,39.622976394098,
    54.000000000017));
#9433 = CARTESIAN_POINT('',(-65.53989516837,27.417534814188,
    53.999999999994));
#9434 = CARTESIAN_POINT('',(-71.99999999999,13.708767942938,54.));
#9435 = CARTESIAN_POINT('',(-72.,-13.70876794293,54.000000000001));
#9436 = CARTESIAN_POINT('',(-65.53989516836,-27.41753481418,
    53.999999999992));
#9437 = CARTESIAN_POINT('',(-52.61968702454,-39.62297639409,
    54.000000000018));
#9438 = CARTESIAN_POINT('',(-34.12490378757,-48.82170789224,
    53.999999999969));
#9439 = CARTESIAN_POINT('',(-11.82665666796,-53.77550738854,
    54.000000000039));
#9440 = CARTESIAN_POINT('',(11.826656667962,-53.77550738853,
    53.999999999962));
#9441 = CARTESIAN_POINT('',(34.124903787576,-48.82170789225,
    54.000000000029));
#9442 = CARTESIAN_POINT('',(52.619687024549,-39.62297639409,
    53.999999999984));
#9443 = CARTESIAN_POINT('',(65.53989516836,-27.41753481418,
    54.000000000007));
#9444 = CARTESIAN_POINT('',(72.000000000001,-13.70876794293,
    53.999999999998));
#9445 = CARTESIAN_POINT('',(72.,4.873148681174E-16,54.));
#9446 = ORIENTED_EDGE('',*,*,#9447,.T.);
#9447 = EDGE_CURVE('',#9421,#9448,#9450,.T.);
#9448 = VERTEX_POINT('',#9449);
#9449 = CARTESIAN_POINT('',(78.,0.,194.));
#9450 = ( BOUNDED_CURVE() B_SPLINE_CURVE(3,(#9451,#9452,#9453,#9454),
.UNSPECIFIED.,.F.,.F.) B_SPLINE_CURVE_WITH_KNOTS((4,4),(0.,1.),
.PIECEWISE_BEZIER_KNOTS.) CURVE() GEOMETRIC_REPRESENTATION_ITEM() 
RATIONAL_B_SPLINE_CURVE((1.,1.,1.,1.)) REPRESENTATION_ITEM('') );
#9451 = CARTESIAN_POINT('',(72.,-7.105427357601E-15,54.));
#9452 = CARTESIAN_POINT('',(108.43723176154,2.442301505978E-14,
    90.463256943765));
#9453 = CARTESIAN_POINT('',(111.49003562443,-4.915842589721E-14,
    153.55922037708));
#9454 = CARTESIAN_POINT('',(78.,0.,194.));
#9455 = ORIENTED_EDGE('',*,*,#9456,.F.);
#9456 = EDGE_CURVE('',#9457,#9448,#9459,.T.);
#9457 = VERTEX_POINT('',#9458);
#9458 = CARTESIAN_POINT('',(-78.,-1.430733853472E-14,194.));
#9459 = B_SPLINE_CURVE_WITH_KNOTS('',11,(#9460,#9461,#9462,#9463,#9464,
    #9465,#9466,#9467,#9468,#9469,#9470,#9471,#9472,#9473,#9474,#9475,
    #9476,#9477,#9478,#9479,#9480,#9481),.UNSPECIFIED.,.T.,.F.,(12,10,12
    ),(0.,0.5,1.),.UNSPECIFIED.);
#9460 = CARTESIAN_POINT('',(78.,0.,194.));
#9461 = CARTESIAN_POINT('',(77.999999999997,15.422363935802,
    193.99999999999));
#9462 = CARTESIAN_POINT('',(71.001553099073,30.844726665971,
    194.00000000004));
#9463 = CARTESIAN_POINT('',(57.004660943227,44.57584844334,
    193.99999999991));
#9464 = CARTESIAN_POINT('',(36.968645769924,54.924421378807,
    194.00000000013));
#9465 = CARTESIAN_POINT('',(12.812211390235,60.497445812083,
    193.99999999984));
#9466 = CARTESIAN_POINT('',(-12.81221139023,60.497445812126,
    194.00000000013));
#9467 = CARTESIAN_POINT('',(-36.96864576991,54.924421378772,
    193.99999999991));
#9468 = CARTESIAN_POINT('',(-57.00466094323,44.575848443362,
    194.00000000004));
#9469 = CARTESIAN_POINT('',(-71.00155309906,30.844726665961,
    193.99999999998));
#9470 = CARTESIAN_POINT('',(-77.99999999999,15.422363935805,194.));
#9471 = CARTESIAN_POINT('',(-78.,-15.4223639358,194.));
#9472 = CARTESIAN_POINT('',(-71.00155309905,-30.84472666595,
    193.99999999997));
#9473 = CARTESIAN_POINT('',(-57.00466094326,-44.57584844337,
    194.00000000005));
#9474 = CARTESIAN_POINT('',(-36.96864576987,-54.92442137876,
    193.9999999999));
#9475 = CARTESIAN_POINT('',(-12.81221139029,-60.49744581213,
    194.00000000011));
#9476 = CARTESIAN_POINT('',(12.81221139029,-60.49744581207,
    193.9999999999));
#9477 = CARTESIAN_POINT('',(36.968645769877,-54.9244213788,
    194.00000000006));
#9478 = CARTESIAN_POINT('',(57.004660943258,-44.57584844334,
    193.99999999996));
#9479 = CARTESIAN_POINT('',(71.001553099059,-30.84472666596,
    194.00000000001));
#9480 = CARTESIAN_POINT('',(78.000000000001,-15.4223639358,
    193.99999999999));
#9481 = CARTESIAN_POINT('',(78.,-3.399491930722E-16,194.));
#9482 = ORIENTED_EDGE('',*,*,#9483,.F.);
#9483 = EDGE_CURVE('',#9419,#9457,#9484,.T.);
#9484 = B_SPLINE_CURVE_WITH_KNOTS('',4,(#9485,#9486,#9487,#9488,#9489,
    #9490,#9491,#9492,#9493,#9494,#9495,#9496,#9497,#9498,#9499,#9500,
    #9501,#9502,#9503,#9504,#9505,#9506,#9507,#9508,#9509,#9510,#9511,
    #9512,#9513,#9514,#9515,#9516,#9517,#9518,#9519,#9520,#9521,#9522,
    #9523,#9524,#9525,#9526,#9527,#9528,#9529,#9530,#9531,#9532,#9533,
    #9534,#9535,#9536,#9537,#9538,#9539,#9540,#9541,#9542,#9543,#9544,
    #9545,#9546,#9547,#9548,#9549,#9550,#9551,#9552,#9553,#9554,#9555,
    #9556,#9557,#9558,#9559,#9560,#9561,#9562,#9563,#9564,#9565,#9566,
    #9567,#9568,#9569,#9570,#9571,#9572,#9573,#9574,#9575,#9576,#9577,
    #9578,#9579,#9580,#9581,#9582,#9583,#9584,#9585,#9586,#9587,#9588,
    #9589,#9590,#9591,#9592,#9593,#9594,#9595,#9596,#9597,#9598,#9599,
    #9600,#9601,#9602,#9603),.UNSPECIFIED.,.F.,.F.,(5,3,3,3,3,3,3,3,3,3,
    3,3,3,3,3,3,3,3,3,3,3,3,3,3,3,3,3,3,3,3,3,3,3,3,3,3,3,3,3,5),(0.,
    2.922182365224E-02,5.82160280369E-02,8.101822927249E-02,
    9.17009964883E-02,9.688889261136E-02,9.948197994812E-02,
    0.102074513157,0.130062285212,0.158003737942,0.185913308248,
    0.213703874706,0.241583868006,0.269362779489,0.29724521835,
    0.325037317875,0.352940814185,0.380858507454,0.408791443422,
    0.436640386208,0.464603916397,0.492482274522,0.520473660884,
    0.548377922095,0.57639363966,0.604420833656,0.632459750721,
    0.660411571387,0.688477959014,0.716462316003,0.744569071411,
    0.772604240742,0.800775904901,0.828993769354,0.857269710645,
    0.885516840416,0.913953429512,0.94239604019,0.971069543525,1.),
  .UNSPECIFIED.);
#9485 = CARTESIAN_POINT('',(-72.,0.,54.000000000001));
#9486 = CARTESIAN_POINT('',(-72.79052554784,0.,54.791090178318));
#9487 = CARTESIAN_POINT('',(-73.5684905759,0.,55.594731933134));
#9488 = CARTESIAN_POINT('',(-74.33363508984,0.,56.410586589307));
#9489 = CARTESIAN_POINT('',(-75.83197299033,0.,58.0595572688));
#9490 = CARTESIAN_POINT('',(-76.56536885367,0.,58.892489578229));
#9491 = CARTESIAN_POINT('',(-77.28570029428,0.,59.736742357287));
#9492 = CARTESIAN_POINT('',(-78.54885435857,0.,61.264523014937));
#9493 = CARTESIAN_POINT('',(-79.09673297273,0.,61.943870828953));
#9494 = CARTESIAN_POINT('',(-79.63632359155,0.,62.62981869244));
#9495 = CARTESIAN_POINT('',(-80.41642312022,0.,63.646558972343));
#9496 = CARTESIAN_POINT('',(-80.66346301812,0.,63.972340510669));
#9497 = CARTESIAN_POINT('',(-80.90865812802,0.,64.29951268309));
#9498 = CARTESIAN_POINT('',(-81.27017586335,0.,64.78760853818));
#9499 = CARTESIAN_POINT('',(-81.38791404111,0.,64.947483770177));
#9500 = CARTESIAN_POINT('',(-81.5052144702,0.,65.107680448978));
#9501 = CARTESIAN_POINT('',(-81.6804878348,0.,65.348427803272));
#9502 = CARTESIAN_POINT('',(-81.73878978829,0.,65.428738942137));
#9503 = CARTESIAN_POINT('',(-81.7969820606,0.,65.509129589294));
#9504 = CARTESIAN_POINT('',(-81.91313462362,0.,65.670052170482));
#9505 = CARTESIAN_POINT('',(-81.97109496123,0.,65.750584070652));
#9506 = CARTESIAN_POINT('',(-82.0289454573,0.,65.831194911661));
#9507 = CARTESIAN_POINT('',(-82.71002592427,0.,66.782970568406));
#9508 = CARTESIAN_POINT('',(-83.32055262153,0.,67.663225700133));
#9509 = CARTESIAN_POINT('',(-83.91813828769,0.,68.552313652391));
#9510 = CARTESIAN_POINT('',(-85.08625166197,0.,70.345995061718));
#9511 = CARTESIAN_POINT('',(-85.65682244034,0.,71.250560538232));
#9512 = CARTESIAN_POINT('',(-86.2142873271,0.,72.163257966351));
#9513 = CARTESIAN_POINT('',(-87.30221866996,0.,74.003198964863));
#9514 = CARTESIAN_POINT('',(-87.83271512264,0.,74.930424836737));
#9515 = CARTESIAN_POINT('',(-88.34997038828,0.,75.865098753849));
#9516 = CARTESIAN_POINT('',(-89.35572094479,0.,77.744670326475));
#9517 = CARTESIAN_POINT('',(-89.84432937335,0.,78.689507455748));
#9518 = CARTESIAN_POINT('',(-90.31968178235,0.,79.641079735641));
#9519 = CARTESIAN_POINT('',(-91.24526440476,0.,81.56014076261));
#9520 = CARTESIAN_POINT('',(-91.6954087662,0.,82.527670909429));
#9521 = CARTESIAN_POINT('',(-92.1321138221,0.,83.501338062967));
#9522 = CARTESIAN_POINT('',(-92.97703816359,0.,85.456766563905));
#9523 = CARTESIAN_POINT('',(-93.38535490082,0.,86.43848578015));
#9524 = CARTESIAN_POINT('',(-93.78025747828,0.,87.425674764533));
#9525 = CARTESIAN_POINT('',(-94.54460388271,0.,89.414083951442));
#9526 = CARTESIAN_POINT('',(-94.91394726303,0.,90.415342729629));
#9527 = CARTESIAN_POINT('',(-95.26972366145,0.,91.421499841154));
#9528 = CARTESIAN_POINT('',(-95.95299658877,0.,93.439738024774));
#9529 = CARTESIAN_POINT('',(-96.28058093661,0.,94.451789320222));
#9530 = CARTESIAN_POINT('',(-96.59464908394,0.,95.468114267859));
#9531 = CARTESIAN_POINT('',(-97.19693188216,0.,97.512823992893));
#9532 = CARTESIAN_POINT('',(-97.48503779582,0.,98.54124074642));
#9533 = CARTESIAN_POINT('',(-97.75949288121,0.,99.573382584006));
#9534 = CARTESIAN_POINT('',(-98.28121571437,0.,101.64507333759));
#9535 = CARTESIAN_POINT('',(-98.5284695028,0.,102.68462571001));
#9536 = CARTESIAN_POINT('',(-98.76204010178,0.,103.72733623737));
#9537 = CARTESIAN_POINT('',(-99.20192117043,0.,105.81908611377));
#9538 = CARTESIAN_POINT('',(-99.4082166413,0.,106.86812855407));
#9539 = CARTESIAN_POINT('',(-99.60080009146,0.,107.9197734402));
#9540 = CARTESIAN_POINT('',(-99.95799340178,0.,110.02455004999));
#9541 = CARTESIAN_POINT('',(-100.1226856014,0.,111.07766773527));
#9542 = CARTESIAN_POINT('',(-100.2737364452,0.,112.13282751076));
#9543 = CARTESIAN_POINT('',(-100.549109408,0.,114.2510443002));
#9544 = CARTESIAN_POINT('',(-100.6733189672,0.,115.31411588085));
#9545 = CARTESIAN_POINT('',(-100.7837631451,0.,116.37870500206));
#9546 = CARTESIAN_POINT('',(-100.9768137063,0.,118.5071351748));
#9547 = CARTESIAN_POINT('',(-101.0595038402,0.,119.57096856309));
#9548 = CARTESIAN_POINT('',(-101.1284997961,0.,120.63577748589));
#9549 = CARTESIAN_POINT('',(-101.2393133054,0.,122.77113743322));
#9550 = CARTESIAN_POINT('',(-101.281019531,0.,123.8416941684));
#9551 = CARTESIAN_POINT('',(-101.3089059142,0.,124.91269997648));
#9552 = CARTESIAN_POINT('',(-101.3369789184,0.,127.05174048923));
#9553 = CARTESIAN_POINT('',(-101.337251494,0.,128.11977400005));
#9554 = CARTESIAN_POINT('',(-101.3237739182,0.,129.18772277069));
#9555 = CARTESIAN_POINT('',(-101.2691920629,0.,131.3271825982));
#9556 = CARTESIAN_POINT('',(-101.2279776684,0.,132.39869078193));
#9557 = CARTESIAN_POINT('',(-101.1728852692,0.,133.46957566292));
#9558 = CARTESIAN_POINT('',(-101.0348979496,0.,135.60999328085));
#9559 = CARTESIAN_POINT('',(-100.9519916776,0.,136.67952522409));
#9560 = CARTESIAN_POINT('',(-100.8551777631,0.,137.7478888682));
#9561 = CARTESIAN_POINT('',(-100.6336712478,0.,139.88217392046));
#9562 = CARTESIAN_POINT('',(-100.5089670418,0.,140.94809406593));
#9563 = CARTESIAN_POINT('',(-100.3703264723,0.,142.01229237729));
#9564 = CARTESIAN_POINT('',(-100.0656328687,0.,144.13338374166));
#9565 = CARTESIAN_POINT('',(-99.89966637098,0.,145.19028917248));
#9566 = CARTESIAN_POINT('',(-99.71983638886,0.,146.24492560241));
#9567 = CARTESIAN_POINT('',(-99.33164807365,0.,148.3534046028));
#9568 = CARTESIAN_POINT('',(-99.12317588979,0.,149.40722616583));
#9569 = CARTESIAN_POINT('',(-98.90071883723,0.,150.45818611471));
#9570 = CARTESIAN_POINT('',(-98.42852803875,0.,152.55073260401));
#9571 = CARTESIAN_POINT('',(-98.17887598224,0.,153.59233753892));
#9572 = CARTESIAN_POINT('',(-97.91532271502,0.,154.63051405528));
#9573 = CARTESIAN_POINT('',(-97.35921550674,0.,156.70393893547));
#9574 = CARTESIAN_POINT('',(-97.06653983861,0.,157.73915462263));
#9575 = CARTESIAN_POINT('',(-96.7598565705,0.,158.770309427));
#9576 = CARTESIAN_POINT('',(-96.11932490364,0.,160.82126496189));
#9577 = CARTESIAN_POINT('',(-95.78554776228,0.,161.84108792996));
#9578 = CARTESIAN_POINT('',(-95.43786748118,0.,162.85625739297));
#9579 = CARTESIAN_POINT('',(-94.71299585152,0.,164.8815826573));
#9580 = CARTESIAN_POINT('',(-94.33566914827,0.,165.89169001382));
#9581 = CARTESIAN_POINT('',(-93.94435987625,0.,166.89646573651));
#9582 = CARTESIAN_POINT('',(-93.13319592333,0.,168.89634713093));
#9583 = CARTESIAN_POINT('',(-92.71329556704,0.,169.89143429397));
#9584 = CARTESIAN_POINT('',(-92.27945150536,0.,170.88052435122));
#9585 = CARTESIAN_POINT('',(-91.38307268442,0.,172.84807609278));
#9586 = CARTESIAN_POINT('',(-90.92048079498,0.,173.82651178973));
#9587 = CARTESIAN_POINT('',(-90.4440066666,0.,174.79826543475));
#9588 = CARTESIAN_POINT('',(-89.46395147362,0.,176.72676022504));
#9589 = CARTESIAN_POINT('',(-88.96039859721,0.,177.68351576087));
#9590 = CARTESIAN_POINT('',(-88.44314944122,0.,178.63293918733));
#9591 = CARTESIAN_POINT('',(-87.37789942341,0.,180.52277570471));
#9592 = CARTESIAN_POINT('',(-86.8297156327,0.,181.463085781));
#9593 = CARTESIAN_POINT('',(-86.26785605634,0.,182.39529124069));
#9594 = CARTESIAN_POINT('',(-85.11691844098,0.,184.2430195082));
#9595 = CARTESIAN_POINT('',(-84.52783470353,0.,185.15853889761));
#9596 = CARTESIAN_POINT('',(-83.92532457794,0.,186.06528093336));
#9597 = CARTESIAN_POINT('',(-82.68876105351,0.,187.86784232886));
#9598 = CARTESIAN_POINT('',(-82.05449131006,0.,188.76351344808));
#9599 = CARTESIAN_POINT('',(-81.40689101962,0.,189.64959601327));
#9600 = CARTESIAN_POINT('',(-80.0794815456,0.,191.40978852683));
#9601 = CARTESIAN_POINT('',(-79.39943571344,0.,192.2837202326));
#9602 = CARTESIAN_POINT('',(-78.70620119369,0.,193.14722912916));
#9603 = CARTESIAN_POINT('',(-78.,0.,194.));
#9604 = ( BOUNDED_SURFACE() B_SPLINE_SURFACE(11,3,(
    (#9605,#9606,#9607,#9608)
    ,(#9609,#9610,#9611,#9612)
    ,(#9613,#9614,#9615,#9616)
    ,(#9617,#9618,#9619,#9620)
    ,(#9621,#9622,#9623,#9624)
    ,(#9625,#9626,#9627,#9628)
    ,(#9629,#9630,#9631,#9632)
    ,(#9633,#9634,#9635,#9636)
    ,(#9637,#9638,#9639,#9640)
    ,(#9641,#9642,#9643,#9644)
    ,(#9645,#9646,#9647,#9648)
    ,(#9649,#9650,#9651,#9652)
    ,(#9653,#9654,#9655,#9656)
    ,(#9657,#9658,#9659,#9660)
    ,(#9661,#9662,#9663,#9664)
    ,(#9665,#9666,#9667,#9668)
    ,(#9669,#9670,#9671,#9672)
    ,(#9673,#9674,#9675,#9676)
    ,(#9677,#9678,#9679,#9680)
    ,(#9681,#9682,#9683,#9684)
    ,(#9685,#9686,#9687,#9688)
    ,(#9689,#9690,#9691,#9692
)),.UNSPECIFIED.,.T.,.F.,.F.) B_SPLINE_SURFACE_WITH_KNOTS((12,10,12),(4,
4),(0.,0.5,1.),(0.,1.),.UNSPECIFIED.) GEOMETRIC_REPRESENTATION_ITEM() 
RATIONAL_B_SPLINE_SURFACE((
    (1.,1.,1.,1.)
    ,(1.,1.,1.,1.)
    ,(1.,1.,1.,1.)
    ,(1.,1.,1.,1.)
    ,(1.,1.,1.,1.)
    ,(1.,1.,1.,1.)
    ,(1.,1.,1.,1.)
    ,(1.,1.,1.,1.)
    ,(1.,1.,1.,1.)
    ,(1.,1.,1.,1.)
    ,(1.,1.,1.,1.)
    ,(1.,1.,1.,1.)
    ,(1.,1.,1.,1.)
    ,(1.,1.,1.,1.)
    ,(1.,1.,1.,1.)
    ,(1.,1.,1.,1.)
    ,(1.,1.,1.,1.)
    ,(1.,1.,1.,1.)
    ,(1.,1.,1.,1.)
    ,(1.,1.,1.,1.)
    ,(1.,1.,1.,1.)
,(1.,1.,1.,1.))) REPRESENTATION_ITEM('') SURFACE() );
#9605 = CARTESIAN_POINT('',(72.,-7.105427357601E-15,54.));
#9606 = CARTESIAN_POINT('',(108.43723176154,2.442301505978E-14,
    90.463256943765));
#9607 = CARTESIAN_POINT('',(111.49003562443,-4.915842589721E-14,
    153.55922037708));
#9608 = CARTESIAN_POINT('',(78.,0.,194.));
#9609 = CARTESIAN_POINT('',(71.999999999997,13.708767942935,
    53.999999999996));
#9610 = CARTESIAN_POINT('',(108.43723176154,22.188110612143,
    90.463256943761));
#9611 = CARTESIAN_POINT('',(111.49003562442,22.99464483784,
    153.55922037707));
#9612 = CARTESIAN_POINT('',(77.999999999997,15.422363935802,
    193.99999999999));
#9613 = CARTESIAN_POINT('',(65.539895168376,27.417534814197,
    54.000000000015));
#9614 = CARTESIAN_POINT('',(98.707844472222,44.376219489769,
    90.463256943784));
#9615 = CARTESIAN_POINT('',(101.48673954367,45.98928787808,
    153.55922037711));
#9616 = CARTESIAN_POINT('',(71.001553099073,30.844726665971,
    194.00000000004));
#9617 = CARTESIAN_POINT('',(52.619687024515,39.622976394079,
    53.999999999966));
#9618 = CARTESIAN_POINT('',(79.249072181931,64.131144875553,
    90.463256943725));
#9619 = CARTESIAN_POINT('',(81.48014973484,66.462301600898,
    153.55922037701));
#9620 = CARTESIAN_POINT('',(57.004660943227,44.57584844334,
    193.99999999991));
#9621 = CARTESIAN_POINT('',(34.124903787627,48.821707892275,
    54.000000000051));
#9622 = CARTESIAN_POINT('',(51.394584734118,79.019606976934,
    90.463256943826));
#9623 = CARTESIAN_POINT('',(52.841482485614,81.891956887188,
    153.55922037718));
#9624 = CARTESIAN_POINT('',(36.968645769924,54.924421378807,
    194.00000000013));
#9625 = CARTESIAN_POINT('',(11.826656667903,53.775507388518,
    53.999999999941));
#9626 = CARTESIAN_POINT('',(17.811804306461,87.037501190927,
    90.463256943697));
#9627 = CARTESIAN_POINT('',(18.313255183631,90.201300256963,
    153.55922037697));
#9628 = CARTESIAN_POINT('',(12.812211390235,60.497445812083,
    193.99999999984));
#9629 = CARTESIAN_POINT('',(-11.8266566679,53.775507388556,
    54.000000000051));
#9630 = CARTESIAN_POINT('',(-17.81180430646,87.03750119119,
    90.463256943827));
#9631 = CARTESIAN_POINT('',(-18.31325518365,90.201300257007,
    153.55922037717));
#9632 = CARTESIAN_POINT('',(-12.81221139023,60.497445812126,
    194.00000000013));
#9633 = CARTESIAN_POINT('',(-34.12490378761,48.821707892244,
    53.999999999965));
#9634 = CARTESIAN_POINT('',(-51.39458473411,79.019606976733,
    90.463256943722));
#9635 = CARTESIAN_POINT('',(-52.84148248556,81.891956887151,
    153.55922037702));
#9636 = CARTESIAN_POINT('',(-36.96864576991,54.924421378772,
    193.99999999991));
#9637 = CARTESIAN_POINT('',(-52.61968702452,39.622976394098,
    54.000000000017));
#9638 = CARTESIAN_POINT('',(-79.24907218193,64.131144875668,
    90.463256943789));
#9639 = CARTESIAN_POINT('',(-81.48014973488,66.462301600922,
    153.55922037711));
#9640 = CARTESIAN_POINT('',(-57.00466094323,44.575848443362,
    194.00000000004));
#9641 = CARTESIAN_POINT('',(-65.53989516837,27.417534814188,
    53.999999999994));
#9642 = CARTESIAN_POINT('',(-98.70784447221,44.376219489724,
    90.463256943758));
#9643 = CARTESIAN_POINT('',(-101.4867395436,45.989287878069,
    153.55922037707));
#9644 = CARTESIAN_POINT('',(-71.00155309906,30.844726665961,
    193.99999999998));
#9645 = CARTESIAN_POINT('',(-71.99999999999,13.708767942938,54.));
#9646 = CARTESIAN_POINT('',(-108.4372317615,22.188110612153,
    90.463256943765));
#9647 = CARTESIAN_POINT('',(-111.4900356244,22.994644837844,
    153.55922037708));
#9648 = CARTESIAN_POINT('',(-77.99999999999,15.422363935805,194.));
#9649 = CARTESIAN_POINT('',(-72.,-13.70876794293,54.000000000001));
#9650 = CARTESIAN_POINT('',(-108.4372317615,-22.18811061215,
    90.463256943768));
#9651 = CARTESIAN_POINT('',(-111.4900356244,-22.99464483784,
    153.55922037708));
#9652 = CARTESIAN_POINT('',(-78.,-15.4223639358,194.));
#9653 = CARTESIAN_POINT('',(-65.53989516836,-27.41753481418,
    53.999999999992));
#9654 = CARTESIAN_POINT('',(-98.7078444722,-44.37621948974,
    90.463256943748));
#9655 = CARTESIAN_POINT('',(-101.4867395436,-45.98928787805,
    153.55922037708));
#9656 = CARTESIAN_POINT('',(-71.00155309905,-30.84472666595,
    193.99999999997));
#9657 = CARTESIAN_POINT('',(-52.61968702454,-39.62297639409,
    54.000000000018));
#9658 = CARTESIAN_POINT('',(-79.24907218196,-64.13114487559,
    90.463256943805));
#9659 = CARTESIAN_POINT('',(-81.48014973489,-66.46230160095,
    153.55922037708));
#9660 = CARTESIAN_POINT('',(-57.00466094326,-44.57584844337,
    194.00000000005));
#9661 = CARTESIAN_POINT('',(-34.12490378757,-48.82170789224,
    53.999999999969));
#9662 = CARTESIAN_POINT('',(-51.39458473407,-79.01960697689,
    90.463256943704));
#9663 = CARTESIAN_POINT('',(-52.84148248553,-81.89195688708,
    153.55922037708));
#9664 = CARTESIAN_POINT('',(-36.96864576987,-54.92442137876,
    193.9999999999));
#9665 = CARTESIAN_POINT('',(-11.82665666796,-53.77550738854,
    54.000000000039));
#9666 = CARTESIAN_POINT('',(-17.8118043065,-87.03750119096,
    90.463256943835));
#9667 = CARTESIAN_POINT('',(-18.31325518371,-90.20130025709,
    153.55922037708));
#9668 = CARTESIAN_POINT('',(-12.81221139029,-60.49744581213,
    194.00000000011));
#9669 = CARTESIAN_POINT('',(11.826656667962,-53.77550738853,
    53.999999999962));
#9670 = CARTESIAN_POINT('',(17.811804306506,-87.03750119117,
    90.463256943706));
#9671 = CARTESIAN_POINT('',(18.313255183724,-90.20130025687,
    153.55922037708));
#9672 = CARTESIAN_POINT('',(12.81221139029,-60.49744581207,
    193.9999999999));
#9673 = CARTESIAN_POINT('',(34.124903787576,-48.82170789225,
    54.000000000029));
#9674 = CARTESIAN_POINT('',(51.394584734079,-79.01960697673,
    90.463256943806));
#9675 = CARTESIAN_POINT('',(52.841482485521,-81.89195688725,
    153.55922037708));
#9676 = CARTESIAN_POINT('',(36.968645769877,-54.9244213788,
    194.00000000006));
#9677 = CARTESIAN_POINT('',(52.619687024549,-39.62297639409,
    53.999999999984));
#9678 = CARTESIAN_POINT('',(79.249072181958,-64.13114487567,
    90.463256943744));
#9679 = CARTESIAN_POINT('',(81.480149734908,-66.46230160086,
    153.55922037708));
#9680 = CARTESIAN_POINT('',(57.004660943258,-44.57584844334,
    193.99999999996));
#9681 = CARTESIAN_POINT('',(65.53989516836,-27.41753481418,
    54.000000000007));
#9682 = CARTESIAN_POINT('',(98.707844472209,-44.37621948971,
    90.463256943773));
#9683 = CARTESIAN_POINT('',(101.48673954363,-45.98928787809,
    153.55922037708));
#9684 = CARTESIAN_POINT('',(71.001553099059,-30.84472666596,
    194.00000000001));
#9685 = CARTESIAN_POINT('',(72.000000000001,-13.70876794293,
    53.999999999998));
#9686 = CARTESIAN_POINT('',(108.43723176154,-22.18811061215,
    90.463256943764));
#9687 = CARTESIAN_POINT('',(111.49003562443,-22.99464483783,
    153.55922037708));
#9688 = CARTESIAN_POINT('',(78.000000000001,-15.4223639358,
    193.99999999999));
#9689 = CARTESIAN_POINT('',(72.,4.873148681174E-16,54.));
#9690 = CARTESIAN_POINT('',(108.43723176154,-2.351024257635E-14,
    90.463256943765));
#9691 = CARTESIAN_POINT('',(111.49003562443,-3.993503885016E-14,
    153.55922037708));
#9692 = CARTESIAN_POINT('',(78.,-3.399491930722E-16,194.));
#9693 = ADVANCED_FACE('',(#9694),#9883,.T.);
#9694 = FACE_BOUND('',#9695,.T.);
#9695 = EDGE_LOOP('',(#9696,#9704,#9705,#9713));
#9696 = ORIENTED_EDGE('',*,*,#9697,.T.);
#9697 = EDGE_CURVE('',#9698,#9421,#9700,.T.);
#9698 = VERTEX_POINT('',#9699);
#9699 = CARTESIAN_POINT('',(71.548520814047,-1.387168856336E-14,54.));
#9700 = LINE('',#9701,#9702);
#9701 = CARTESIAN_POINT('',(-21.5,0.,54.));
#9702 = VECTOR('',#9703,1.);
#9703 = DIRECTION('',(1.,0.,-2.676122154524E-15));
#9704 = ORIENTED_EDGE('',*,*,#9418,.F.);
#9705 = ORIENTED_EDGE('',*,*,#9706,.T.);
#9706 = EDGE_CURVE('',#9419,#9707,#9709,.T.);
#9707 = VERTEX_POINT('',#9708);
#9708 = CARTESIAN_POINT('',(-71.54852107456,-6.479038353649E-15,54.));
#9709 = LINE('',#9710,#9711);
#9710 = CARTESIAN_POINT('',(-21.5,0.,54.));
#9711 = VECTOR('',#9712,1.);
#9712 = DIRECTION('',(1.,0.,-2.676122154524E-15));
#9713 = ORIENTED_EDGE('',*,*,#9714,.F.);
#9714 = EDGE_CURVE('',#9698,#9707,#9715,.T.);
#9715 = B_SPLINE_CURVE_WITH_KNOTS('',6,(#9716,#9717,#9718,#9719,#9720,
    #9721,#9722,#9723,#9724,#9725,#9726,#9727,#9728,#9729,#9730,#9731,
    #9732,#9733,#9734,#9735,#9736,#9737,#9738,#9739,#9740,#9741,#9742,
    #9743,#9744,#9745,#9746,#9747,#9748,#9749,#9750,#9751,#9752,#9753,
    #9754,#9755,#9756,#9757,#9758,#9759,#9760,#9761,#9762,#9763,#9764,
    #9765,#9766,#9767,#9768,#9769,#9770,#9771,#9772,#9773,#9774,#9775,
    #9776,#9777,#9778,#9779,#9780,#9781,#9782,#9783,#9784,#9785,#9786,
    #9787,#9788,#9789,#9790,#9791,#9792,#9793,#9794,#9795,#9796,#9797,
    #9798,#9799,#9800,#9801,#9802,#9803,#9804,#9805,#9806,#9807,#9808,
    #9809,#9810,#9811,#9812,#9813,#9814,#9815,#9816,#9817,#9818,#9819,
    #9820,#9821,#9822,#9823,#9824,#9825,#9826,#9827,#9828,#9829,#9830,
    #9831,#9832,#9833,#9834,#9835,#9836,#9837,#9838,#9839,#9840,#9841,
    #9842,#9843,#9844,#9845,#9846,#9847,#9848,#9849,#9850,#9851,#9852,
    #9853,#9854,#9855,#9856,#9857,#9858,#9859,#9860,#9861,#9862,#9863,
    #9864,#9865,#9866,#9867,#9868,#9869,#9870,#9871,#9872,#9873,#9874,
    #9875,#9876,#9877,#9878,#9879,#9880,#9881,#9882),.UNSPECIFIED.,.T.,
  .F.,(7,5,5,5,5,5,5,5,5,5,5,5,5,5,5,5,5,5,5,5,5,5,5,5,5,5,5,5,5,5,5,5,5
    ,7),(0.,2.125887732911E-02,4.307701764399E-02,7.16166741177E-02,
    0.111428753663,0.145249020973,0.172864786854,0.210974289948,
    0.250000661168,0.289027032388,0.32713653548,0.35475230136,
    0.388572568668,0.428384648211,0.456924304683,0.471473225204,
    0.480425799106,0.500001548723,0.528528463897,0.543077332154,
    0.571616886104,0.61142882263,0.645248968445,0.67286463512,
    0.710974001311,0.750000232335,0.789026463358,0.827135829549,
    0.854751496223,0.888571642039,0.928383578564,0.956923132513,
    0.978821445588,1.),.UNSPECIFIED.);
#9716 = CARTESIAN_POINT('',(71.548520814047,7.112366251505E-16,54.));
#9717 = CARTESIAN_POINT('',(71.548520828841,-1.33744595572,54.));
#9718 = CARTESIAN_POINT('',(71.48008601592,-2.674992130096,54.));
#9719 = CARTESIAN_POINT('',(71.343197625232,-4.008037150019,54.));
#9720 = CARTESIAN_POINT('',(71.138913775456,-5.332341175174,54.));
#9721 = CARTESIAN_POINT('',(70.869144712852,-6.643999489505,54.));
#9722 = CARTESIAN_POINT('',(70.195179415678,-9.268937285316,54.));
#9723 = CARTESIAN_POINT('',(69.787599044375,-10.58148398206,54.));
#9724 = CARTESIAN_POINT('',(69.316606172372,-11.87329447587,54.));
#9725 = CARTESIAN_POINT('',(68.785664687958,-13.14141715217,54.));
#9726 = CARTESIAN_POINT('',(68.198498642644,-14.38357273643,54.));
#9727 = CARTESIAN_POINT('',(66.722191662103,-17.18671330566,54.));
#9728 = CARTESIAN_POINT('',(65.79575432985,-18.72801388593,54.));
#9729 = CARTESIAN_POINT('',(64.78787985888,-20.21838289618,54.));
#9730 = CARTESIAN_POINT('',(63.706881376045,-21.65591161066,54.));
#9731 = CARTESIAN_POINT('',(62.560342712191,-23.03986615056,54.));
#9732 = CARTESIAN_POINT('',(59.673012187437,-26.22654360042,54.));
#9733 = CARTESIAN_POINT('',(57.876752908303,-27.97834137843,54.));
#9734 = CARTESIAN_POINT('',(55.983437612934,-29.62672888736,54.));
#9735 = CARTESIAN_POINT('',(54.008002407846,-31.17394281024,54.));
#9736 = CARTESIAN_POINT('',(51.962569897203,-32.62319387802,54.));
#9737 = CARTESIAN_POINT('',(48.066582922901,-35.12925557011,54.));
#9738 = CARTESIAN_POINT('',(46.233333844131,-36.21210738373,54.));
#9739 = CARTESIAN_POINT('',(44.362050378358,-37.22890265789,54.));
#9740 = CARTESIAN_POINT('',(42.457633257354,-38.18160976195,54.));
#9741 = CARTESIAN_POINT('',(40.524204765279,-39.07211828579,54.));
#9742 = CARTESIAN_POINT('',(36.965372957434,-40.57997996961,54.));
#9743 = CARTESIAN_POINT('',(35.348595869516,-41.21744827535,54.));
#9744 = CARTESIAN_POINT('',(33.716609538126,-41.81553647391,54.));
#9745 = CARTESIAN_POINT('',(32.071074288705,-42.37508283123,54.));
#9746 = CARTESIAN_POINT('',(30.413459056044,-42.89683726506,54.));
#9747 = CARTESIAN_POINT('',(26.442653209708,-44.0502744873,54.));
#9748 = CARTESIAN_POINT('',(24.119769729163,-44.64836911764,54.));
#9749 = CARTESIAN_POINT('',(21.779748604308,-45.17754549447,54.));
#9750 = CARTESIAN_POINT('',(19.42558616294,-45.63920420031,54.));
#9751 = CARTESIAN_POINT('',(17.059949014565,-46.03448068361,54.));
#9752 = CARTESIAN_POINT('',(12.253256484669,-46.70190013319,54.));
#9753 = CARTESIAN_POINT('',(9.811832570795,-46.97084149644,54.));
#9754 = CARTESIAN_POINT('',(7.363426343189,-47.1719650825,54.));
#9755 = CARTESIAN_POINT('',(4.910457966038,-47.30584565046,54.));
#9756 = CARTESIAN_POINT('',(2.45524496822,-47.37278766668,54.));
#9757 = CARTESIAN_POINT('',(-2.455244968191,-47.37278766668,54.));
#9758 = CARTESIAN_POINT('',(-4.910457966027,-47.30584565046,54.));
#9759 = CARTESIAN_POINT('',(-7.363426343146,-47.1719650825,54.));
#9760 = CARTESIAN_POINT('',(-9.811832570783,-46.97084149644,54.));
#9761 = CARTESIAN_POINT('',(-12.25325648464,-46.70190013319,54.));
#9762 = CARTESIAN_POINT('',(-17.05994901453,-46.03448068361,54.));
#9763 = CARTESIAN_POINT('',(-19.42558616291,-45.63920420031,54.));
#9764 = CARTESIAN_POINT('',(-21.77974860428,-45.17754549448,54.));
#9765 = CARTESIAN_POINT('',(-24.11976972913,-44.64836911765,54.));
#9766 = CARTESIAN_POINT('',(-26.44265320968,-44.05027448731,54.));
#9767 = CARTESIAN_POINT('',(-30.41345905602,-42.89683726507,54.));
#9768 = CARTESIAN_POINT('',(-32.07107428867,-42.37508283124,54.));
#9769 = CARTESIAN_POINT('',(-33.7166095381,-41.81553647392,54.));
#9770 = CARTESIAN_POINT('',(-35.34859586949,-41.21744827536,54.));
#9771 = CARTESIAN_POINT('',(-36.96537295741,-40.57997996962,54.));
#9772 = CARTESIAN_POINT('',(-40.52420476525,-39.07211828581,54.));
#9773 = CARTESIAN_POINT('',(-42.45763325736,-38.18160976195,54.));
#9774 = CARTESIAN_POINT('',(-44.3620503783,-37.22890265793,54.));
#9775 = CARTESIAN_POINT('',(-46.23333384413,-36.21210738373,54.));
#9776 = CARTESIAN_POINT('',(-48.06658292287,-35.12925557013,54.));
#9777 = CARTESIAN_POINT('',(-51.96256989716,-32.62319387802,54.));
#9778 = CARTESIAN_POINT('',(-54.0080024079,-31.17394281027,54.));
#9779 = CARTESIAN_POINT('',(-55.98343761281,-29.62672888735,54.));
#9780 = CARTESIAN_POINT('',(-57.87675290836,-27.97834137845,54.));
#9781 = CARTESIAN_POINT('',(-59.67301218739,-26.22654360043,54.));
#9782 = CARTESIAN_POINT('',(-62.56034271217,-23.03986615057,54.));
#9783 = CARTESIAN_POINT('',(-63.70688137605,-21.65591161068,54.));
#9784 = CARTESIAN_POINT('',(-64.78787985883,-20.21838289619,54.));
#9785 = CARTESIAN_POINT('',(-65.79575432986,-18.72801388595,54.));
#9786 = CARTESIAN_POINT('',(-66.72219166208,-17.18671330567,54.));
#9787 = CARTESIAN_POINT('',(-67.98539174513,-14.78821003717,54.));
#9788 = CARTESIAN_POINT('',(-68.38858041449,-13.96606097131,54.));
#9789 = CARTESIAN_POINT('',(-68.76732796132,-13.13211512431,54.));
#9790 = CARTESIAN_POINT('',(-69.12052561649,-12.28698465533,54.));
#9791 = CARTESIAN_POINT('',(-69.44710275274,-11.43141643973,54.));
#9792 = CARTESIAN_POINT('',(-69.93003012159,-10.03397095647,54.));
#9793 = CARTESIAN_POINT('',(-70.10353941711,-9.498019273044,54.));
#9794 = CARTESIAN_POINT('',(-70.266362183,-8.958662724811,54.));
#9795 = CARTESIAN_POINT('',(-70.41827991454,-8.41612811186,54.));
#9796 = CARTESIAN_POINT('',(-70.5590904938,-7.870661108283,54.));
#9797 = CARTESIAN_POINT('',(-70.97182451104,-6.123974716418,54.));
#9798 = CARTESIAN_POINT('',(-71.2010744869,-4.912606890763,54.));
#9799 = CARTESIAN_POINT('',(-71.37442795746,-3.691309493157,54.));
#9800 = CARTESIAN_POINT('',(-71.49049220711,-2.463183827022,54.));
#9801 = CARTESIAN_POINT('',(-71.54852115046,-1.231558323394,54.));
#9802 = CARTESIAN_POINT('',(-71.54852096395,1.794698205743,54.));
#9803 = CARTESIAN_POINT('',(-71.42529276482,3.589799280251,54.));
#9804 = CARTESIAN_POINT('',(-71.17873737073,5.373802142029,54.));
#9805 = CARTESIAN_POINT('',(-70.81241002058,7.136750038441,54.));
#9806 = CARTESIAN_POINT('',(-70.33226122436,8.870035756471,54.));
#9807 = CARTESIAN_POINT('',(-69.44710275276,11.431416439703,54.));
#9808 = CARTESIAN_POINT('',(-69.12052561649,12.286984655306,54.));
#9809 = CARTESIAN_POINT('',(-68.76732796133,13.132115124285,54.));
#9810 = CARTESIAN_POINT('',(-68.38858041451,13.966060971277,54.));
#9811 = CARTESIAN_POINT('',(-67.98539174514,14.788210037142,54.));
#9812 = CARTESIAN_POINT('',(-66.7221916621,17.186713305633,54.));
#9813 = CARTESIAN_POINT('',(-65.79575432988,18.728013885956,54.));
#9814 = CARTESIAN_POINT('',(-64.78787985884,20.218382896127,54.));
#9815 = CARTESIAN_POINT('',(-63.70688137609,21.655911610672,54.));
#9816 = CARTESIAN_POINT('',(-62.56034271219,23.039866150542,54.));
#9817 = CARTESIAN_POINT('',(-59.67301218744,26.226543600411,54.));
#9818 = CARTESIAN_POINT('',(-57.87675290832,27.978341378411,54.));
#9819 = CARTESIAN_POINT('',(-55.98343761295,29.626728887354,54.));
#9820 = CARTESIAN_POINT('',(-54.00800240784,31.173942810234,54.));
#9821 = CARTESIAN_POINT('',(-51.96256989723,32.623193878009,54.));
#9822 = CARTESIAN_POINT('',(-48.06658292293,35.129255570105,54.));
#9823 = CARTESIAN_POINT('',(-46.23333384411,36.212107383731,54.));
#9824 = CARTESIAN_POINT('',(-44.36205037842,37.22890265788,54.));
#9825 = CARTESIAN_POINT('',(-42.45763325734,38.181609761956,54.));
#9826 = CARTESIAN_POINT('',(-40.52420476531,39.072118285782,54.));
#9827 = CARTESIAN_POINT('',(-36.96537295745,40.579979969603,54.));
#9828 = CARTESIAN_POINT('',(-35.34859586953,41.217448275345,54.));
#9829 = CARTESIAN_POINT('',(-33.71660953814,41.815536473904,54.));
#9830 = CARTESIAN_POINT('',(-32.07107428872,42.375082831231,54.));
#9831 = CARTESIAN_POINT('',(-30.41345905606,42.896837265058,54.));
#9832 = CARTESIAN_POINT('',(-26.44265320972,44.050274487302,54.));
#9833 = CARTESIAN_POINT('',(-24.11976972922,44.648369117639,54.));
#9834 = CARTESIAN_POINT('',(-21.77974860428,45.177545494482,54.));
#9835 = CARTESIAN_POINT('',(-19.42558616299,45.639204200297,54.));
#9836 = CARTESIAN_POINT('',(-17.05994901457,46.034480683613,54.));
#9837 = CARTESIAN_POINT('',(-12.25325648468,46.701900133188,54.));
#9838 = CARTESIAN_POINT('',(-9.81183257084,46.970841496454,54.));
#9839 = CARTESIAN_POINT('',(-7.36342634319,47.171965082485,54.));
#9840 = CARTESIAN_POINT('',(-4.910457966075,47.305845650473,54.));
#9841 = CARTESIAN_POINT('',(-2.455244968242,47.372787666676,54.));
#9842 = CARTESIAN_POINT('',(2.455244968161,47.372787666678,54.));
#9843 = CARTESIAN_POINT('',(4.910457966024,47.305845650471,54.));
#9844 = CARTESIAN_POINT('',(7.363426343079,47.171965082499,54.));
#9845 = CARTESIAN_POINT('',(9.811832570797,46.970841496453,54.));
#9846 = CARTESIAN_POINT('',(12.253256484603,46.701900133199,54.));
#9847 = CARTESIAN_POINT('',(17.059949014516,46.034480683615,54.));
#9848 = CARTESIAN_POINT('',(19.425586162898,45.639204200337,54.));
#9849 = CARTESIAN_POINT('',(21.779748604256,45.177545494463,54.));
#9850 = CARTESIAN_POINT('',(24.119769729116,44.648369117675,54.));
#9851 = CARTESIAN_POINT('',(26.442653209663,44.050274487315,54.));
#9852 = CARTESIAN_POINT('',(30.413459056,42.896837265079,54.));
#9853 = CARTESIAN_POINT('',(32.071074288659,42.375082831253,54.));
#9854 = CARTESIAN_POINT('',(33.716609538082,41.815536473927,54.));
#9855 = CARTESIAN_POINT('',(35.348595869474,41.21744827537,54.));
#9856 = CARTESIAN_POINT('',(36.965372957391,40.579979969628,54.));
#9857 = CARTESIAN_POINT('',(40.52420476524,39.07211828582,54.));
#9858 = CARTESIAN_POINT('',(42.457633257308,38.181609761958,54.));
#9859 = CARTESIAN_POINT('',(44.36205037833,37.228902657942,54.));
#9860 = CARTESIAN_POINT('',(46.233333844081,36.212107383745,54.));
#9861 = CARTESIAN_POINT('',(48.066582922869,35.129255570141,54.));
#9862 = CARTESIAN_POINT('',(51.962569897167,32.623193878042,54.));
#9863 = CARTESIAN_POINT('',(54.00800240782,31.173942810284,54.));
#9864 = CARTESIAN_POINT('',(55.983437612896,29.626728887371,54.));
#9865 = CARTESIAN_POINT('',(57.87675290828,27.978341378467,54.));
#9866 = CARTESIAN_POINT('',(59.673012187409,26.226543600445,54.));
#9867 = CARTESIAN_POINT('',(62.56034271217,23.039866150583,54.));
#9868 = CARTESIAN_POINT('',(63.706881376018,21.655911610713,54.));
#9869 = CARTESIAN_POINT('',(64.787879858867,20.218382896179,54.));
#9870 = CARTESIAN_POINT('',(65.795754329827,18.728013885988,54.));
#9871 = CARTESIAN_POINT('',(66.722191662088,17.186713305681,54.));
#9872 = CARTESIAN_POINT('',(68.200851320872,14.379105582769,54.));
#9873 = CARTESIAN_POINT('',(68.789983599892,13.132278625725,54.));
#9874 = CARTESIAN_POINT('',(69.322462865245,11.859299569048,54.));
#9875 = CARTESIAN_POINT('',(69.794523983447,10.562475331254,54.));
#9876 = CARTESIAN_POINT('',(70.202666802666,9.244795001033,54.));
#9877 = CARTESIAN_POINT('',(70.874227103845,6.619240648014,54.));
#9878 = CARTESIAN_POINT('',(71.141992770622,5.312343426511,54.));
#9879 = CARTESIAN_POINT('',(71.344745054657,3.992939638574,54.));
#9880 = CARTESIAN_POINT('',(71.480601690915,2.664893279543,54.));
#9881 = CARTESIAN_POINT('',(71.548520828404,1.332397432113,54.));
#9882 = CARTESIAN_POINT('',(71.548520814047,-1.347880140834E-14,54.));
#9883 = PLANE('',#9884);
#9884 = AXIS2_PLACEMENT_3D('',#9885,#9886,#9887);
#9885 = CARTESIAN_POINT('',(72.,-7.105427357601E-15,54.));
#9886 = DIRECTION('',(-2.676122154524E-15,-5.0336265605E-15,-1.));
#9887 = DIRECTION('',(-0.998754342564,-4.989752709059E-02,
    2.923954140729E-15));
#9888 = ADVANCED_FACE('',(#9889),#10014,.T.);
#9889 = FACE_BOUND('',#9890,.T.);
#9890 = EDGE_LOOP('',(#9891,#9892,#9893,#9901));
#9891 = ORIENTED_EDGE('',*,*,#9706,.F.);
#9892 = ORIENTED_EDGE('',*,*,#9483,.T.);
#9893 = ORIENTED_EDGE('',*,*,#9894,.T.);
#9894 = EDGE_CURVE('',#9457,#9895,#9897,.T.);
#9895 = VERTEX_POINT('',#9896);
#9896 = CARTESIAN_POINT('',(-77.40643113042,-5.663403761351E-15,194.));
#9897 = LINE('',#9898,#9899);
#9898 = CARTESIAN_POINT('',(-18.49999999999,0.,194.));
#9899 = VECTOR('',#9900,1.);
#9900 = DIRECTION('',(1.,0.,-8.257515148142E-15));
#9901 = ORIENTED_EDGE('',*,*,#9902,.F.);
#9902 = EDGE_CURVE('',#9707,#9895,#9903,.T.);
#9903 = B_SPLINE_CURVE_WITH_KNOTS('',4,(#9904,#9905,#9906,#9907,#9908,
    #9909,#9910,#9911,#9912,#9913,#9914,#9915,#9916,#9917,#9918,#9919,
    #9920,#9921,#9922,#9923,#9924,#9925,#9926,#9927,#9928,#9929,#9930,
    #9931,#9932,#9933,#9934,#9935,#9936,#9937,#9938,#9939,#9940,#9941,
    #9942,#9943,#9944,#9945,#9946,#9947,#9948,#9949,#9950,#9951,#9952,
    #9953,#9954,#9955,#9956,#9957,#9958,#9959,#9960,#9961,#9962,#9963,
    #9964,#9965,#9966,#9967,#9968,#9969,#9970,#9971,#9972,#9973,#9974,
    #9975,#9976,#9977,#9978,#9979,#9980,#9981,#9982,#9983,#9984,#9985,
    #9986,#9987,#9988,#9989,#9990,#9991,#9992,#9993,#9994,#9995,#9996,
    #9997,#9998,#9999,#10000,#10001,#10002,#10003,#10004,#10005,#10006,
    #10007,#10008,#10009,#10010,#10011,#10012,#10013),.UNSPECIFIED.,.F.,
  .F.,(5,3,3,3,3,3,3,3,3,3,3,3,3,3,3,3,3,3,3,3,3,3,3,3,3,3,3,3,3,3,3,3,3
    ,3,3,3,5),(0.,1.347214654277E-02,1.989857938182E-02,
    2.300962230625E-02,2.591894517689E-02,5.666334912615E-02,
    8.702538651252E-02,0.117425543094,0.147681500979,0.178006594577,
    0.208213603564,0.238411250773,0.268606687374,0.298904555794,
    0.329109880247,0.359324326067,0.389549132667,0.419884174748,
    0.450130343801,0.480386558759,0.510652218804,0.541026500508,
    0.57131023109,0.60170333538,0.632008138406,0.662426840431,
    0.692764230118,0.723125945341,0.753519842711,0.784056145645,
    0.814547072514,0.84510771019,0.875755925498,0.906613975317,
    0.937503641604,0.968553297555,1.),.UNSPECIFIED.);
#9904 = CARTESIAN_POINT('',(-71.54845697357,0.,53.999931745512));
#9905 = CARTESIAN_POINT('',(-71.8985720165,0.,54.374253847075));
#9906 = CARTESIAN_POINT('',(-72.24609459467,0.,54.751000745421));
#9907 = CARTESIAN_POINT('',(-72.5910044514,0.,55.13014088626));
#9908 = CARTESIAN_POINT('',(-73.09655481995,0.,55.693624462048));
#9909 = CARTESIAN_POINT('',(-73.25922821931,0.,55.876144030233));
#9910 = CARTESIAN_POINT('',(-73.42130072258,0.,56.059197376144));
#9911 = CARTESIAN_POINT('',(-73.66093793989,0.,56.331654011004));
#9912 = CARTESIAN_POINT('',(-73.73896425759,0.,56.420651302525));
#9913 = CARTESIAN_POINT('',(-73.81684905802,0.,56.509772466136));
#9914 = CARTESIAN_POINT('',(-73.96729431718,0.,56.682475115479));
#9915 = CARTESIAN_POINT('',(-74.03987256091,0.,56.76604110839));
#9916 = CARTESIAN_POINT('',(-74.11232666665,0.,56.849714754378));
#9917 = CARTESIAN_POINT('',(-74.94900483216,0.,57.818855014908));
#9918 = CARTESIAN_POINT('',(-75.69947022884,0.,58.716199758185));
#9919 = CARTESIAN_POINT('',(-76.43584059733,0.,59.625142763676));
#9920 = CARTESIAN_POINT('',(-77.87105075815,0.,61.453989553889));
#9921 = CARTESIAN_POINT('',(-78.57024335952,0.,62.373616615499));
#9922 = CARTESIAN_POINT('',(-79.25534059365,0.,63.303787981354));
#9923 = CARTESIAN_POINT('',(-80.59789643444,0.,65.185630077721));
#9924 = CARTESIAN_POINT('',(-81.2553191797,0.,66.137326485628));
#9925 = CARTESIAN_POINT('',(-81.89832006745,0.,67.098821714837));
#9926 = CARTESIAN_POINT('',(-83.15225676633,0.,69.036032482508));
#9927 = CARTESIAN_POINT('',(-83.76333010975,0.,70.011659050915));
#9928 = CARTESIAN_POINT('',(-84.35988051222,0.,70.996229074573));
#9929 = CARTESIAN_POINT('',(-85.52507179413,0.,72.984771186137));
#9930 = CARTESIAN_POINT('',(-86.09364567877,0.,73.988782548384));
#9931 = CARTESIAN_POINT('',(-86.64743562321,0.,75.00101995962));
#9932 = CARTESIAN_POINT('',(-87.72319175666,0.,77.037226781328));
#9933 = CARTESIAN_POINT('',(-88.24527336139,0.,78.06113520849));
#9934 = CARTESIAN_POINT('',(-88.75253005254,0.,79.092465232113));
#9935 = CARTESIAN_POINT('',(-89.73711589212,0.,81.168921731481));
#9936 = CARTESIAN_POINT('',(-90.21445416235,0.,82.214043852898));
#9937 = CARTESIAN_POINT('',(-90.6768515804,0.,83.265858712151));
#9938 = CARTESIAN_POINT('',(-91.57163118122,0.,85.382088119824));
#9939 = CARTESIAN_POINT('',(-92.0040154603,0.,86.446501736365));
#9940 = CARTESIAN_POINT('',(-92.42136020878,0.,87.51689898201));
#9941 = CARTESIAN_POINT('',(-93.22725307919,0.,89.672619195669));
#9942 = CARTESIAN_POINT('',(-93.61569862121,0.,90.757980453385));
#9943 = CARTESIAN_POINT('',(-93.98891945726,0.,91.8486683944));
#9944 = CARTESIAN_POINT('',(-94.70374907834,0.,94.036668225618));
#9945 = CARTESIAN_POINT('',(-95.04545086029,0.,95.133949665435));
#9946 = CARTESIAN_POINT('',(-95.37195197369,0.,96.235847789679));
#9947 = CARTESIAN_POINT('',(-95.99458745134,0.,98.448549551316));
#9948 = CARTESIAN_POINT('',(-96.29071254911,0.,99.559355722066));
#9949 = CARTESIAN_POINT('',(-96.57156825404,0.,100.67411894915));
#9950 = CARTESIAN_POINT('',(-97.10277807689,0.,102.91129311915));
#9951 = CARTESIAN_POINT('',(-97.3531216489,0.,104.03370648738));
#9952 = CARTESIAN_POINT('',(-97.58813136666,0.,105.15942912807));
#9953 = CARTESIAN_POINT('',(-98.02823300756,0.,107.42096909778));
#9954 = CARTESIAN_POINT('',(-98.23321264824,0.,108.5568081949));
#9955 = CARTESIAN_POINT('',(-98.42269465449,0.,109.69533435984));
#9956 = CARTESIAN_POINT('',(-98.77010261826,0.,111.97377812159));
#9957 = CARTESIAN_POINT('',(-98.92811937314,0.,113.11368179015));
#9958 = CARTESIAN_POINT('',(-99.07067835762,0.,114.25562120255));
#9959 = CARTESIAN_POINT('',(-99.32487158049,0.,116.54332080585));
#9960 = CARTESIAN_POINT('',(-99.4364955195,0.,117.6890820578));
#9961 = CARTESIAN_POINT('',(-99.53259992379,0.,118.83624924247));
#9962 = CARTESIAN_POINT('',(-99.69374205403,0.,121.1331234714));
#9963 = CARTESIAN_POINT('',(-99.75877007426,0.,122.2828311142));
#9964 = CARTESIAN_POINT('',(-99.80821604457,0.,123.43331453196));
#9965 = CARTESIAN_POINT('',(-99.87601144042,0.,125.73932991407));
#9966 = CARTESIAN_POINT('',(-99.89424864161,0.,126.89486509686));
#9967 = CARTESIAN_POINT('',(-99.89673736461,0.,128.05054217216));
#9968 = CARTESIAN_POINT('',(-99.87020292711,0.,130.35808886913));
#9969 = CARTESIAN_POINT('',(-99.8412737174,0.,131.50995949349));
#9970 = CARTESIAN_POINT('',(-99.79663565762,0.,132.66132937392));
#9971 = CARTESIAN_POINT('',(-99.67567147756,0.,134.96657322753));
#9972 = CARTESIAN_POINT('',(-99.599231539,0.,136.12044115566));
#9973 = CARTESIAN_POINT('',(-99.50691630361,0.,137.27314897202));
#9974 = CARTESIAN_POINT('',(-99.29080115562,0.,139.57223093547));
#9975 = CARTESIAN_POINT('',(-99.16709355372,0.,140.71861369344));
#9976 = CARTESIAN_POINT('',(-99.02755467019,0.,141.86317899921));
#9977 = CARTESIAN_POINT('',(-98.71619002198,0.,144.15229116513));
#9978 = CARTESIAN_POINT('',(-98.54424495287,0.,145.29682174));
#9979 = CARTESIAN_POINT('',(-98.35630875182,0.,146.43883747132));
#9980 = CARTESIAN_POINT('',(-97.94897063147,0.,148.71409305768));
#9981 = CARTESIAN_POINT('',(-97.7296542513,0.,149.84734817981));
#9982 = CARTESIAN_POINT('',(-97.49440376171,0.,150.97740534744));
#9983 = CARTESIAN_POINT('',(-96.99182173719,0.,153.23131443412));
#9984 = CARTESIAN_POINT('',(-96.72446472555,0.,154.35516063976));
#9985 = CARTESIAN_POINT('',(-96.4411366844,0.,155.47508964232));
#9986 = CARTESIAN_POINT('',(-95.84223252378,0.,157.7075642005));
#9987 = CARTESIAN_POINT('',(-95.52662264538,0.,158.82010068428));
#9988 = CARTESIAN_POINT('',(-95.19501920693,0.,159.92797806833));
#9989 = CARTESIAN_POINT('',(-94.49823693896,0.,162.13883157776));
#9990 = CARTESIAN_POINT('',(-94.13290818791,0.,163.24176045957));
#9991 = CARTESIAN_POINT('',(-93.75147648102,0.,164.33922735793));
#9992 = CARTESIAN_POINT('',(-92.95707493723,0.,166.52083988608));
#9993 = CARTESIAN_POINT('',(-92.5441529184,0.,167.60500295956));
#9994 = CARTESIAN_POINT('',(-92.11525271976,0.,168.6829479271));
#9995 = CARTESIAN_POINT('',(-91.22459876829,0.,170.82806874836));
#9996 = CARTESIAN_POINT('',(-90.76277225053,0.,171.8952144527));
#9997 = CARTESIAN_POINT('',(-90.28501501336,0.,172.95532682735));
#9998 = CARTESIAN_POINT('',(-89.29639546228,0.,175.06370860038));
#9999 = CARTESIAN_POINT('',(-88.78544229636,0.,176.11193549733));
#10000 = CARTESIAN_POINT('',(-88.25863922051,0.,177.15229004155));
#10001 = CARTESIAN_POINT('',(-87.16984841868,0.,179.22352237022));
#10002 = CARTESIAN_POINT('',(-86.60764456781,0.,180.254286687));
#10003 = CARTESIAN_POINT('',(-86.02960680507,0.,181.2762585506));
#10004 = CARTESIAN_POINT('',(-84.84155426439,0.,183.30285063606));
#10005 = CARTESIAN_POINT('',(-84.23150737548,0.,184.30745222353));
#10006 = CARTESIAN_POINT('',(-83.60589413337,0.,185.30243698006));
#10007 = CARTESIAN_POINT('',(-82.32058442736,0.,187.27748817066));
#10008 = CARTESIAN_POINT('',(-81.66072822234,0.,188.25745089269));
#10009 = CARTESIAN_POINT('',(-80.98551835919,0.,189.22690061188));
#10010 = CARTESIAN_POINT('',(-79.59601238018,0.,191.15626565029));
#10011 = CARTESIAN_POINT('',(-78.8813268176,0.,192.1159008037));
#10012 = CARTESIAN_POINT('',(-78.15135574395,0.,193.06396196198));
#10013 = CARTESIAN_POINT('',(-77.40637116463,0.,194.00007493802));
#10014 = PLANE('',#10015);
#10015 = AXIS2_PLACEMENT_3D('',#10016,#10017,#10018);
#10016 = CARTESIAN_POINT('',(-115.,0.,45.));
#10017 = DIRECTION('',(0.,1.,0.));
#10018 = DIRECTION('',(0.,0.,1.));
#10019 = ADVANCED_FACE('',(#10020),#10202,.F.);
#10020 = FACE_BOUND('',#10021,.F.);
#10021 = EDGE_LOOP('',(#10022,#10030,#10031,#10032));
#10022 = ORIENTED_EDGE('',*,*,#10023,.T.);
#10023 = EDGE_CURVE('',#10024,#9448,#10026,.T.);
#10024 = VERTEX_POINT('',#10025);
#10025 = CARTESIAN_POINT('',(77.406430802325,-5.982210653714E-15,194.));
#10026 = LINE('',#10027,#10028);
#10027 = CARTESIAN_POINT('',(-18.49999999999,0.,194.));
#10028 = VECTOR('',#10029,1.);
#10029 = DIRECTION('',(1.,0.,-8.257515148142E-15));
#10030 = ORIENTED_EDGE('',*,*,#9456,.F.);
#10031 = ORIENTED_EDGE('',*,*,#9894,.T.);
#10032 = ORIENTED_EDGE('',*,*,#10033,.F.);
#10033 = EDGE_CURVE('',#10024,#9895,#10034,.T.);
#10034 = B_SPLINE_CURVE_WITH_KNOTS('',6,(#10035,#10036,#10037,#10038,
    #10039,#10040,#10041,#10042,#10043,#10044,#10045,#10046,#10047,
    #10048,#10049,#10050,#10051,#10052,#10053,#10054,#10055,#10056,
    #10057,#10058,#10059,#10060,#10061,#10062,#10063,#10064,#10065,
    #10066,#10067,#10068,#10069,#10070,#10071,#10072,#10073,#10074,
    #10075,#10076,#10077,#10078,#10079,#10080,#10081,#10082,#10083,
    #10084,#10085,#10086,#10087,#10088,#10089,#10090,#10091,#10092,
    #10093,#10094,#10095,#10096,#10097,#10098,#10099,#10100,#10101,
    #10102,#10103,#10104,#10105,#10106,#10107,#10108,#10109,#10110,
    #10111,#10112,#10113,#10114,#10115,#10116,#10117,#10118,#10119,
    #10120,#10121,#10122,#10123,#10124,#10125,#10126,#10127,#10128,
    #10129,#10130,#10131,#10132,#10133,#10134,#10135,#10136,#10137,
    #10138,#10139,#10140,#10141,#10142,#10143,#10144,#10145,#10146,
    #10147,#10148,#10149,#10150,#10151,#10152,#10153,#10154,#10155,
    #10156,#10157,#10158,#10159,#10160,#10161,#10162,#10163,#10164,
    #10165,#10166,#10167,#10168,#10169,#10170,#10171,#10172,#10173,
    #10174,#10175,#10176,#10177,#10178,#10179,#10180,#10181,#10182,
    #10183,#10184,#10185,#10186,#10187,#10188,#10189,#10190,#10191,
    #10192,#10193,#10194,#10195,#10196,#10197,#10198,#10199,#10200,
    #10201),.UNSPECIFIED.,.T.,.F.,(7,5,5,5,5,5,5,5,5,5,5,5,5,5,5,5,5,5,5
    ,5,5,5,5,5,5,5,5,5,5,5,5,5,5,7),(0.,2.267215895428E-02,
    4.598921931174E-02,7.594904465353E-02,0.116782541238,0.150367401649,
    0.177092517786,0.213233184805,0.249999802993,0.286882714292,
    0.322907087892,0.349632204126,0.383217064658,0.42405056139,
    0.45401038684,0.469474330165,0.499998478159,0.520947398176,
    0.530524096037,0.545988091142,0.57594801691,0.61678165037,
    0.650366623359,0.677091829079,0.713232617243,0.749999358675,
    0.786882393606,0.822906887962,0.849632093778,0.883217066887,
    0.924050700492,0.954010626367,0.977327764967,1.),.UNSPECIFIED.);
#10035 = CARTESIAN_POINT('',(77.406430802325,-3.72965547335E-15,194.));
#10036 = CARTESIAN_POINT('',(77.406430820846,-1.564210203102,194.));
#10037 = CARTESIAN_POINT('',(77.32624559173,-3.128532682593,194.));
#10038 = CARTESIAN_POINT('',(77.165854136388,-4.687578345353,194.));
#10039 = CARTESIAN_POINT('',(76.926451892447,-6.236362096113,194.));
#10040 = CARTESIAN_POINT('',(76.610200102356,-7.770273386299,194.));
#10041 = CARTESIAN_POINT('',(75.818920693606,-10.84293911273,194.));
#10042 = CARTESIAN_POINT('',(75.339592856255,-12.38074259895,194.));
#10043 = CARTESIAN_POINT('',(74.785341863881,-13.89395669868,194.));
#10044 = CARTESIAN_POINT('',(74.160146578382,-15.37900822439,194.));
#10045 = CARTESIAN_POINT('',(73.468306479993,-16.83309746856,194.));
#10046 = CARTESIAN_POINT('',(71.745244347332,-20.07993393263,194.));
#10047 = CARTESIAN_POINT('',(70.673486657719,-21.85114143824,194.));
#10048 = CARTESIAN_POINT('',(69.508091122355,-23.56342866824,194.));
#10049 = CARTESIAN_POINT('',(68.25827274141,-25.21436148157,194.));
#10050 = CARTESIAN_POINT('',(66.932519881049,-26.80282431795,194.));
#10051 = CARTESIAN_POINT('',(63.637826289962,-30.40846930951,194.));
#10052 = CARTESIAN_POINT('',(61.610442451112,-32.37161469103,194.));
#10053 = CARTESIAN_POINT('',(59.474508187713,-34.21834588698,194.));
#10054 = CARTESIAN_POINT('',(57.246073176329,-35.95045125578,194.));
#10055 = CARTESIAN_POINT('',(54.938368633115,-37.57083483068,194.));
#10056 = CARTESIAN_POINT('',(50.606379342905,-40.32675715436,194.));
#10057 = CARTESIAN_POINT('',(48.604775902695,-41.49712733834,194.));
#10058 = CARTESIAN_POINT('',(46.562388539589,-42.59598005027,194.));
#10059 = CARTESIAN_POINT('',(44.484252633328,-43.62505933598,194.));
#10060 = CARTESIAN_POINT('',(42.374675046043,-44.58606859642,194.));
#10061 = CARTESIAN_POINT('',(38.53631572345,-46.19244660463,194.));
#10062 = CARTESIAN_POINT('',(36.817818678742,-46.86217161791,194.));
#10063 = CARTESIAN_POINT('',(35.08354452213,-47.49058388255,194.));
#10064 = CARTESIAN_POINT('',(33.335151498978,-48.07840061123,194.));
#10065 = CARTESIAN_POINT('',(31.574128793214,-48.6262697361,194.));
#10066 = CARTESIAN_POINT('',(27.40505945733,-49.82244088385,194.));
#10067 = CARTESIAN_POINT('',(24.987701339426,-50.43810546786,194.));
#10068 = CARTESIAN_POINT('',(22.552980906695,-50.98323120653,194.));
#10069 = CARTESIAN_POINT('',(20.103854115376,-51.45898134869,194.));
#10070 = CARTESIAN_POINT('',(17.642994912795,-51.86630483116,194.));
#10071 = CARTESIAN_POINT('',(12.659803057358,-52.55140450574,194.));
#10072 = CARTESIAN_POINT('',(10.137207856265,-52.82680838355,194.));
#10073 = CARTESIAN_POINT('',(7.607535301071,-53.03287289016,194.));
#10074 = CARTESIAN_POINT('',(5.073224761204,-53.17008701437,194.));
#10075 = CARTESIAN_POINT('',(2.536625957271,-53.23869208632,194.));
#10076 = CARTESIAN_POINT('',(-2.544649323098,-53.23869207814,194.));
#10077 = CARTESIAN_POINT('',(-5.089271054694,-53.16965234612,194.));
#10078 = CARTESIAN_POINT('',(-7.631582943734,-53.03156882504,194.));
#10079 = CARTESIAN_POINT('',(-10.16921271141,-52.82419713963,194.));
#10080 = CARTESIAN_POINT('',(-12.69969698888,-52.54704209038,194.));
#10081 = CARTESIAN_POINT('',(-17.68258613511,-51.85974438472,194.));
#10082 = CARTESIAN_POINT('',(-20.13537600969,-51.45285362833,194.));
#10083 = CARTESIAN_POINT('',(-22.57648321035,-50.97796680315,194.));
#10084 = CARTESIAN_POINT('',(-25.00325796634,-50.43414263923,194.));
#10085 = CARTESIAN_POINT('',(-27.41277169614,-49.82022812265,194.));
#10086 = CARTESIAN_POINT('',(-31.57412879318,-48.62626973611,194.));
#10087 = CARTESIAN_POINT('',(-33.33515149895,-48.07840061124,194.));
#10088 = CARTESIAN_POINT('',(-35.0835445221,-47.49058388256,194.));
#10089 = CARTESIAN_POINT('',(-36.81781867871,-46.86217161792,194.));
#10090 = CARTESIAN_POINT('',(-38.53631572342,-46.19244660464,194.));
#10091 = CARTESIAN_POINT('',(-42.37467504603,-44.58606859642,194.));
#10092 = CARTESIAN_POINT('',(-44.48425263328,-43.625059336,194.));
#10093 = CARTESIAN_POINT('',(-46.56238853958,-42.59598005028,194.));
#10094 = CARTESIAN_POINT('',(-48.60477590267,-41.49712733835,194.));
#10095 = CARTESIAN_POINT('',(-50.60637934288,-40.32675715437,194.));
#10096 = CARTESIAN_POINT('',(-54.93836863309,-37.5708348307,194.));
#10097 = CARTESIAN_POINT('',(-57.24607317631,-35.95045125579,194.));
#10098 = CARTESIAN_POINT('',(-59.47450818769,-34.21834588699,194.));
#10099 = CARTESIAN_POINT('',(-61.61044245109,-32.37161469104,194.));
#10100 = CARTESIAN_POINT('',(-63.63782628994,-30.40846930953,194.));
#10101 = CARTESIAN_POINT('',(-66.93251988103,-26.80282431797,194.));
#10102 = CARTESIAN_POINT('',(-68.25827274141,-25.21436148156,194.));
#10103 = CARTESIAN_POINT('',(-69.50809112232,-23.56342866828,194.));
#10104 = CARTESIAN_POINT('',(-70.67348665772,-21.85114143824,194.));
#10105 = CARTESIAN_POINT('',(-71.74524434731,-20.07993393265,194.));
#10106 = CARTESIAN_POINT('',(-73.21432389113,-17.31168746429,194.));
#10107 = CARTESIAN_POINT('',(-73.68705771364,-16.35473141557,194.));
#10108 = CARTESIAN_POINT('',(-74.13112897705,-15.38384307229,194.));
#10109 = CARTESIAN_POINT('',(-74.54527561416,-14.39976573742,194.));
#10110 = CARTESIAN_POINT('',(-74.92828254663,-13.40339494533,194.));
#10111 = CARTESIAN_POINT('',(-75.97134936678,-10.40690752964,194.));
#10112 = CARTESIAN_POINT('',(-76.53809877169,-8.373885304281,194.));
#10113 = CARTESIAN_POINT('',(-76.97028609251,-6.305592496392,194.));
#10114 = CARTESIAN_POINT('',(-77.26108703058,-4.212330372716,194.));
#10115 = CARTESIAN_POINT('',(-77.40643099277,-2.105935154057,194.));
#10116 = CARTESIAN_POINT('',(-77.4064312249,1.445316796114,194.));
#10117 = CARTESIAN_POINT('',(-77.33797057902,2.890710034052,194.));
#10118 = CARTESIAN_POINT('',(-77.20104263198,4.33195657867,194.));
#10119 = CARTESIAN_POINT('',(-76.9965012673,5.765104179727,194.));
#10120 = CARTESIAN_POINT('',(-76.725944245,7.186458843303,194.));
#10121 = CARTESIAN_POINT('',(-76.23875192696,9.235370068883,194.));
#10122 = CARTESIAN_POINT('',(-76.07257264082,9.874998244789,194.));
#10123 = CARTESIAN_POINT('',(-75.89326838074,10.511139123126,194.));
#10124 = CARTESIAN_POINT('',(-75.70107176446,11.143497908497,194.));
#10125 = CARTESIAN_POINT('',(-75.49623463131,11.771801416882,194.));
#10126 = CARTESIAN_POINT('',(-74.92828254665,13.403394945296,194.));
#10127 = CARTESIAN_POINT('',(-74.54527561417,14.399765737391,194.));
#10128 = CARTESIAN_POINT('',(-74.13112897707,15.38384307226,194.));
#10129 = CARTESIAN_POINT('',(-73.68705771366,16.35473141554,194.));
#10130 = CARTESIAN_POINT('',(-73.21432389115,17.311687464259,194.));
#10131 = CARTESIAN_POINT('',(-71.74524434734,20.079933932627,194.));
#10132 = CARTESIAN_POINT('',(-70.67348665771,21.851141438197,194.));
#10133 = CARTESIAN_POINT('',(-69.50809112239,23.563428668268,194.));
#10134 = CARTESIAN_POINT('',(-68.2582727414,25.214361481524,194.));
#10135 = CARTESIAN_POINT('',(-66.93251988106,26.802824317946,194.));
#10136 = CARTESIAN_POINT('',(-63.63782628997,30.408469309502,194.));
#10137 = CARTESIAN_POINT('',(-61.61044245113,32.371614691017,194.));
#10138 = CARTESIAN_POINT('',(-59.47450818773,34.218345886964,194.));
#10139 = CARTESIAN_POINT('',(-57.24607317634,35.950451255774,194.));
#10140 = CARTESIAN_POINT('',(-54.93836863313,37.570834830678,194.));
#10141 = CARTESIAN_POINT('',(-50.60637934292,40.326757154355,194.));
#10142 = CARTESIAN_POINT('',(-48.6047759027,41.497127338329,194.));
#10143 = CARTESIAN_POINT('',(-46.56238853963,42.595980050273,194.));
#10144 = CARTESIAN_POINT('',(-44.48425263332,43.625059335967,194.));
#10145 = CARTESIAN_POINT('',(-42.37467504607,44.586068596413,194.));
#10146 = CARTESIAN_POINT('',(-38.53631572347,46.192446604626,194.));
#10147 = CARTESIAN_POINT('',(-36.81781867876,46.862171617896,194.));
#10148 = CARTESIAN_POINT('',(-35.08354452215,47.490583882551,194.));
#10149 = CARTESIAN_POINT('',(-33.335151499,48.078400611237,194.));
#10150 = CARTESIAN_POINT('',(-31.57412879323,48.626269736094,194.));
#10151 = CARTESIAN_POINT('',(-27.40505945735,49.822440883842,194.));
#10152 = CARTESIAN_POINT('',(-24.98770133946,50.43810546788,194.));
#10153 = CARTESIAN_POINT('',(-22.5529809067,50.983231206502,194.));
#10154 = CARTESIAN_POINT('',(-20.10385411541,51.458981348715,194.));
#10155 = CARTESIAN_POINT('',(-17.64299491281,51.86630483115,194.));
#10156 = CARTESIAN_POINT('',(-12.65980305738,52.551404505738,194.));
#10157 = CARTESIAN_POINT('',(-10.13720785629,52.826808383548,194.));
#10158 = CARTESIAN_POINT('',(-7.607535301097,53.032872890159,194.));
#10159 = CARTESIAN_POINT('',(-5.073224761226,53.170087014374,194.));
#10160 = CARTESIAN_POINT('',(-2.5366259573,53.238692086329,194.));
#10161 = CARTESIAN_POINT('',(2.54464932307,53.238692078156,194.));
#10162 = CARTESIAN_POINT('',(5.089271054668,53.169652346113,194.));
#10163 = CARTESIAN_POINT('',(7.631582943709,53.031568825049,194.));
#10164 = CARTESIAN_POINT('',(10.169212711388,52.824197139652,194.));
#10165 = CARTESIAN_POINT('',(12.69969698886,52.547042090384,194.));
#10166 = CARTESIAN_POINT('',(17.682586135087,51.859744384747,194.));
#10167 = CARTESIAN_POINT('',(20.135376009653,51.4528536283,194.));
#10168 = CARTESIAN_POINT('',(22.576483210364,50.977966803204,194.));
#10169 = CARTESIAN_POINT('',(25.003257966283,50.434142639214,194.));
#10170 = CARTESIAN_POINT('',(27.412771696129,49.820228122667,194.));
#10171 = CARTESIAN_POINT('',(31.574128793165,48.626269736121,194.));
#10172 = CARTESIAN_POINT('',(33.33515149893,48.078400611253,194.));
#10173 = CARTESIAN_POINT('',(35.083544522083,47.490583882576,194.));
#10174 = CARTESIAN_POINT('',(36.817818678696,46.862171617931,194.));
#10175 = CARTESIAN_POINT('',(38.536315723404,46.192446604649,194.));
#10176 = CARTESIAN_POINT('',(42.374675045996,44.586068596443,194.));
#10177 = CARTESIAN_POINT('',(44.484252633288,43.625059336001,194.));
#10178 = CARTESIAN_POINT('',(46.562388539547,42.595980050305,194.));
#10179 = CARTESIAN_POINT('',(48.604775902651,41.497127338365,194.));
#10180 = CARTESIAN_POINT('',(50.606379342866,40.326757154391,194.));
#10181 = CARTESIAN_POINT('',(54.938368633076,37.570834830715,194.));
#10182 = CARTESIAN_POINT('',(57.246073176296,35.950451255815,194.));
#10183 = CARTESIAN_POINT('',(59.47450818768,34.218345887007,194.));
#10184 = CARTESIAN_POINT('',(61.610442451079,32.371614691059,194.));
#10185 = CARTESIAN_POINT('',(63.637826289934,30.408469309546,194.));
#10186 = CARTESIAN_POINT('',(66.932519881024,26.802824317971,194.));
#10187 = CARTESIAN_POINT('',(68.258272741387,25.214361481634,194.));
#10188 = CARTESIAN_POINT('',(69.508091122333,23.563428668235,194.));
#10189 = CARTESIAN_POINT('',(70.6734866577,21.851141438297,194.));
#10190 = CARTESIAN_POINT('',(71.745244347314,20.079933932663,194.));
#10191 = CARTESIAN_POINT('',(73.468306479977,16.833097468604,194.));
#10192 = CARTESIAN_POINT('',(74.160146578373,15.3790082244,194.));
#10193 = CARTESIAN_POINT('',(74.785341863862,13.893956698758,194.));
#10194 = CARTESIAN_POINT('',(75.339592856248,12.380742598958,194.));
#10195 = CARTESIAN_POINT('',(75.818920693595,10.842939112773,194.));
#10196 = CARTESIAN_POINT('',(76.610200102349,7.770273386327,194.));
#10197 = CARTESIAN_POINT('',(76.926451892444,6.236362096132,194.));
#10198 = CARTESIAN_POINT('',(77.165854136383,4.687578345371,194.));
#10199 = CARTESIAN_POINT('',(77.32624559173,3.128532682603,194.));
#10200 = CARTESIAN_POINT('',(77.406430820845,1.564210203108,194.));
#10201 = CARTESIAN_POINT('',(77.406430802325,-5.939693181745E-15,194.));
#10202 = PLANE('',#10203);
#10203 = AXIS2_PLACEMENT_3D('',#10204,#10205,#10206);
#10204 = CARTESIAN_POINT('',(78.,0.,194.));
#10205 = DIRECTION('',(-8.257515148142E-15,-1.387691245137E-14,-1.));
#10206 = DIRECTION('',(-0.998656876747,-5.181160609569E-02,
    8.965409409288E-15));
#10207 = ADVANCED_FACE('',(#10208),#10220,.T.);
#10208 = FACE_BOUND('',#10209,.T.);
#10209 = EDGE_LOOP('',(#10210,#10211,#10212,#10219));
#10210 = ORIENTED_EDGE('',*,*,#9447,.F.);
#10211 = ORIENTED_EDGE('',*,*,#9697,.F.);
#10212 = ORIENTED_EDGE('',*,*,#10213,.T.);
#10213 = EDGE_CURVE('',#9698,#10024,#10214,.T.);
#10214 = ( BOUNDED_CURVE() B_SPLINE_CURVE(3,(#10215,#10216,#10217,#10218
),.UNSPECIFIED.,.F.,.F.) B_SPLINE_CURVE_WITH_KNOTS((4,4),(0.,1.),
.PIECEWISE_BEZIER_KNOTS.) CURVE() GEOMETRIC_REPRESENTATION_ITEM() 
RATIONAL_B_SPLINE_CURVE((1.,1.,1.,1.)) REPRESENTATION_ITEM('') );
#10215 = CARTESIAN_POINT('',(70.6,-1.42108547152E-14,53.));
#10216 = CARTESIAN_POINT('',(106.63937982708,-1.682721441193E-15,
    90.466879546447));
#10217 = CARTESIAN_POINT('',(110.33356327351,4.017466092761E-14,
    153.7179398577));
#10218 = CARTESIAN_POINT('',(76.6,-7.105427357601E-15,195.));
#10219 = ORIENTED_EDGE('',*,*,#10023,.T.);
#10220 = PLANE('',#10221);
#10221 = AXIS2_PLACEMENT_3D('',#10222,#10223,#10224);
#10222 = CARTESIAN_POINT('',(-115.,0.,45.));
#10223 = DIRECTION('',(0.,1.,0.));
#10224 = DIRECTION('',(0.,0.,1.));
#10225 = ADVANCED_FACE('',(#10226),#10232,.F.);
#10226 = FACE_BOUND('',#10227,.F.);
#10227 = EDGE_LOOP('',(#10228,#10229,#10230,#10231));
#10228 = ORIENTED_EDGE('',*,*,#9714,.F.);
#10229 = ORIENTED_EDGE('',*,*,#10213,.T.);
#10230 = ORIENTED_EDGE('',*,*,#10033,.T.);
#10231 = ORIENTED_EDGE('',*,*,#9902,.F.);
#10232 = ( BOUNDED_SURFACE() B_SPLINE_SURFACE(11,3,(
    (#10233,#10234,#10235,#10236)
    ,(#10237,#10238,#10239,#10240)
    ,(#10241,#10242,#10243,#10244)
    ,(#10245,#10246,#10247,#10248)
    ,(#10249,#10250,#10251,#10252)
    ,(#10253,#10254,#10255,#10256)
    ,(#10257,#10258,#10259,#10260)
    ,(#10261,#10262,#10263,#10264)
    ,(#10265,#10266,#10267,#10268)
    ,(#10269,#10270,#10271,#10272)
    ,(#10273,#10274,#10275,#10276)
    ,(#10277,#10278,#10279,#10280)
    ,(#10281,#10282,#10283,#10284)
    ,(#10285,#10286,#10287,#10288)
    ,(#10289,#10290,#10291,#10292)
    ,(#10293,#10294,#10295,#10296)
    ,(#10297,#10298,#10299,#10300)
    ,(#10301,#10302,#10303,#10304)
    ,(#10305,#10306,#10307,#10308)
    ,(#10309,#10310,#10311,#10312)
    ,(#10313,#10314,#10315,#10316)
    ,(#10317,#10318,#10319,#10320
)),.UNSPECIFIED.,.T.,.F.,.F.) B_SPLINE_SURFACE_WITH_KNOTS((12,10,12),(4,
4),(0.,0.5,1.),(0.,1.),.UNSPECIFIED.) GEOMETRIC_REPRESENTATION_ITEM() 
RATIONAL_B_SPLINE_SURFACE((
    (1.,1.,1.,1.)
    ,(1.,1.,1.,1.)
    ,(1.,1.,1.,1.)
    ,(1.,1.,1.,1.)
    ,(1.,1.,1.,1.)
    ,(1.,1.,1.,1.)
    ,(1.,1.,1.,1.)
    ,(1.,1.,1.,1.)
    ,(1.,1.,1.,1.)
    ,(1.,1.,1.,1.)
    ,(1.,1.,1.,1.)
    ,(1.,1.,1.,1.)
    ,(1.,1.,1.,1.)
    ,(1.,1.,1.,1.)
    ,(1.,1.,1.,1.)
    ,(1.,1.,1.,1.)
    ,(1.,1.,1.,1.)
    ,(1.,1.,1.,1.)
    ,(1.,1.,1.,1.)
    ,(1.,1.,1.,1.)
    ,(1.,1.,1.,1.)
,(1.,1.,1.,1.))) REPRESENTATION_ITEM('') SURFACE() );
#10233 = CARTESIAN_POINT('',(70.6,-1.42108547152E-14,53.));
#10234 = CARTESIAN_POINT('',(106.63937982708,-1.682721441193E-15,
    90.466879546447));
#10235 = CARTESIAN_POINT('',(110.33356327351,4.017466092761E-14,
    153.7179398577));
#10236 = CARTESIAN_POINT('',(76.6,-7.105427357601E-15,195.));
#10237 = CARTESIAN_POINT('',(70.599999999997,13.308928877932,
    52.999999999997));
#10238 = CARTESIAN_POINT('',(106.63937982707,21.693896763468,
    90.466879546441));
#10239 = CARTESIAN_POINT('',(110.33356327351,22.653876877326,
    153.7179398577));
#10240 = CARTESIAN_POINT('',(76.599999999997,15.022524870799,
    194.99999999999));
#10241 = CARTESIAN_POINT('',(64.265508317881,26.617856715455,
    53.000000000011));
#10242 = CARTESIAN_POINT('',(97.071302426224,43.387791831041,
    90.466879546469));
#10243 = CARTESIAN_POINT('',(100.43403014581,45.307751983699,
    153.71793985774));
#10244 = CARTESIAN_POINT('',(69.727166248578,30.045048567228,
    195.00000000003));
#10245 = CARTESIAN_POINT('',(51.596526443481,38.467306249237,
    52.999999999975));
#10246 = CARTESIAN_POINT('',(77.935149874831,62.702699683329,
    90.4668795464));
#10247 = CARTESIAN_POINT('',(80.634966218808,65.47736692904,
    153.71793985763));
#10248 = CARTESIAN_POINT('',(55.981500362193,43.420178298501,
    194.99999999992));
#10249 = CARTESIAN_POINT('',(33.461363991758,47.39774141211,
    53.000000000038));
#10250 = CARTESIAN_POINT('',(50.542480230188,77.259538949122,
    90.466879546517));
#10251 = CARTESIAN_POINT('',(52.293364322937,80.678363229748,
    153.71793985781));
#10252 = CARTESIAN_POINT('',(36.305105974056,53.500454898638,
    195.0000000001));
#10253 = CARTESIAN_POINT('',(11.596693899358,52.207055089649,
    52.999999999957));
#10254 = CARTESIAN_POINT('',(17.516490729036,85.098844078864,
    90.466879546369));
#10255 = CARTESIAN_POINT('',(18.123294052588,88.864566711318,
    153.71793985758));
#10256 = CARTESIAN_POINT('',(12.582248621689,58.92899351322,
    194.99999999989));
#10257 = CARTESIAN_POINT('',(-11.59669389936,52.207055089761,
    53.000000000038));
#10258 = CARTESIAN_POINT('',(-17.51649072905,85.098844079008,
    90.466879546514));
#10259 = CARTESIAN_POINT('',(-18.12329405258,88.864566711424,
    153.71793985782));
#10260 = CARTESIAN_POINT('',(-12.58224862169,58.928993513328,
    195.00000000008));
#10261 = CARTESIAN_POINT('',(-33.46136399175,47.397741412023,
    52.999999999973));
#10262 = CARTESIAN_POINT('',(-50.54248023015,77.259538949006,
    90.466879546402));
#10263 = CARTESIAN_POINT('',(-52.29336432293,80.678363229668,
    153.71793985763));
#10264 = CARTESIAN_POINT('',(-36.30510597404,53.500454898554,
    194.99999999994));
#10265 = CARTESIAN_POINT('',(-51.59652644348,38.467306249288,
    53.000000000015));
#10266 = CARTESIAN_POINT('',(-77.93514987486,62.702699683402,
    90.46687954647));
#10267 = CARTESIAN_POINT('',(-80.6349662188,65.477366929085,
    153.71793985774));
#10268 = CARTESIAN_POINT('',(-55.9815003622,43.420178298551,
    195.00000000002));
#10269 = CARTESIAN_POINT('',(-64.26550831787,26.617856715434,
    52.999999999995));
#10270 = CARTESIAN_POINT('',(-97.0713024262,43.38779183101,
    90.46687954644));
#10271 = CARTESIAN_POINT('',(-100.4340301458,45.307751983681,
    153.71793985769));
#10272 = CARTESIAN_POINT('',(-69.72716624857,30.045048567207,
    194.99999999999));
#10273 = CARTESIAN_POINT('',(-70.59999999999,13.308928877937,
    53.000000000001));
#10274 = CARTESIAN_POINT('',(-106.639379827,21.693896763476,
    90.466879546447));
#10275 = CARTESIAN_POINT('',(-110.3335632735,22.653876877331,
    153.71793985771));
#10276 = CARTESIAN_POINT('',(-76.59999999999,15.022524870804,195.));
#10277 = CARTESIAN_POINT('',(-70.6,-13.30892887793,53.));
#10278 = CARTESIAN_POINT('',(-106.639379827,-21.69389676347,
    90.466879546451));
#10279 = CARTESIAN_POINT('',(-110.3335632735,-22.65387687733,
    153.7179398577));
#10280 = CARTESIAN_POINT('',(-76.6,-15.0225248708,195.));
#10281 = CARTESIAN_POINT('',(-64.26550831786,-26.61785671543,
    52.999999999997));
#10282 = CARTESIAN_POINT('',(-97.07130242618,-43.38779183102,
    90.466879546426));
#10283 = CARTESIAN_POINT('',(-100.4340301458,-45.30775198367,
    153.7179398577));
#10284 = CARTESIAN_POINT('',(-69.72716624856,-30.04504856721,
    194.99999999998));
#10285 = CARTESIAN_POINT('',(-51.59652644351,-38.46730624927,
    53.000000000006));
#10286 = CARTESIAN_POINT('',(-77.93514987492,-62.70269968336,
    90.466879546498));
#10287 = CARTESIAN_POINT('',(-80.63496621882,-65.47736692908,
    153.71793985771));
#10288 = CARTESIAN_POINT('',(-55.98150036222,-43.42017829853,
    195.00000000004));
#10289 = CARTESIAN_POINT('',(-33.4613639917,-47.39774141204,
    52.999999999992));
#10290 = CARTESIAN_POINT('',(-50.54248023003,-77.25953894907,
    90.466879546364));
#10291 = CARTESIAN_POINT('',(-52.29336432292,-80.67836322967,
    153.71793985771));
#10292 = CARTESIAN_POINT('',(-36.30510597401,-53.50045489857,
    194.99999999993));
#10293 = CARTESIAN_POINT('',(-11.59669389941,-52.20705508972,
    53.000000000006));
#10294 = CARTESIAN_POINT('',(-17.51649072922,-85.09884407892,
    90.466879546548));
#10295 = CARTESIAN_POINT('',(-18.12329405258,-88.8645667114,
    153.7179398577));
#10296 = CARTESIAN_POINT('',(-12.58224862173,-58.92899351329,
    195.00000000007));
#10297 = CARTESIAN_POINT('',(11.596693899416,-52.20705508968,
    52.999999999997));
#10298 = CARTESIAN_POINT('',(17.51649072924,-85.09884407895,
    90.466879546352));
#10299 = CARTESIAN_POINT('',(18.123294052568,-88.86456671134,
    153.71793985771));
#10300 = CARTESIAN_POINT('',(12.58224862173,-58.92899351326,
    194.99999999992));
#10301 = CARTESIAN_POINT('',(33.461363991709,-47.39774141207,53.));
#10302 = CARTESIAN_POINT('',(50.542480230006,-77.25953894904,
    90.466879546518));
#10303 = CARTESIAN_POINT('',(52.293364322964,-80.67836322971,
    153.71793985769));
#10304 = CARTESIAN_POINT('',(36.30510597402,-53.50045489859,
    195.00000000005));
#10305 = CARTESIAN_POINT('',(51.596526443514,-38.46730624925,
    53.000000000002));
#10306 = CARTESIAN_POINT('',(77.935149874952,-62.70269968338,
    90.466879546406));
#10307 = CARTESIAN_POINT('',(80.634966218787,-65.47736692906,
    153.71793985772));
#10308 = CARTESIAN_POINT('',(55.981500362218,-43.42017829852,
    194.99999999997));
#10309 = CARTESIAN_POINT('',(64.265508317865,-26.61785671544,
    52.999999999999));
#10310 = CARTESIAN_POINT('',(97.071302426168,-43.38779183101,
    90.466879546463));
#10311 = CARTESIAN_POINT('',(100.43403014582,-45.30775198369,
    153.7179398577));
#10312 = CARTESIAN_POINT('',(69.727166248566,-30.04504856721,
    195.00000000001));
#10313 = CARTESIAN_POINT('',(70.600000000001,-13.30892887793,53.));
#10314 = CARTESIAN_POINT('',(106.63937982708,-21.69389676347,
    90.466879546443));
#10315 = CARTESIAN_POINT('',(110.33356327351,-22.65387687732,
    153.71793985771));
#10316 = CARTESIAN_POINT('',(76.6,-15.0225248708,194.99999999999));
#10317 = CARTESIAN_POINT('',(70.6,-9.775899010492E-16,53.));
#10318 = CARTESIAN_POINT('',(106.63937982708,-5.904873354854E-14,
    90.466879546447));
#10319 = CARTESIAN_POINT('',(110.33356327351,5.2503136709E-14,
    153.7179398577));
#10320 = CARTESIAN_POINT('',(76.6,-8.910281319833E-15,195.));
#10321 = MANIFOLD_SOLID_BREP('',#10322);
#10322 = CLOSED_SHELL('',(#10323,#10363,#10405,#10429,#10464,#10481,
    #10493));
#10323 = ADVANCED_FACE('',(#10324),#10358,.F.);
#10324 = FACE_BOUND('',#10325,.F.);
#10325 = EDGE_LOOP('',(#10326,#10336,#10344,#10352));
#10326 = ORIENTED_EDGE('',*,*,#10327,.F.);
#10327 = EDGE_CURVE('',#10328,#10330,#10332,.T.);
#10328 = VERTEX_POINT('',#10329);
#10329 = CARTESIAN_POINT('',(-72.,-2.5,75.));
#10330 = VERTEX_POINT('',#10331);
#10331 = CARTESIAN_POINT('',(-72.,-2.5,89.));
#10332 = LINE('',#10333,#10334);
#10333 = CARTESIAN_POINT('',(-72.,-2.5,75.));
#10334 = VECTOR('',#10335,1.);
#10335 = DIRECTION('',(0.,0.,1.));
#10336 = ORIENTED_EDGE('',*,*,#10337,.T.);
#10337 = EDGE_CURVE('',#10328,#10338,#10340,.T.);
#10338 = VERTEX_POINT('',#10339);
#10339 = CARTESIAN_POINT('',(-72.,2.5,75.));
#10340 = LINE('',#10341,#10342);
#10341 = CARTESIAN_POINT('',(-72.,-2.5,75.));
#10342 = VECTOR('',#10343,1.);
#10343 = DIRECTION('',(0.,1.,0.));
#10344 = ORIENTED_EDGE('',*,*,#10345,.T.);
#10345 = EDGE_CURVE('',#10338,#10346,#10348,.T.);
#10346 = VERTEX_POINT('',#10347);
#10347 = CARTESIAN_POINT('',(-72.,2.5,89.));
#10348 = LINE('',#10349,#10350);
#10349 = CARTESIAN_POINT('',(-72.,2.5,75.));
#10350 = VECTOR('',#10351,1.);
#10351 = DIRECTION('',(0.,0.,1.));
#10352 = ORIENTED_EDGE('',*,*,#10353,.F.);
#10353 = EDGE_CURVE('',#10330,#10346,#10354,.T.);
#10354 = LINE('',#10355,#10356);
#10355 = CARTESIAN_POINT('',(-72.,-2.5,89.));
#10356 = VECTOR('',#10357,1.);
#10357 = DIRECTION('',(0.,1.,0.));
#10358 = PLANE('',#10359);
#10359 = AXIS2_PLACEMENT_3D('',#10360,#10361,#10362);
#10360 = CARTESIAN_POINT('',(-72.,-2.5,75.));
#10361 = DIRECTION('',(1.,0.,0.));
#10362 = DIRECTION('',(0.,0.,1.));
#10363 = ADVANCED_FACE('',(#10364,#10389),#10400,.F.);
#10364 = FACE_BOUND('',#10365,.F.);
#10365 = EDGE_LOOP('',(#10366,#10374,#10375,#10383));
#10366 = ORIENTED_EDGE('',*,*,#10367,.F.);
#10367 = EDGE_CURVE('',#10328,#10368,#10370,.T.);
#10368 = VERTEX_POINT('',#10369);
#10369 = CARTESIAN_POINT('',(-56.,-2.5,75.));
#10370 = LINE('',#10371,#10372);
#10371 = CARTESIAN_POINT('',(-72.,-2.5,75.));
#10372 = VECTOR('',#10373,1.);
#10373 = DIRECTION('',(1.,0.,0.));
#10374 = ORIENTED_EDGE('',*,*,#10327,.T.);
#10375 = ORIENTED_EDGE('',*,*,#10376,.T.);
#10376 = EDGE_CURVE('',#10330,#10377,#10379,.T.);
#10377 = VERTEX_POINT('',#10378);
#10378 = CARTESIAN_POINT('',(-56.,-2.5,89.));
#10379 = LINE('',#10380,#10381);
#10380 = CARTESIAN_POINT('',(-72.,-2.5,89.));
#10381 = VECTOR('',#10382,1.);
#10382 = DIRECTION('',(1.,0.,0.));
#10383 = ORIENTED_EDGE('',*,*,#10384,.F.);
#10384 = EDGE_CURVE('',#10368,#10377,#10385,.T.);
#10385 = LINE('',#10386,#10387);
#10386 = CARTESIAN_POINT('',(-56.,-2.5,75.));
#10387 = VECTOR('',#10388,1.);
#10388 = DIRECTION('',(0.,0.,1.));
#10389 = FACE_BOUND('',#10390,.F.);
#10390 = EDGE_LOOP('',(#10391));
#10391 = ORIENTED_EDGE('',*,*,#10392,.F.);
#10392 = EDGE_CURVE('',#10393,#10393,#10395,.T.);
#10393 = VERTEX_POINT('',#10394);
#10394 = CARTESIAN_POINT('',(-64.,-2.5,83.7));
#10395 = CIRCLE('',#10396,1.7);
#10396 = AXIS2_PLACEMENT_3D('',#10397,#10398,#10399);
#10397 = CARTESIAN_POINT('',(-64.,-2.5,82.));
#10398 = DIRECTION('',(0.,1.,0.));
#10399 = DIRECTION('',(0.,0.,1.));
#10400 = PLANE('',#10401);
#10401 = AXIS2_PLACEMENT_3D('',#10402,#10403,#10404);
#10402 = CARTESIAN_POINT('',(-72.,-2.5,75.));
#10403 = DIRECTION('',(0.,1.,0.));
#10404 = DIRECTION('',(0.,0.,1.));
#10405 = ADVANCED_FACE('',(#10406),#10424,.T.);
#10406 = FACE_BOUND('',#10407,.T.);
#10407 = EDGE_LOOP('',(#10408,#10409,#10410,#10418));
#10408 = ORIENTED_EDGE('',*,*,#10353,.F.);
#10409 = ORIENTED_EDGE('',*,*,#10376,.T.);
#10410 = ORIENTED_EDGE('',*,*,#10411,.T.);
#10411 = EDGE_CURVE('',#10377,#10412,#10414,.T.);
#10412 = VERTEX_POINT('',#10413);
#10413 = CARTESIAN_POINT('',(-56.,2.5,89.));
#10414 = LINE('',#10415,#10416);
#10415 = CARTESIAN_POINT('',(-56.,-2.5,89.));
#10416 = VECTOR('',#10417,1.);
#10417 = DIRECTION('',(0.,1.,0.));
#10418 = ORIENTED_EDGE('',*,*,#10419,.F.);
#10419 = EDGE_CURVE('',#10346,#10412,#10420,.T.);
#10420 = LINE('',#10421,#10422);
#10421 = CARTESIAN_POINT('',(-72.,2.5,89.));
#10422 = VECTOR('',#10423,1.);
#10423 = DIRECTION('',(1.,0.,0.));
#10424 = PLANE('',#10425);
#10425 = AXIS2_PLACEMENT_3D('',#10426,#10427,#10428);
#10426 = CARTESIAN_POINT('',(-72.,-2.5,89.));
#10427 = DIRECTION('',(0.,0.,1.));
#10428 = DIRECTION('',(1.,0.,0.));
#10429 = ADVANCED_FACE('',(#10430,#10448),#10459,.T.);
#10430 = FACE_BOUND('',#10431,.T.);
#10431 = EDGE_LOOP('',(#10432,#10440,#10441,#10442));
#10432 = ORIENTED_EDGE('',*,*,#10433,.F.);
#10433 = EDGE_CURVE('',#10338,#10434,#10436,.T.);
#10434 = VERTEX_POINT('',#10435);
#10435 = CARTESIAN_POINT('',(-56.,2.5,75.));
#10436 = LINE('',#10437,#10438);
#10437 = CARTESIAN_POINT('',(-72.,2.5,75.));
#10438 = VECTOR('',#10439,1.);
#10439 = DIRECTION('',(1.,0.,0.));
#10440 = ORIENTED_EDGE('',*,*,#10345,.T.);
#10441 = ORIENTED_EDGE('',*,*,#10419,.T.);
#10442 = ORIENTED_EDGE('',*,*,#10443,.F.);
#10443 = EDGE_CURVE('',#10434,#10412,#10444,.T.);
#10444 = LINE('',#10445,#10446);
#10445 = CARTESIAN_POINT('',(-56.,2.5,75.));
#10446 = VECTOR('',#10447,1.);
#10447 = DIRECTION('',(0.,0.,1.));
#10448 = FACE_BOUND('',#10449,.T.);
#10449 = EDGE_LOOP('',(#10450));
#10450 = ORIENTED_EDGE('',*,*,#10451,.F.);
#10451 = EDGE_CURVE('',#10452,#10452,#10454,.T.);
#10452 = VERTEX_POINT('',#10453);
#10453 = CARTESIAN_POINT('',(-64.,2.5,83.7));
#10454 = CIRCLE('',#10455,1.7);
#10455 = AXIS2_PLACEMENT_3D('',#10456,#10457,#10458);
#10456 = CARTESIAN_POINT('',(-64.,2.5,82.));
#10457 = DIRECTION('',(0.,1.,0.));
#10458 = DIRECTION('',(0.,0.,1.));
#10459 = PLANE('',#10460);
#10460 = AXIS2_PLACEMENT_3D('',#10461,#10462,#10463);
#10461 = CARTESIAN_POINT('',(-72.,2.5,75.));
#10462 = DIRECTION('',(0.,1.,0.));
#10463 = DIRECTION('',(0.,0.,1.));
#10464 = ADVANCED_FACE('',(#10465),#10476,.F.);
#10465 = FACE_BOUND('',#10466,.F.);
#10466 = EDGE_LOOP('',(#10467,#10468,#10469,#10475));
#10467 = ORIENTED_EDGE('',*,*,#10337,.F.);
#10468 = ORIENTED_EDGE('',*,*,#10367,.T.);
#10469 = ORIENTED_EDGE('',*,*,#10470,.T.);
#10470 = EDGE_CURVE('',#10368,#10434,#10471,.T.);
#10471 = LINE('',#10472,#10473);
#10472 = CARTESIAN_POINT('',(-56.,-2.5,75.));
#10473 = VECTOR('',#10474,1.);
#10474 = DIRECTION('',(0.,1.,0.));
#10475 = ORIENTED_EDGE('',*,*,#10433,.F.);
#10476 = PLANE('',#10477);
#10477 = AXIS2_PLACEMENT_3D('',#10478,#10479,#10480);
#10478 = CARTESIAN_POINT('',(-72.,-2.5,75.));
#10479 = DIRECTION('',(0.,0.,1.));
#10480 = DIRECTION('',(1.,0.,0.));
#10481 = ADVANCED_FACE('',(#10482),#10488,.T.);
#10482 = FACE_BOUND('',#10483,.T.);
#10483 = EDGE_LOOP('',(#10484,#10485,#10486,#10487));
#10484 = ORIENTED_EDGE('',*,*,#10384,.F.);
#10485 = ORIENTED_EDGE('',*,*,#10470,.T.);
#10486 = ORIENTED_EDGE('',*,*,#10443,.T.);
#10487 = ORIENTED_EDGE('',*,*,#10411,.F.);
#10488 = PLANE('',#10489);
#10489 = AXIS2_PLACEMENT_3D('',#10490,#10491,#10492);
#10490 = CARTESIAN_POINT('',(-56.,-2.5,75.));
#10491 = DIRECTION('',(1.,0.,0.));
#10492 = DIRECTION('',(0.,0.,1.));
#10493 = ADVANCED_FACE('',(#10494),#10505,.F.);
#10494 = FACE_BOUND('',#10495,.F.);
#10495 = EDGE_LOOP('',(#10496,#10497,#10503,#10504));
#10496 = ORIENTED_EDGE('',*,*,#10451,.F.);
#10497 = ORIENTED_EDGE('',*,*,#10498,.F.);
#10498 = EDGE_CURVE('',#10393,#10452,#10499,.T.);
#10499 = LINE('',#10500,#10501);
#10500 = CARTESIAN_POINT('',(-64.,-3.5,83.7));
#10501 = VECTOR('',#10502,1.);
#10502 = DIRECTION('',(0.,1.,0.));
#10503 = ORIENTED_EDGE('',*,*,#10392,.T.);
#10504 = ORIENTED_EDGE('',*,*,#10498,.T.);
#10505 = CYLINDRICAL_SURFACE('',#10506,1.7);
#10506 = AXIS2_PLACEMENT_3D('',#10507,#10508,#10509);
#10507 = CARTESIAN_POINT('',(-64.,-3.5,82.));
#10508 = DIRECTION('',(0.,1.,0.));
#10509 = DIRECTION('',(0.,0.,1.));
#10510 = MANIFOLD_SOLID_BREP('',#10511);
#10511 = CLOSED_SHELL('',(#10512,#10552,#10594,#10618,#10653,#10670,
    #10682));
#10512 = ADVANCED_FACE('',(#10513),#10547,.F.);
#10513 = FACE_BOUND('',#10514,.F.);
#10514 = EDGE_LOOP('',(#10515,#10525,#10533,#10541));
#10515 = ORIENTED_EDGE('',*,*,#10516,.F.);
#10516 = EDGE_CURVE('',#10517,#10519,#10521,.T.);
#10517 = VERTEX_POINT('',#10518);
#10518 = CARTESIAN_POINT('',(56.,-2.5,75.));
#10519 = VERTEX_POINT('',#10520);
#10520 = CARTESIAN_POINT('',(56.,-2.5,89.));
#10521 = LINE('',#10522,#10523);
#10522 = CARTESIAN_POINT('',(56.,-2.5,75.));
#10523 = VECTOR('',#10524,1.);
#10524 = DIRECTION('',(0.,0.,1.));
#10525 = ORIENTED_EDGE('',*,*,#10526,.T.);
#10526 = EDGE_CURVE('',#10517,#10527,#10529,.T.);
#10527 = VERTEX_POINT('',#10528);
#10528 = CARTESIAN_POINT('',(56.,2.5,75.));
#10529 = LINE('',#10530,#10531);
#10530 = CARTESIAN_POINT('',(56.,-2.5,75.));
#10531 = VECTOR('',#10532,1.);
#10532 = DIRECTION('',(0.,1.,0.));
#10533 = ORIENTED_EDGE('',*,*,#10534,.T.);
#10534 = EDGE_CURVE('',#10527,#10535,#10537,.T.);
#10535 = VERTEX_POINT('',#10536);
#10536 = CARTESIAN_POINT('',(56.,2.5,89.));
#10537 = LINE('',#10538,#10539);
#10538 = CARTESIAN_POINT('',(56.,2.5,75.));
#10539 = VECTOR('',#10540,1.);
#10540 = DIRECTION('',(0.,0.,1.));
#10541 = ORIENTED_EDGE('',*,*,#10542,.F.);
#10542 = EDGE_CURVE('',#10519,#10535,#10543,.T.);
#10543 = LINE('',#10544,#10545);
#10544 = CARTESIAN_POINT('',(56.,-2.5,89.));
#10545 = VECTOR('',#10546,1.);
#10546 = DIRECTION('',(0.,1.,0.));
#10547 = PLANE('',#10548);
#10548 = AXIS2_PLACEMENT_3D('',#10549,#10550,#10551);
#10549 = CARTESIAN_POINT('',(56.,-2.5,75.));
#10550 = DIRECTION('',(1.,0.,0.));
#10551 = DIRECTION('',(0.,0.,1.));
#10552 = ADVANCED_FACE('',(#10553,#10578),#10589,.F.);
#10553 = FACE_BOUND('',#10554,.F.);
#10554 = EDGE_LOOP('',(#10555,#10563,#10564,#10572));
#10555 = ORIENTED_EDGE('',*,*,#10556,.F.);
#10556 = EDGE_CURVE('',#10517,#10557,#10559,.T.);
#10557 = VERTEX_POINT('',#10558);
#10558 = CARTESIAN_POINT('',(72.,-2.5,75.));
#10559 = LINE('',#10560,#10561);
#10560 = CARTESIAN_POINT('',(56.,-2.5,75.));
#10561 = VECTOR('',#10562,1.);
#10562 = DIRECTION('',(1.,0.,0.));
#10563 = ORIENTED_EDGE('',*,*,#10516,.T.);
#10564 = ORIENTED_EDGE('',*,*,#10565,.T.);
#10565 = EDGE_CURVE('',#10519,#10566,#10568,.T.);
#10566 = VERTEX_POINT('',#10567);
#10567 = CARTESIAN_POINT('',(72.,-2.5,89.));
#10568 = LINE('',#10569,#10570);
#10569 = CARTESIAN_POINT('',(56.,-2.5,89.));
#10570 = VECTOR('',#10571,1.);
#10571 = DIRECTION('',(1.,0.,0.));
#10572 = ORIENTED_EDGE('',*,*,#10573,.F.);
#10573 = EDGE_CURVE('',#10557,#10566,#10574,.T.);
#10574 = LINE('',#10575,#10576);
#10575 = CARTESIAN_POINT('',(72.,-2.5,75.));
#10576 = VECTOR('',#10577,1.);
#10577 = DIRECTION('',(0.,0.,1.));
#10578 = FACE_BOUND('',#10579,.F.);
#10579 = EDGE_LOOP('',(#10580));
#10580 = ORIENTED_EDGE('',*,*,#10581,.F.);
#10581 = EDGE_CURVE('',#10582,#10582,#10584,.T.);
#10582 = VERTEX_POINT('',#10583);
#10583 = CARTESIAN_POINT('',(64.,-2.5,83.7));
#10584 = CIRCLE('',#10585,1.7);
#10585 = AXIS2_PLACEMENT_3D('',#10586,#10587,#10588);
#10586 = CARTESIAN_POINT('',(64.,-2.5,82.));
#10587 = DIRECTION('',(0.,1.,0.));
#10588 = DIRECTION('',(0.,0.,1.));
#10589 = PLANE('',#10590);
#10590 = AXIS2_PLACEMENT_3D('',#10591,#10592,#10593);
#10591 = CARTESIAN_POINT('',(56.,-2.5,75.));
#10592 = DIRECTION('',(0.,1.,0.));
#10593 = DIRECTION('',(0.,0.,1.));
#10594 = ADVANCED_FACE('',(#10595),#10613,.T.);
#10595 = FACE_BOUND('',#10596,.T.);
#10596 = EDGE_LOOP('',(#10597,#10598,#10599,#10607));
#10597 = ORIENTED_EDGE('',*,*,#10542,.F.);
#10598 = ORIENTED_EDGE('',*,*,#10565,.T.);
#10599 = ORIENTED_EDGE('',*,*,#10600,.T.);
#10600 = EDGE_CURVE('',#10566,#10601,#10603,.T.);
#10601 = VERTEX_POINT('',#10602);
#10602 = CARTESIAN_POINT('',(72.,2.5,89.));
#10603 = LINE('',#10604,#10605);
#10604 = CARTESIAN_POINT('',(72.,-2.5,89.));
#10605 = VECTOR('',#10606,1.);
#10606 = DIRECTION('',(0.,1.,0.));
#10607 = ORIENTED_EDGE('',*,*,#10608,.F.);
#10608 = EDGE_CURVE('',#10535,#10601,#10609,.T.);
#10609 = LINE('',#10610,#10611);
#10610 = CARTESIAN_POINT('',(56.,2.5,89.));
#10611 = VECTOR('',#10612,1.);
#10612 = DIRECTION('',(1.,0.,0.));
#10613 = PLANE('',#10614);
#10614 = AXIS2_PLACEMENT_3D('',#10615,#10616,#10617);
#10615 = CARTESIAN_POINT('',(56.,-2.5,89.));
#10616 = DIRECTION('',(0.,0.,1.));
#10617 = DIRECTION('',(1.,0.,0.));
#10618 = ADVANCED_FACE('',(#10619,#10637),#10648,.T.);
#10619 = FACE_BOUND('',#10620,.T.);
#10620 = EDGE_LOOP('',(#10621,#10629,#10630,#10631));
#10621 = ORIENTED_EDGE('',*,*,#10622,.F.);
#10622 = EDGE_CURVE('',#10527,#10623,#10625,.T.);
#10623 = VERTEX_POINT('',#10624);
#10624 = CARTESIAN_POINT('',(72.,2.5,75.));
#10625 = LINE('',#10626,#10627);
#10626 = CARTESIAN_POINT('',(56.,2.5,75.));
#10627 = VECTOR('',#10628,1.);
#10628 = DIRECTION('',(1.,0.,0.));
#10629 = ORIENTED_EDGE('',*,*,#10534,.T.);
#10630 = ORIENTED_EDGE('',*,*,#10608,.T.);
#10631 = ORIENTED_EDGE('',*,*,#10632,.F.);
#10632 = EDGE_CURVE('',#10623,#10601,#10633,.T.);
#10633 = LINE('',#10634,#10635);
#10634 = CARTESIAN_POINT('',(72.,2.5,75.));
#10635 = VECTOR('',#10636,1.);
#10636 = DIRECTION('',(0.,0.,1.));
#10637 = FACE_BOUND('',#10638,.T.);
#10638 = EDGE_LOOP('',(#10639));
#10639 = ORIENTED_EDGE('',*,*,#10640,.F.);
#10640 = EDGE_CURVE('',#10641,#10641,#10643,.T.);
#10641 = VERTEX_POINT('',#10642);
#10642 = CARTESIAN_POINT('',(64.,2.5,83.7));
#10643 = CIRCLE('',#10644,1.7);
#10644 = AXIS2_PLACEMENT_3D('',#10645,#10646,#10647);
#10645 = CARTESIAN_POINT('',(64.,2.5,82.));
#10646 = DIRECTION('',(0.,1.,0.));
#10647 = DIRECTION('',(0.,0.,1.));
#10648 = PLANE('',#10649);
#10649 = AXIS2_PLACEMENT_3D('',#10650,#10651,#10652);
#10650 = CARTESIAN_POINT('',(56.,2.5,75.));
#10651 = DIRECTION('',(0.,1.,0.));
#10652 = DIRECTION('',(0.,0.,1.));
#10653 = ADVANCED_FACE('',(#10654),#10665,.F.);
#10654 = FACE_BOUND('',#10655,.F.);
#10655 = EDGE_LOOP('',(#10656,#10657,#10658,#10664));
#10656 = ORIENTED_EDGE('',*,*,#10526,.F.);
#10657 = ORIENTED_EDGE('',*,*,#10556,.T.);
#10658 = ORIENTED_EDGE('',*,*,#10659,.T.);
#10659 = EDGE_CURVE('',#10557,#10623,#10660,.T.);
#10660 = LINE('',#10661,#10662);
#10661 = CARTESIAN_POINT('',(72.,-2.5,75.));
#10662 = VECTOR('',#10663,1.);
#10663 = DIRECTION('',(0.,1.,0.));
#10664 = ORIENTED_EDGE('',*,*,#10622,.F.);
#10665 = PLANE('',#10666);
#10666 = AXIS2_PLACEMENT_3D('',#10667,#10668,#10669);
#10667 = CARTESIAN_POINT('',(56.,-2.5,75.));
#10668 = DIRECTION('',(0.,0.,1.));
#10669 = DIRECTION('',(1.,0.,0.));
#10670 = ADVANCED_FACE('',(#10671),#10677,.T.);
#10671 = FACE_BOUND('',#10672,.T.);
#10672 = EDGE_LOOP('',(#10673,#10674,#10675,#10676));
#10673 = ORIENTED_EDGE('',*,*,#10573,.F.);
#10674 = ORIENTED_EDGE('',*,*,#10659,.T.);
#10675 = ORIENTED_EDGE('',*,*,#10632,.T.);
#10676 = ORIENTED_EDGE('',*,*,#10600,.F.);
#10677 = PLANE('',#10678);
#10678 = AXIS2_PLACEMENT_3D('',#10679,#10680,#10681);
#10679 = CARTESIAN_POINT('',(72.,-2.5,75.));
#10680 = DIRECTION('',(1.,0.,0.));
#10681 = DIRECTION('',(0.,0.,1.));
#10682 = ADVANCED_FACE('',(#10683),#10694,.F.);
#10683 = FACE_BOUND('',#10684,.F.);
#10684 = EDGE_LOOP('',(#10685,#10686,#10692,#10693));
#10685 = ORIENTED_EDGE('',*,*,#10640,.F.);
#10686 = ORIENTED_EDGE('',*,*,#10687,.F.);
#10687 = EDGE_CURVE('',#10582,#10641,#10688,.T.);
#10688 = LINE('',#10689,#10690);
#10689 = CARTESIAN_POINT('',(64.,-3.5,83.7));
#10690 = VECTOR('',#10691,1.);
#10691 = DIRECTION('',(0.,1.,0.));
#10692 = ORIENTED_EDGE('',*,*,#10581,.T.);
#10693 = ORIENTED_EDGE('',*,*,#10687,.T.);
#10694 = CYLINDRICAL_SURFACE('',#10695,1.7);
#10695 = AXIS2_PLACEMENT_3D('',#10696,#10697,#10698);
#10696 = CARTESIAN_POINT('',(64.,-3.5,82.));
#10697 = DIRECTION('',(0.,1.,0.));
#10698 = DIRECTION('',(0.,0.,1.));
#10699 = MANIFOLD_SOLID_BREP('',#10700);
#10700 = CLOSED_SHELL('',(#10701,#10741,#10783,#10807,#10842,#10859,
    #10871));
#10701 = ADVANCED_FACE('',(#10702),#10736,.F.);
#10702 = FACE_BOUND('',#10703,.F.);
#10703 = EDGE_LOOP('',(#10704,#10714,#10722,#10730));
#10704 = ORIENTED_EDGE('',*,*,#10705,.F.);
#10705 = EDGE_CURVE('',#10706,#10708,#10710,.T.);
#10706 = VERTEX_POINT('',#10707);
#10707 = CARTESIAN_POINT('',(-66.,-2.5,153.));
#10708 = VERTEX_POINT('',#10709);
#10709 = CARTESIAN_POINT('',(-66.,-2.5,167.));
#10710 = LINE('',#10711,#10712);
#10711 = CARTESIAN_POINT('',(-66.,-2.5,153.));
#10712 = VECTOR('',#10713,1.);
#10713 = DIRECTION('',(0.,0.,1.));
#10714 = ORIENTED_EDGE('',*,*,#10715,.T.);
#10715 = EDGE_CURVE('',#10706,#10716,#10718,.T.);
#10716 = VERTEX_POINT('',#10717);
#10717 = CARTESIAN_POINT('',(-66.,2.5,153.));
#10718 = LINE('',#10719,#10720);
#10719 = CARTESIAN_POINT('',(-66.,-2.5,153.));
#10720 = VECTOR('',#10721,1.);
#10721 = DIRECTION('',(0.,1.,0.));
#10722 = ORIENTED_EDGE('',*,*,#10723,.T.);
#10723 = EDGE_CURVE('',#10716,#10724,#10726,.T.);
#10724 = VERTEX_POINT('',#10725);
#10725 = CARTESIAN_POINT('',(-66.,2.5,167.));
#10726 = LINE('',#10727,#10728);
#10727 = CARTESIAN_POINT('',(-66.,2.5,153.));
#10728 = VECTOR('',#10729,1.);
#10729 = DIRECTION('',(0.,0.,1.));
#10730 = ORIENTED_EDGE('',*,*,#10731,.F.);
#10731 = EDGE_CURVE('',#10708,#10724,#10732,.T.);
#10732 = LINE('',#10733,#10734);
#10733 = CARTESIAN_POINT('',(-66.,-2.5,167.));
#10734 = VECTOR('',#10735,1.);
#10735 = DIRECTION('',(0.,1.,0.));
#10736 = PLANE('',#10737);
#10737 = AXIS2_PLACEMENT_3D('',#10738,#10739,#10740);
#10738 = CARTESIAN_POINT('',(-66.,-2.5,153.));
#10739 = DIRECTION('',(1.,0.,0.));
#10740 = DIRECTION('',(0.,0.,1.));
#10741 = ADVANCED_FACE('',(#10742,#10767),#10778,.F.);
#10742 = FACE_BOUND('',#10743,.F.);
#10743 = EDGE_LOOP('',(#10744,#10752,#10753,#10761));
#10744 = ORIENTED_EDGE('',*,*,#10745,.F.);
#10745 = EDGE_CURVE('',#10706,#10746,#10748,.T.);
#10746 = VERTEX_POINT('',#10747);
#10747 = CARTESIAN_POINT('',(-50.,-2.5,153.));
#10748 = LINE('',#10749,#10750);
#10749 = CARTESIAN_POINT('',(-66.,-2.5,153.));
#10750 = VECTOR('',#10751,1.);
#10751 = DIRECTION('',(1.,0.,0.));
#10752 = ORIENTED_EDGE('',*,*,#10705,.T.);
#10753 = ORIENTED_EDGE('',*,*,#10754,.T.);
#10754 = EDGE_CURVE('',#10708,#10755,#10757,.T.);
#10755 = VERTEX_POINT('',#10756);
#10756 = CARTESIAN_POINT('',(-50.,-2.5,167.));
#10757 = LINE('',#10758,#10759);
#10758 = CARTESIAN_POINT('',(-66.,-2.5,167.));
#10759 = VECTOR('',#10760,1.);
#10760 = DIRECTION('',(1.,0.,0.));
#10761 = ORIENTED_EDGE('',*,*,#10762,.F.);
#10762 = EDGE_CURVE('',#10746,#10755,#10763,.T.);
#10763 = LINE('',#10764,#10765);
#10764 = CARTESIAN_POINT('',(-50.,-2.5,153.));
#10765 = VECTOR('',#10766,1.);
#10766 = DIRECTION('',(0.,0.,1.));
#10767 = FACE_BOUND('',#10768,.F.);
#10768 = EDGE_LOOP('',(#10769));
#10769 = ORIENTED_EDGE('',*,*,#10770,.F.);
#10770 = EDGE_CURVE('',#10771,#10771,#10773,.T.);
#10771 = VERTEX_POINT('',#10772);
#10772 = CARTESIAN_POINT('',(-58.,-2.5,161.7));
#10773 = CIRCLE('',#10774,1.7);
#10774 = AXIS2_PLACEMENT_3D('',#10775,#10776,#10777);
#10775 = CARTESIAN_POINT('',(-58.,-2.5,160.));
#10776 = DIRECTION('',(0.,1.,0.));
#10777 = DIRECTION('',(0.,0.,1.));
#10778 = PLANE('',#10779);
#10779 = AXIS2_PLACEMENT_3D('',#10780,#10781,#10782);
#10780 = CARTESIAN_POINT('',(-66.,-2.5,153.));
#10781 = DIRECTION('',(0.,1.,0.));
#10782 = DIRECTION('',(0.,0.,1.));
#10783 = ADVANCED_FACE('',(#10784),#10802,.T.);
#10784 = FACE_BOUND('',#10785,.T.);
#10785 = EDGE_LOOP('',(#10786,#10787,#10788,#10796));
#10786 = ORIENTED_EDGE('',*,*,#10731,.F.);
#10787 = ORIENTED_EDGE('',*,*,#10754,.T.);
#10788 = ORIENTED_EDGE('',*,*,#10789,.T.);
#10789 = EDGE_CURVE('',#10755,#10790,#10792,.T.);
#10790 = VERTEX_POINT('',#10791);
#10791 = CARTESIAN_POINT('',(-50.,2.5,167.));
#10792 = LINE('',#10793,#10794);
#10793 = CARTESIAN_POINT('',(-50.,-2.5,167.));
#10794 = VECTOR('',#10795,1.);
#10795 = DIRECTION('',(0.,1.,0.));
#10796 = ORIENTED_EDGE('',*,*,#10797,.F.);
#10797 = EDGE_CURVE('',#10724,#10790,#10798,.T.);
#10798 = LINE('',#10799,#10800);
#10799 = CARTESIAN_POINT('',(-66.,2.5,167.));
#10800 = VECTOR('',#10801,1.);
#10801 = DIRECTION('',(1.,0.,0.));
#10802 = PLANE('',#10803);
#10803 = AXIS2_PLACEMENT_3D('',#10804,#10805,#10806);
#10804 = CARTESIAN_POINT('',(-66.,-2.5,167.));
#10805 = DIRECTION('',(0.,0.,1.));
#10806 = DIRECTION('',(1.,0.,0.));
#10807 = ADVANCED_FACE('',(#10808,#10826),#10837,.T.);
#10808 = FACE_BOUND('',#10809,.T.);
#10809 = EDGE_LOOP('',(#10810,#10818,#10819,#10820));
#10810 = ORIENTED_EDGE('',*,*,#10811,.F.);
#10811 = EDGE_CURVE('',#10716,#10812,#10814,.T.);
#10812 = VERTEX_POINT('',#10813);
#10813 = CARTESIAN_POINT('',(-50.,2.5,153.));
#10814 = LINE('',#10815,#10816);
#10815 = CARTESIAN_POINT('',(-66.,2.5,153.));
#10816 = VECTOR('',#10817,1.);
#10817 = DIRECTION('',(1.,0.,0.));
#10818 = ORIENTED_EDGE('',*,*,#10723,.T.);
#10819 = ORIENTED_EDGE('',*,*,#10797,.T.);
#10820 = ORIENTED_EDGE('',*,*,#10821,.F.);
#10821 = EDGE_CURVE('',#10812,#10790,#10822,.T.);
#10822 = LINE('',#10823,#10824);
#10823 = CARTESIAN_POINT('',(-50.,2.5,153.));
#10824 = VECTOR('',#10825,1.);
#10825 = DIRECTION('',(0.,0.,1.));
#10826 = FACE_BOUND('',#10827,.T.);
#10827 = EDGE_LOOP('',(#10828));
#10828 = ORIENTED_EDGE('',*,*,#10829,.F.);
#10829 = EDGE_CURVE('',#10830,#10830,#10832,.T.);
#10830 = VERTEX_POINT('',#10831);
#10831 = CARTESIAN_POINT('',(-58.,2.5,161.7));
#10832 = CIRCLE('',#10833,1.7);
#10833 = AXIS2_PLACEMENT_3D('',#10834,#10835,#10836);
#10834 = CARTESIAN_POINT('',(-58.,2.5,160.));
#10835 = DIRECTION('',(0.,1.,0.));
#10836 = DIRECTION('',(0.,0.,1.));
#10837 = PLANE('',#10838);
#10838 = AXIS2_PLACEMENT_3D('',#10839,#10840,#10841);
#10839 = CARTESIAN_POINT('',(-66.,2.5,153.));
#10840 = DIRECTION('',(0.,1.,0.));
#10841 = DIRECTION('',(0.,0.,1.));
#10842 = ADVANCED_FACE('',(#10843),#10854,.F.);
#10843 = FACE_BOUND('',#10844,.F.);
#10844 = EDGE_LOOP('',(#10845,#10846,#10847,#10853));
#10845 = ORIENTED_EDGE('',*,*,#10715,.F.);
#10846 = ORIENTED_EDGE('',*,*,#10745,.T.);
#10847 = ORIENTED_EDGE('',*,*,#10848,.T.);
#10848 = EDGE_CURVE('',#10746,#10812,#10849,.T.);
#10849 = LINE('',#10850,#10851);
#10850 = CARTESIAN_POINT('',(-50.,-2.5,153.));
#10851 = VECTOR('',#10852,1.);
#10852 = DIRECTION('',(0.,1.,0.));
#10853 = ORIENTED_EDGE('',*,*,#10811,.F.);
#10854 = PLANE('',#10855);
#10855 = AXIS2_PLACEMENT_3D('',#10856,#10857,#10858);
#10856 = CARTESIAN_POINT('',(-66.,-2.5,153.));
#10857 = DIRECTION('',(0.,0.,1.));
#10858 = DIRECTION('',(1.,0.,0.));
#10859 = ADVANCED_FACE('',(#10860),#10866,.T.);
#10860 = FACE_BOUND('',#10861,.T.);
#10861 = EDGE_LOOP('',(#10862,#10863,#10864,#10865));
#10862 = ORIENTED_EDGE('',*,*,#10762,.F.);
#10863 = ORIENTED_EDGE('',*,*,#10848,.T.);
#10864 = ORIENTED_EDGE('',*,*,#10821,.T.);
#10865 = ORIENTED_EDGE('',*,*,#10789,.F.);
#10866 = PLANE('',#10867);
#10867 = AXIS2_PLACEMENT_3D('',#10868,#10869,#10870);
#10868 = CARTESIAN_POINT('',(-50.,-2.5,153.));
#10869 = DIRECTION('',(1.,0.,0.));
#10870 = DIRECTION('',(0.,0.,1.));
#10871 = ADVANCED_FACE('',(#10872),#10883,.F.);
#10872 = FACE_BOUND('',#10873,.F.);
#10873 = EDGE_LOOP('',(#10874,#10875,#10881,#10882));
#10874 = ORIENTED_EDGE('',*,*,#10829,.F.);
#10875 = ORIENTED_EDGE('',*,*,#10876,.F.);
#10876 = EDGE_CURVE('',#10771,#10830,#10877,.T.);
#10877 = LINE('',#10878,#10879);
#10878 = CARTESIAN_POINT('',(-58.,-3.5,161.7));
#10879 = VECTOR('',#10880,1.);
#10880 = DIRECTION('',(0.,1.,0.));
#10881 = ORIENTED_EDGE('',*,*,#10770,.T.);
#10882 = ORIENTED_EDGE('',*,*,#10876,.T.);
#10883 = CYLINDRICAL_SURFACE('',#10884,1.7);
#10884 = AXIS2_PLACEMENT_3D('',#10885,#10886,#10887);
#10885 = CARTESIAN_POINT('',(-58.,-3.5,160.));
#10886 = DIRECTION('',(0.,1.,0.));
#10887 = DIRECTION('',(0.,0.,1.));
#10888 = MANIFOLD_SOLID_BREP('',#10889);
#10889 = CLOSED_SHELL('',(#10890,#10930,#10972,#10996,#11031,#11048,
    #11060));
#10890 = ADVANCED_FACE('',(#10891),#10925,.F.);
#10891 = FACE_BOUND('',#10892,.F.);
#10892 = EDGE_LOOP('',(#10893,#10903,#10911,#10919));
#10893 = ORIENTED_EDGE('',*,*,#10894,.F.);
#10894 = EDGE_CURVE('',#10895,#10897,#10899,.T.);
#10895 = VERTEX_POINT('',#10896);
#10896 = CARTESIAN_POINT('',(50.,-2.5,153.));
#10897 = VERTEX_POINT('',#10898);
#10898 = CARTESIAN_POINT('',(50.,-2.5,167.));
#10899 = LINE('',#10900,#10901);
#10900 = CARTESIAN_POINT('',(50.,-2.5,153.));
#10901 = VECTOR('',#10902,1.);
#10902 = DIRECTION('',(0.,0.,1.));
#10903 = ORIENTED_EDGE('',*,*,#10904,.T.);
#10904 = EDGE_CURVE('',#10895,#10905,#10907,.T.);
#10905 = VERTEX_POINT('',#10906);
#10906 = CARTESIAN_POINT('',(50.,2.5,153.));
#10907 = LINE('',#10908,#10909);
#10908 = CARTESIAN_POINT('',(50.,-2.5,153.));
#10909 = VECTOR('',#10910,1.);
#10910 = DIRECTION('',(0.,1.,0.));
#10911 = ORIENTED_EDGE('',*,*,#10912,.T.);
#10912 = EDGE_CURVE('',#10905,#10913,#10915,.T.);
#10913 = VERTEX_POINT('',#10914);
#10914 = CARTESIAN_POINT('',(50.,2.5,167.));
#10915 = LINE('',#10916,#10917);
#10916 = CARTESIAN_POINT('',(50.,2.5,153.));
#10917 = VECTOR('',#10918,1.);
#10918 = DIRECTION('',(0.,0.,1.));
#10919 = ORIENTED_EDGE('',*,*,#10920,.F.);
#10920 = EDGE_CURVE('',#10897,#10913,#10921,.T.);
#10921 = LINE('',#10922,#10923);
#10922 = CARTESIAN_POINT('',(50.,-2.5,167.));
#10923 = VECTOR('',#10924,1.);
#10924 = DIRECTION('',(0.,1.,0.));
#10925 = PLANE('',#10926);
#10926 = AXIS2_PLACEMENT_3D('',#10927,#10928,#10929);
#10927 = CARTESIAN_POINT('',(50.,-2.5,153.));
#10928 = DIRECTION('',(1.,0.,0.));
#10929 = DIRECTION('',(0.,0.,1.));
#10930 = ADVANCED_FACE('',(#10931,#10956),#10967,.F.);
#10931 = FACE_BOUND('',#10932,.F.);
#10932 = EDGE_LOOP('',(#10933,#10941,#10942,#10950));
#10933 = ORIENTED_EDGE('',*,*,#10934,.F.);
#10934 = EDGE_CURVE('',#10895,#10935,#10937,.T.);
#10935 = VERTEX_POINT('',#10936);
#10936 = CARTESIAN_POINT('',(66.,-2.5,153.));
#10937 = LINE('',#10938,#10939);
#10938 = CARTESIAN_POINT('',(50.,-2.5,153.));
#10939 = VECTOR('',#10940,1.);
#10940 = DIRECTION('',(1.,0.,0.));
#10941 = ORIENTED_EDGE('',*,*,#10894,.T.);
#10942 = ORIENTED_EDGE('',*,*,#10943,.T.);
#10943 = EDGE_CURVE('',#10897,#10944,#10946,.T.);
#10944 = VERTEX_POINT('',#10945);
#10945 = CARTESIAN_POINT('',(66.,-2.5,167.));
#10946 = LINE('',#10947,#10948);
#10947 = CARTESIAN_POINT('',(50.,-2.5,167.));
#10948 = VECTOR('',#10949,1.);
#10949 = DIRECTION('',(1.,0.,0.));
#10950 = ORIENTED_EDGE('',*,*,#10951,.F.);
#10951 = EDGE_CURVE('',#10935,#10944,#10952,.T.);
#10952 = LINE('',#10953,#10954);
#10953 = CARTESIAN_POINT('',(66.,-2.5,153.));
#10954 = VECTOR('',#10955,1.);
#10955 = DIRECTION('',(0.,0.,1.));
#10956 = FACE_BOUND('',#10957,.F.);
#10957 = EDGE_LOOP('',(#10958));
#10958 = ORIENTED_EDGE('',*,*,#10959,.F.);
#10959 = EDGE_CURVE('',#10960,#10960,#10962,.T.);
#10960 = VERTEX_POINT('',#10961);
#10961 = CARTESIAN_POINT('',(58.,-2.5,161.7));
#10962 = CIRCLE('',#10963,1.7);
#10963 = AXIS2_PLACEMENT_3D('',#10964,#10965,#10966);
#10964 = CARTESIAN_POINT('',(58.,-2.5,160.));
#10965 = DIRECTION('',(0.,1.,0.));
#10966 = DIRECTION('',(0.,0.,1.));
#10967 = PLANE('',#10968);
#10968 = AXIS2_PLACEMENT_3D('',#10969,#10970,#10971);
#10969 = CARTESIAN_POINT('',(50.,-2.5,153.));
#10970 = DIRECTION('',(0.,1.,0.));
#10971 = DIRECTION('',(0.,0.,1.));
#10972 = ADVANCED_FACE('',(#10973),#10991,.T.);
#10973 = FACE_BOUND('',#10974,.T.);
#10974 = EDGE_LOOP('',(#10975,#10976,#10977,#10985));
#10975 = ORIENTED_EDGE('',*,*,#10920,.F.);
#10976 = ORIENTED_EDGE('',*,*,#10943,.T.);
#10977 = ORIENTED_EDGE('',*,*,#10978,.T.);
#10978 = EDGE_CURVE('',#10944,#10979,#10981,.T.);
#10979 = VERTEX_POINT('',#10980);
#10980 = CARTESIAN_POINT('',(66.,2.5,167.));
#10981 = LINE('',#10982,#10983);
#10982 = CARTESIAN_POINT('',(66.,-2.5,167.));
#10983 = VECTOR('',#10984,1.);
#10984 = DIRECTION('',(0.,1.,0.));
#10985 = ORIENTED_EDGE('',*,*,#10986,.F.);
#10986 = EDGE_CURVE('',#10913,#10979,#10987,.T.);
#10987 = LINE('',#10988,#10989);
#10988 = CARTESIAN_POINT('',(50.,2.5,167.));
#10989 = VECTOR('',#10990,1.);
#10990 = DIRECTION('',(1.,0.,0.));
#10991 = PLANE('',#10992);
#10992 = AXIS2_PLACEMENT_3D('',#10993,#10994,#10995);
#10993 = CARTESIAN_POINT('',(50.,-2.5,167.));
#10994 = DIRECTION('',(0.,0.,1.));
#10995 = DIRECTION('',(1.,0.,0.));
#10996 = ADVANCED_FACE('',(#10997,#11015),#11026,.T.);
#10997 = FACE_BOUND('',#10998,.T.);
#10998 = EDGE_LOOP('',(#10999,#11007,#11008,#11009));
#10999 = ORIENTED_EDGE('',*,*,#11000,.F.);
#11000 = EDGE_CURVE('',#10905,#11001,#11003,.T.);
#11001 = VERTEX_POINT('',#11002);
#11002 = CARTESIAN_POINT('',(66.,2.5,153.));
#11003 = LINE('',#11004,#11005);
#11004 = CARTESIAN_POINT('',(50.,2.5,153.));
#11005 = VECTOR('',#11006,1.);
#11006 = DIRECTION('',(1.,0.,0.));
#11007 = ORIENTED_EDGE('',*,*,#10912,.T.);
#11008 = ORIENTED_EDGE('',*,*,#10986,.T.);
#11009 = ORIENTED_EDGE('',*,*,#11010,.F.);
#11010 = EDGE_CURVE('',#11001,#10979,#11011,.T.);
#11011 = LINE('',#11012,#11013);
#11012 = CARTESIAN_POINT('',(66.,2.5,153.));
#11013 = VECTOR('',#11014,1.);
#11014 = DIRECTION('',(0.,0.,1.));
#11015 = FACE_BOUND('',#11016,.T.);
#11016 = EDGE_LOOP('',(#11017));
#11017 = ORIENTED_EDGE('',*,*,#11018,.F.);
#11018 = EDGE_CURVE('',#11019,#11019,#11021,.T.);
#11019 = VERTEX_POINT('',#11020);
#11020 = CARTESIAN_POINT('',(58.,2.5,161.7));
#11021 = CIRCLE('',#11022,1.7);
#11022 = AXIS2_PLACEMENT_3D('',#11023,#11024,#11025);
#11023 = CARTESIAN_POINT('',(58.,2.5,160.));
#11024 = DIRECTION('',(0.,1.,0.));
#11025 = DIRECTION('',(0.,0.,1.));
#11026 = PLANE('',#11027);
#11027 = AXIS2_PLACEMENT_3D('',#11028,#11029,#11030);
#11028 = CARTESIAN_POINT('',(50.,2.5,153.));
#11029 = DIRECTION('',(0.,1.,0.));
#11030 = DIRECTION('',(0.,0.,1.));
#11031 = ADVANCED_FACE('',(#11032),#11043,.F.);
#11032 = FACE_BOUND('',#11033,.F.);
#11033 = EDGE_LOOP('',(#11034,#11035,#11036,#11042));
#11034 = ORIENTED_EDGE('',*,*,#10904,.F.);
#11035 = ORIENTED_EDGE('',*,*,#10934,.T.);
#11036 = ORIENTED_EDGE('',*,*,#11037,.T.);
#11037 = EDGE_CURVE('',#10935,#11001,#11038,.T.);
#11038 = LINE('',#11039,#11040);
#11039 = CARTESIAN_POINT('',(66.,-2.5,153.));
#11040 = VECTOR('',#11041,1.);
#11041 = DIRECTION('',(0.,1.,0.));
#11042 = ORIENTED_EDGE('',*,*,#11000,.F.);
#11043 = PLANE('',#11044);
#11044 = AXIS2_PLACEMENT_3D('',#11045,#11046,#11047);
#11045 = CARTESIAN_POINT('',(50.,-2.5,153.));
#11046 = DIRECTION('',(0.,0.,1.));
#11047 = DIRECTION('',(1.,0.,0.));
#11048 = ADVANCED_FACE('',(#11049),#11055,.T.);
#11049 = FACE_BOUND('',#11050,.T.);
#11050 = EDGE_LOOP('',(#11051,#11052,#11053,#11054));
#11051 = ORIENTED_EDGE('',*,*,#10951,.F.);
#11052 = ORIENTED_EDGE('',*,*,#11037,.T.);
#11053 = ORIENTED_EDGE('',*,*,#11010,.T.);
#11054 = ORIENTED_EDGE('',*,*,#10978,.F.);
#11055 = PLANE('',#11056);
#11056 = AXIS2_PLACEMENT_3D('',#11057,#11058,#11059);
#11057 = CARTESIAN_POINT('',(66.,-2.5,153.));
#11058 = DIRECTION('',(1.,0.,0.));
#11059 = DIRECTION('',(0.,0.,1.));
#11060 = ADVANCED_FACE('',(#11061),#11072,.F.);
#11061 = FACE_BOUND('',#11062,.F.);
#11062 = EDGE_LOOP('',(#11063,#11064,#11070,#11071));
#11063 = ORIENTED_EDGE('',*,*,#11018,.F.);
#11064 = ORIENTED_EDGE('',*,*,#11065,.F.);
#11065 = EDGE_CURVE('',#10960,#11019,#11066,.T.);
#11066 = LINE('',#11067,#11068);
#11067 = CARTESIAN_POINT('',(58.,-3.5,161.7));
#11068 = VECTOR('',#11069,1.);
#11069 = DIRECTION('',(0.,1.,0.));
#11070 = ORIENTED_EDGE('',*,*,#10959,.T.);
#11071 = ORIENTED_EDGE('',*,*,#11065,.T.);
#11072 = CYLINDRICAL_SURFACE('',#11073,1.7);
#11073 = AXIS2_PLACEMENT_3D('',#11074,#11075,#11076);
#11074 = CARTESIAN_POINT('',(58.,-3.5,160.));
#11075 = DIRECTION('',(0.,1.,0.));
#11076 = DIRECTION('',(0.,0.,1.));
#11077 = MANIFOLD_SOLID_BREP('',#11078);
#11078 = CLOSED_SHELL('',(#11079,#11358,#11390,#11578,#11709,#11890));
#11079 = ADVANCED_FACE('',(#11080),#11269,.T.);
#11080 = FACE_BOUND('',#11081,.T.);
#11081 = EDGE_LOOP('',(#11082,#11093,#11120,#11244));
#11082 = ORIENTED_EDGE('',*,*,#11083,.F.);
#11083 = EDGE_CURVE('',#11084,#11086,#11088,.T.);
#11084 = VERTEX_POINT('',#11085);
#11085 = CARTESIAN_POINT('',(72.,0.,54.));
#11086 = VERTEX_POINT('',#11087);
#11087 = CARTESIAN_POINT('',(78.,0.,194.));
#11088 = ( BOUNDED_CURVE() B_SPLINE_CURVE(3,(#11089,#11090,#11091,#11092
),.UNSPECIFIED.,.F.,.F.) B_SPLINE_CURVE_WITH_KNOTS((4,4),(0.,1.),
.PIECEWISE_BEZIER_KNOTS.) CURVE() GEOMETRIC_REPRESENTATION_ITEM() 
RATIONAL_B_SPLINE_CURVE((1.,1.,1.,1.)) REPRESENTATION_ITEM('') );
#11089 = CARTESIAN_POINT('',(72.,-7.105427357601E-15,54.));
#11090 = CARTESIAN_POINT('',(108.43723176154,2.442301505978E-14,
    90.463256943765));
#11091 = CARTESIAN_POINT('',(111.49003562443,-4.915842589721E-14,
    153.55922037708));
#11092 = CARTESIAN_POINT('',(78.,0.,194.));
#11093 = ORIENTED_EDGE('',*,*,#11094,.T.);
#11094 = EDGE_CURVE('',#11084,#11095,#11097,.T.);
#11095 = VERTEX_POINT('',#11096);
#11096 = CARTESIAN_POINT('',(-72.,-1.170995782826E-14,54.000000000001));
#11097 = B_SPLINE_CURVE_WITH_KNOTS('',11,(#11098,#11099,#11100,#11101,
    #11102,#11103,#11104,#11105,#11106,#11107,#11108,#11109,#11110,
    #11111,#11112,#11113,#11114,#11115,#11116,#11117,#11118,#11119),
  .UNSPECIFIED.,.T.,.F.,(12,10,12),(0.,0.5,1.),.UNSPECIFIED.);
#11098 = CARTESIAN_POINT('',(72.,-7.105427357601E-15,54.));
#11099 = CARTESIAN_POINT('',(71.999999999997,13.708767942935,
    53.999999999996));
#11100 = CARTESIAN_POINT('',(65.539895168376,27.417534814197,
    54.000000000015));
#11101 = CARTESIAN_POINT('',(52.619687024515,39.622976394079,
    53.999999999966));
#11102 = CARTESIAN_POINT('',(34.124903787627,48.821707892275,
    54.000000000051));
#11103 = CARTESIAN_POINT('',(11.826656667903,53.775507388518,
    53.999999999941));
#11104 = CARTESIAN_POINT('',(-11.8266566679,53.775507388556,
    54.000000000051));
#11105 = CARTESIAN_POINT('',(-34.12490378761,48.821707892244,
    53.999999999965));
#11106 = CARTESIAN_POINT('',(-52.61968702452,39.622976394098,
    54.000000000017));
#11107 = CARTESIAN_POINT('',(-65.53989516837,27.417534814188,
    53.999999999994));
#11108 = CARTESIAN_POINT('',(-71.99999999999,13.708767942938,54.));
#11109 = CARTESIAN_POINT('',(-72.,-13.70876794293,54.000000000001));
#11110 = CARTESIAN_POINT('',(-65.53989516836,-27.41753481418,
    53.999999999992));
#11111 = CARTESIAN_POINT('',(-52.61968702454,-39.62297639409,
    54.000000000018));
#11112 = CARTESIAN_POINT('',(-34.12490378757,-48.82170789224,
    53.999999999969));
#11113 = CARTESIAN_POINT('',(-11.82665666796,-53.77550738854,
    54.000000000039));
#11114 = CARTESIAN_POINT('',(11.826656667962,-53.77550738853,
    53.999999999962));
#11115 = CARTESIAN_POINT('',(34.124903787576,-48.82170789225,
    54.000000000029));
#11116 = CARTESIAN_POINT('',(52.619687024549,-39.62297639409,
    53.999999999984));
#11117 = CARTESIAN_POINT('',(65.53989516836,-27.41753481418,
    54.000000000007));
#11118 = CARTESIAN_POINT('',(72.000000000001,-13.70876794293,
    53.999999999998));
#11119 = CARTESIAN_POINT('',(72.,4.873148681174E-16,54.));
#11120 = ORIENTED_EDGE('',*,*,#11121,.T.);
#11121 = EDGE_CURVE('',#11095,#11122,#11124,.T.);
#11122 = VERTEX_POINT('',#11123);
#11123 = CARTESIAN_POINT('',(-78.,-1.430733853472E-14,194.));
#11124 = B_SPLINE_CURVE_WITH_KNOTS('',4,(#11125,#11126,#11127,#11128,
    #11129,#11130,#11131,#11132,#11133,#11134,#11135,#11136,#11137,
    #11138,#11139,#11140,#11141,#11142,#11143,#11144,#11145,#11146,
    #11147,#11148,#11149,#11150,#11151,#11152,#11153,#11154,#11155,
    #11156,#11157,#11158,#11159,#11160,#11161,#11162,#11163,#11164,
    #11165,#11166,#11167,#11168,#11169,#11170,#11171,#11172,#11173,
    #11174,#11175,#11176,#11177,#11178,#11179,#11180,#11181,#11182,
    #11183,#11184,#11185,#11186,#11187,#11188,#11189,#11190,#11191,
    #11192,#11193,#11194,#11195,#11196,#11197,#11198,#11199,#11200,
    #11201,#11202,#11203,#11204,#11205,#11206,#11207,#11208,#11209,
    #11210,#11211,#11212,#11213,#11214,#11215,#11216,#11217,#11218,
    #11219,#11220,#11221,#11222,#11223,#11224,#11225,#11226,#11227,
    #11228,#11229,#11230,#11231,#11232,#11233,#11234,#11235,#11236,
    #11237,#11238,#11239,#11240,#11241,#11242,#11243),.UNSPECIFIED.,.F.,
  .F.,(5,3,3,3,3,3,3,3,3,3,3,3,3,3,3,3,3,3,3,3,3,3,3,3,3,3,3,3,3,3,3,3,3
    ,3,3,3,3,3,3,5),(0.,2.922182365224E-02,5.82160280369E-02,
    8.101822927249E-02,9.17009964883E-02,9.688889261136E-02,
    9.948197994812E-02,0.102074513157,0.130062285212,0.158003737942,
    0.185913308248,0.213703874706,0.241583868006,0.269362779489,
    0.29724521835,0.325037317875,0.352940814185,0.380858507454,
    0.408791443422,0.436640386208,0.464603916397,0.492482274522,
    0.520473660884,0.548377922095,0.57639363966,0.604420833656,
    0.632459750721,0.660411571387,0.688477959014,0.716462316003,
    0.744569071411,0.772604240742,0.800775904901,0.828993769354,
    0.857269710645,0.885516840416,0.913953429512,0.94239604019,
    0.971069543525,1.),.UNSPECIFIED.);
#11125 = CARTESIAN_POINT('',(-72.,0.,54.000000000001));
#11126 = CARTESIAN_POINT('',(-72.79052554784,0.,54.791090178318));
#11127 = CARTESIAN_POINT('',(-73.5684905759,0.,55.594731933134));
#11128 = CARTESIAN_POINT('',(-74.33363508984,0.,56.410586589307));
#11129 = CARTESIAN_POINT('',(-75.83197299033,0.,58.0595572688));
#11130 = CARTESIAN_POINT('',(-76.56536885367,0.,58.892489578229));
#11131 = CARTESIAN_POINT('',(-77.28570029428,0.,59.736742357287));
#11132 = CARTESIAN_POINT('',(-78.54885435857,0.,61.264523014937));
#11133 = CARTESIAN_POINT('',(-79.09673297273,0.,61.943870828953));
#11134 = CARTESIAN_POINT('',(-79.63632359155,0.,62.62981869244));
#11135 = CARTESIAN_POINT('',(-80.41642312022,0.,63.646558972343));
#11136 = CARTESIAN_POINT('',(-80.66346301812,0.,63.972340510669));
#11137 = CARTESIAN_POINT('',(-80.90865812802,0.,64.29951268309));
#11138 = CARTESIAN_POINT('',(-81.27017586335,0.,64.78760853818));
#11139 = CARTESIAN_POINT('',(-81.38791404111,0.,64.947483770177));
#11140 = CARTESIAN_POINT('',(-81.5052144702,0.,65.107680448978));
#11141 = CARTESIAN_POINT('',(-81.6804878348,0.,65.348427803272));
#11142 = CARTESIAN_POINT('',(-81.73878978829,0.,65.428738942137));
#11143 = CARTESIAN_POINT('',(-81.7969820606,0.,65.509129589294));
#11144 = CARTESIAN_POINT('',(-81.91313462362,0.,65.670052170482));
#11145 = CARTESIAN_POINT('',(-81.97109496123,0.,65.750584070652));
#11146 = CARTESIAN_POINT('',(-82.0289454573,0.,65.831194911661));
#11147 = CARTESIAN_POINT('',(-82.71002592427,0.,66.782970568406));
#11148 = CARTESIAN_POINT('',(-83.32055262153,0.,67.663225700133));
#11149 = CARTESIAN_POINT('',(-83.91813828769,0.,68.552313652391));
#11150 = CARTESIAN_POINT('',(-85.08625166197,0.,70.345995061718));
#11151 = CARTESIAN_POINT('',(-85.65682244034,0.,71.250560538232));
#11152 = CARTESIAN_POINT('',(-86.2142873271,0.,72.163257966351));
#11153 = CARTESIAN_POINT('',(-87.30221866996,0.,74.003198964863));
#11154 = CARTESIAN_POINT('',(-87.83271512264,0.,74.930424836737));
#11155 = CARTESIAN_POINT('',(-88.34997038828,0.,75.865098753849));
#11156 = CARTESIAN_POINT('',(-89.35572094479,0.,77.744670326475));
#11157 = CARTESIAN_POINT('',(-89.84432937335,0.,78.689507455748));
#11158 = CARTESIAN_POINT('',(-90.31968178235,0.,79.641079735641));
#11159 = CARTESIAN_POINT('',(-91.24526440476,0.,81.56014076261));
#11160 = CARTESIAN_POINT('',(-91.6954087662,0.,82.527670909429));
#11161 = CARTESIAN_POINT('',(-92.1321138221,0.,83.501338062967));
#11162 = CARTESIAN_POINT('',(-92.97703816359,0.,85.456766563905));
#11163 = CARTESIAN_POINT('',(-93.38535490082,0.,86.43848578015));
#11164 = CARTESIAN_POINT('',(-93.78025747828,0.,87.425674764533));
#11165 = CARTESIAN_POINT('',(-94.54460388271,0.,89.414083951442));
#11166 = CARTESIAN_POINT('',(-94.91394726303,0.,90.415342729629));
#11167 = CARTESIAN_POINT('',(-95.26972366145,0.,91.421499841154));
#11168 = CARTESIAN_POINT('',(-95.95299658877,0.,93.439738024774));
#11169 = CARTESIAN_POINT('',(-96.28058093661,0.,94.451789320222));
#11170 = CARTESIAN_POINT('',(-96.59464908394,0.,95.468114267859));
#11171 = CARTESIAN_POINT('',(-97.19693188216,0.,97.512823992893));
#11172 = CARTESIAN_POINT('',(-97.48503779582,0.,98.54124074642));
#11173 = CARTESIAN_POINT('',(-97.75949288121,0.,99.573382584006));
#11174 = CARTESIAN_POINT('',(-98.28121571437,0.,101.64507333759));
#11175 = CARTESIAN_POINT('',(-98.5284695028,0.,102.68462571001));
#11176 = CARTESIAN_POINT('',(-98.76204010178,0.,103.72733623737));
#11177 = CARTESIAN_POINT('',(-99.20192117043,0.,105.81908611377));
#11178 = CARTESIAN_POINT('',(-99.4082166413,0.,106.86812855407));
#11179 = CARTESIAN_POINT('',(-99.60080009146,0.,107.9197734402));
#11180 = CARTESIAN_POINT('',(-99.95799340178,0.,110.02455004999));
#11181 = CARTESIAN_POINT('',(-100.1226856014,0.,111.07766773527));
#11182 = CARTESIAN_POINT('',(-100.2737364452,0.,112.13282751076));
#11183 = CARTESIAN_POINT('',(-100.549109408,0.,114.2510443002));
#11184 = CARTESIAN_POINT('',(-100.6733189672,0.,115.31411588085));
#11185 = CARTESIAN_POINT('',(-100.7837631451,0.,116.37870500206));
#11186 = CARTESIAN_POINT('',(-100.9768137063,0.,118.5071351748));
#11187 = CARTESIAN_POINT('',(-101.0595038402,0.,119.57096856309));
#11188 = CARTESIAN_POINT('',(-101.1284997961,0.,120.63577748589));
#11189 = CARTESIAN_POINT('',(-101.2393133054,0.,122.77113743322));
#11190 = CARTESIAN_POINT('',(-101.281019531,0.,123.8416941684));
#11191 = CARTESIAN_POINT('',(-101.3089059142,0.,124.91269997648));
#11192 = CARTESIAN_POINT('',(-101.3369789184,0.,127.05174048923));
#11193 = CARTESIAN_POINT('',(-101.337251494,0.,128.11977400005));
#11194 = CARTESIAN_POINT('',(-101.3237739182,0.,129.18772277069));
#11195 = CARTESIAN_POINT('',(-101.2691920629,0.,131.3271825982));
#11196 = CARTESIAN_POINT('',(-101.2279776684,0.,132.39869078193));
#11197 = CARTESIAN_POINT('',(-101.1728852692,0.,133.46957566292));
#11198 = CARTESIAN_POINT('',(-101.0348979496,0.,135.60999328085));
#11199 = CARTESIAN_POINT('',(-100.9519916776,0.,136.67952522409));
#11200 = CARTESIAN_POINT('',(-100.8551777631,0.,137.7478888682));
#11201 = CARTESIAN_POINT('',(-100.6336712478,0.,139.88217392046));
#11202 = CARTESIAN_POINT('',(-100.5089670418,0.,140.94809406593));
#11203 = CARTESIAN_POINT('',(-100.3703264723,0.,142.01229237729));
#11204 = CARTESIAN_POINT('',(-100.0656328687,0.,144.13338374166));
#11205 = CARTESIAN_POINT('',(-99.89966637098,0.,145.19028917248));
#11206 = CARTESIAN_POINT('',(-99.71983638886,0.,146.24492560241));
#11207 = CARTESIAN_POINT('',(-99.33164807365,0.,148.3534046028));
#11208 = CARTESIAN_POINT('',(-99.12317588979,0.,149.40722616583));
#11209 = CARTESIAN_POINT('',(-98.90071883723,0.,150.45818611471));
#11210 = CARTESIAN_POINT('',(-98.42852803875,0.,152.55073260401));
#11211 = CARTESIAN_POINT('',(-98.17887598224,0.,153.59233753892));
#11212 = CARTESIAN_POINT('',(-97.91532271502,0.,154.63051405528));
#11213 = CARTESIAN_POINT('',(-97.35921550674,0.,156.70393893547));
#11214 = CARTESIAN_POINT('',(-97.06653983861,0.,157.73915462263));
#11215 = CARTESIAN_POINT('',(-96.7598565705,0.,158.770309427));
#11216 = CARTESIAN_POINT('',(-96.11932490364,0.,160.82126496189));
#11217 = CARTESIAN_POINT('',(-95.78554776228,0.,161.84108792996));
#11218 = CARTESIAN_POINT('',(-95.43786748118,0.,162.85625739297));
#11219 = CARTESIAN_POINT('',(-94.71299585152,0.,164.8815826573));
#11220 = CARTESIAN_POINT('',(-94.33566914827,0.,165.89169001382));
#11221 = CARTESIAN_POINT('',(-93.94435987625,0.,166.89646573651));
#11222 = CARTESIAN_POINT('',(-93.13319592333,0.,168.89634713093));
#11223 = CARTESIAN_POINT('',(-92.71329556704,0.,169.89143429397));
#11224 = CARTESIAN_POINT('',(-92.27945150536,0.,170.88052435122));
#11225 = CARTESIAN_POINT('',(-91.38307268442,0.,172.84807609278));
#11226 = CARTESIAN_POINT('',(-90.92048079498,0.,173.82651178973));
#11227 = CARTESIAN_POINT('',(-90.4440066666,0.,174.79826543475));
#11228 = CARTESIAN_POINT('',(-89.46395147362,0.,176.72676022504));
#11229 = CARTESIAN_POINT('',(-88.96039859721,0.,177.68351576087));
#11230 = CARTESIAN_POINT('',(-88.44314944122,0.,178.63293918733));
#11231 = CARTESIAN_POINT('',(-87.37789942341,0.,180.52277570471));
#11232 = CARTESIAN_POINT('',(-86.8297156327,0.,181.463085781));
#11233 = CARTESIAN_POINT('',(-86.26785605634,0.,182.39529124069));
#11234 = CARTESIAN_POINT('',(-85.11691844098,0.,184.2430195082));
#11235 = CARTESIAN_POINT('',(-84.52783470353,0.,185.15853889761));
#11236 = CARTESIAN_POINT('',(-83.92532457794,0.,186.06528093336));
#11237 = CARTESIAN_POINT('',(-82.68876105351,0.,187.86784232886));
#11238 = CARTESIAN_POINT('',(-82.05449131006,0.,188.76351344808));
#11239 = CARTESIAN_POINT('',(-81.40689101962,0.,189.64959601327));
#11240 = CARTESIAN_POINT('',(-80.0794815456,0.,191.40978852683));
#11241 = CARTESIAN_POINT('',(-79.39943571344,0.,192.2837202326));
#11242 = CARTESIAN_POINT('',(-78.70620119369,0.,193.14722912916));
#11243 = CARTESIAN_POINT('',(-78.,0.,194.));
#11244 = ORIENTED_EDGE('',*,*,#11245,.F.);
#11245 = EDGE_CURVE('',#11086,#11122,#11246,.T.);
#11246 = B_SPLINE_CURVE_WITH_KNOTS('',11,(#11247,#11248,#11249,#11250,
    #11251,#11252,#11253,#11254,#11255,#11256,#11257,#11258,#11259,
    #11260,#11261,#11262,#11263,#11264,#11265,#11266,#11267,#11268),
  .UNSPECIFIED.,.T.,.F.,(12,10,12),(0.,0.5,1.),.UNSPECIFIED.);
#11247 = CARTESIAN_POINT('',(78.,0.,194.));
#11248 = CARTESIAN_POINT('',(77.999999999997,15.422363935802,
    193.99999999999));
#11249 = CARTESIAN_POINT('',(71.001553099073,30.844726665971,
    194.00000000004));
#11250 = CARTESIAN_POINT('',(57.004660943227,44.57584844334,
    193.99999999991));
#11251 = CARTESIAN_POINT('',(36.968645769924,54.924421378807,
    194.00000000013));
#11252 = CARTESIAN_POINT('',(12.812211390235,60.497445812083,
    193.99999999984));
#11253 = CARTESIAN_POINT('',(-12.81221139023,60.497445812126,
    194.00000000013));
#11254 = CARTESIAN_POINT('',(-36.96864576991,54.924421378772,
    193.99999999991));
#11255 = CARTESIAN_POINT('',(-57.00466094323,44.575848443362,
    194.00000000004));
#11256 = CARTESIAN_POINT('',(-71.00155309906,30.844726665961,
    193.99999999998));
#11257 = CARTESIAN_POINT('',(-77.99999999999,15.422363935805,194.));
#11258 = CARTESIAN_POINT('',(-78.,-15.4223639358,194.));
#11259 = CARTESIAN_POINT('',(-71.00155309905,-30.84472666595,
    193.99999999997));
#11260 = CARTESIAN_POINT('',(-57.00466094326,-44.57584844337,
    194.00000000005));
#11261 = CARTESIAN_POINT('',(-36.96864576987,-54.92442137876,
    193.9999999999));
#11262 = CARTESIAN_POINT('',(-12.81221139029,-60.49744581213,
    194.00000000011));
#11263 = CARTESIAN_POINT('',(12.81221139029,-60.49744581207,
    193.9999999999));
#11264 = CARTESIAN_POINT('',(36.968645769877,-54.9244213788,
    194.00000000006));
#11265 = CARTESIAN_POINT('',(57.004660943258,-44.57584844334,
    193.99999999996));
#11266 = CARTESIAN_POINT('',(71.001553099059,-30.84472666596,
    194.00000000001));
#11267 = CARTESIAN_POINT('',(78.000000000001,-15.4223639358,
    193.99999999999));
#11268 = CARTESIAN_POINT('',(78.,-3.399491930722E-16,194.));
#11269 = ( BOUNDED_SURFACE() B_SPLINE_SURFACE(11,3,(
    (#11270,#11271,#11272,#11273)
    ,(#11274,#11275,#11276,#11277)
    ,(#11278,#11279,#11280,#11281)
    ,(#11282,#11283,#11284,#11285)
    ,(#11286,#11287,#11288,#11289)
    ,(#11290,#11291,#11292,#11293)
    ,(#11294,#11295,#11296,#11297)
    ,(#11298,#11299,#11300,#11301)
    ,(#11302,#11303,#11304,#11305)
    ,(#11306,#11307,#11308,#11309)
    ,(#11310,#11311,#11312,#11313)
    ,(#11314,#11315,#11316,#11317)
    ,(#11318,#11319,#11320,#11321)
    ,(#11322,#11323,#11324,#11325)
    ,(#11326,#11327,#11328,#11329)
    ,(#11330,#11331,#11332,#11333)
    ,(#11334,#11335,#11336,#11337)
    ,(#11338,#11339,#11340,#11341)
    ,(#11342,#11343,#11344,#11345)
    ,(#11346,#11347,#11348,#11349)
    ,(#11350,#11351,#11352,#11353)
    ,(#11354,#11355,#11356,#11357
)),.UNSPECIFIED.,.T.,.F.,.F.) B_SPLINE_SURFACE_WITH_KNOTS((12,10,12),(4,
4),(0.,0.5,1.),(0.,1.),.UNSPECIFIED.) GEOMETRIC_REPRESENTATION_ITEM() 
RATIONAL_B_SPLINE_SURFACE((
    (1.,1.,1.,1.)
    ,(1.,1.,1.,1.)
    ,(1.,1.,1.,1.)
    ,(1.,1.,1.,1.)
    ,(1.,1.,1.,1.)
    ,(1.,1.,1.,1.)
    ,(1.,1.,1.,1.)
    ,(1.,1.,1.,1.)
    ,(1.,1.,1.,1.)
    ,(1.,1.,1.,1.)
    ,(1.,1.,1.,1.)
    ,(1.,1.,1.,1.)
    ,(1.,1.,1.,1.)
    ,(1.,1.,1.,1.)
    ,(1.,1.,1.,1.)
    ,(1.,1.,1.,1.)
    ,(1.,1.,1.,1.)
    ,(1.,1.,1.,1.)
    ,(1.,1.,1.,1.)
    ,(1.,1.,1.,1.)
    ,(1.,1.,1.,1.)
,(1.,1.,1.,1.))) REPRESENTATION_ITEM('') SURFACE() );
#11270 = CARTESIAN_POINT('',(72.,-7.105427357601E-15,54.));
#11271 = CARTESIAN_POINT('',(108.43723176154,2.442301505978E-14,
    90.463256943765));
#11272 = CARTESIAN_POINT('',(111.49003562443,-4.915842589721E-14,
    153.55922037708));
#11273 = CARTESIAN_POINT('',(78.,0.,194.));
#11274 = CARTESIAN_POINT('',(71.999999999997,13.708767942935,
    53.999999999996));
#11275 = CARTESIAN_POINT('',(108.43723176154,22.188110612143,
    90.463256943761));
#11276 = CARTESIAN_POINT('',(111.49003562442,22.99464483784,
    153.55922037707));
#11277 = CARTESIAN_POINT('',(77.999999999997,15.422363935802,
    193.99999999999));
#11278 = CARTESIAN_POINT('',(65.539895168376,27.417534814197,
    54.000000000015));
#11279 = CARTESIAN_POINT('',(98.707844472222,44.376219489769,
    90.463256943784));
#11280 = CARTESIAN_POINT('',(101.48673954367,45.98928787808,
    153.55922037711));
#11281 = CARTESIAN_POINT('',(71.001553099073,30.844726665971,
    194.00000000004));
#11282 = CARTESIAN_POINT('',(52.619687024515,39.622976394079,
    53.999999999966));
#11283 = CARTESIAN_POINT('',(79.249072181931,64.131144875553,
    90.463256943725));
#11284 = CARTESIAN_POINT('',(81.48014973484,66.462301600898,
    153.55922037701));
#11285 = CARTESIAN_POINT('',(57.004660943227,44.57584844334,
    193.99999999991));
#11286 = CARTESIAN_POINT('',(34.124903787627,48.821707892275,
    54.000000000051));
#11287 = CARTESIAN_POINT('',(51.394584734118,79.019606976934,
    90.463256943826));
#11288 = CARTESIAN_POINT('',(52.841482485614,81.891956887188,
    153.55922037718));
#11289 = CARTESIAN_POINT('',(36.968645769924,54.924421378807,
    194.00000000013));
#11290 = CARTESIAN_POINT('',(11.826656667903,53.775507388518,
    53.999999999941));
#11291 = CARTESIAN_POINT('',(17.811804306461,87.037501190927,
    90.463256943697));
#11292 = CARTESIAN_POINT('',(18.313255183631,90.201300256963,
    153.55922037697));
#11293 = CARTESIAN_POINT('',(12.812211390235,60.497445812083,
    193.99999999984));
#11294 = CARTESIAN_POINT('',(-11.8266566679,53.775507388556,
    54.000000000051));
#11295 = CARTESIAN_POINT('',(-17.81180430646,87.03750119119,
    90.463256943827));
#11296 = CARTESIAN_POINT('',(-18.31325518365,90.201300257007,
    153.55922037717));
#11297 = CARTESIAN_POINT('',(-12.81221139023,60.497445812126,
    194.00000000013));
#11298 = CARTESIAN_POINT('',(-34.12490378761,48.821707892244,
    53.999999999965));
#11299 = CARTESIAN_POINT('',(-51.39458473411,79.019606976733,
    90.463256943722));
#11300 = CARTESIAN_POINT('',(-52.84148248556,81.891956887151,
    153.55922037702));
#11301 = CARTESIAN_POINT('',(-36.96864576991,54.924421378772,
    193.99999999991));
#11302 = CARTESIAN_POINT('',(-52.61968702452,39.622976394098,
    54.000000000017));
#11303 = CARTESIAN_POINT('',(-79.24907218193,64.131144875668,
    90.463256943789));
#11304 = CARTESIAN_POINT('',(-81.48014973488,66.462301600922,
    153.55922037711));
#11305 = CARTESIAN_POINT('',(-57.00466094323,44.575848443362,
    194.00000000004));
#11306 = CARTESIAN_POINT('',(-65.53989516837,27.417534814188,
    53.999999999994));
#11307 = CARTESIAN_POINT('',(-98.70784447221,44.376219489724,
    90.463256943758));
#11308 = CARTESIAN_POINT('',(-101.4867395436,45.989287878069,
    153.55922037707));
#11309 = CARTESIAN_POINT('',(-71.00155309906,30.844726665961,
    193.99999999998));
#11310 = CARTESIAN_POINT('',(-71.99999999999,13.708767942938,54.));
#11311 = CARTESIAN_POINT('',(-108.4372317615,22.188110612153,
    90.463256943765));
#11312 = CARTESIAN_POINT('',(-111.4900356244,22.994644837844,
    153.55922037708));
#11313 = CARTESIAN_POINT('',(-77.99999999999,15.422363935805,194.));
#11314 = CARTESIAN_POINT('',(-72.,-13.70876794293,54.000000000001));
#11315 = CARTESIAN_POINT('',(-108.4372317615,-22.18811061215,
    90.463256943768));
#11316 = CARTESIAN_POINT('',(-111.4900356244,-22.99464483784,
    153.55922037708));
#11317 = CARTESIAN_POINT('',(-78.,-15.4223639358,194.));
#11318 = CARTESIAN_POINT('',(-65.53989516836,-27.41753481418,
    53.999999999992));
#11319 = CARTESIAN_POINT('',(-98.7078444722,-44.37621948974,
    90.463256943748));
#11320 = CARTESIAN_POINT('',(-101.4867395436,-45.98928787805,
    153.55922037708));
#11321 = CARTESIAN_POINT('',(-71.00155309905,-30.84472666595,
    193.99999999997));
#11322 = CARTESIAN_POINT('',(-52.61968702454,-39.62297639409,
    54.000000000018));
#11323 = CARTESIAN_POINT('',(-79.24907218196,-64.13114487559,
    90.463256943805));
#11324 = CARTESIAN_POINT('',(-81.48014973489,-66.46230160095,
    153.55922037708));
#11325 = CARTESIAN_POINT('',(-57.00466094326,-44.57584844337,
    194.00000000005));
#11326 = CARTESIAN_POINT('',(-34.12490378757,-48.82170789224,
    53.999999999969));
#11327 = CARTESIAN_POINT('',(-51.39458473407,-79.01960697689,
    90.463256943704));
#11328 = CARTESIAN_POINT('',(-52.84148248553,-81.89195688708,
    153.55922037708));
#11329 = CARTESIAN_POINT('',(-36.96864576987,-54.92442137876,
    193.9999999999));
#11330 = CARTESIAN_POINT('',(-11.82665666796,-53.77550738854,
    54.000000000039));
#11331 = CARTESIAN_POINT('',(-17.8118043065,-87.03750119096,
    90.463256943835));
#11332 = CARTESIAN_POINT('',(-18.31325518371,-90.20130025709,
    153.55922037708));
#11333 = CARTESIAN_POINT('',(-12.81221139029,-60.49744581213,
    194.00000000011));
#11334 = CARTESIAN_POINT('',(11.826656667962,-53.77550738853,
    53.999999999962));
#11335 = CARTESIAN_POINT('',(17.811804306506,-87.03750119117,
    90.463256943706));
#11336 = CARTESIAN_POINT('',(18.313255183724,-90.20130025687,
    153.55922037708));
#11337 = CARTESIAN_POINT('',(12.81221139029,-60.49744581207,
    193.9999999999));
#11338 = CARTESIAN_POINT('',(34.124903787576,-48.82170789225,
    54.000000000029));
#11339 = CARTESIAN_POINT('',(51.394584734079,-79.01960697673,
    90.463256943806));
#11340 = CARTESIAN_POINT('',(52.841482485521,-81.89195688725,
    153.55922037708));
#11341 = CARTESIAN_POINT('',(36.968645769877,-54.9244213788,
    194.00000000006));
#11342 = CARTESIAN_POINT('',(52.619687024549,-39.62297639409,
    53.999999999984));
#11343 = CARTESIAN_POINT('',(79.249072181958,-64.13114487567,
    90.463256943744));
#11344 = CARTESIAN_POINT('',(81.480149734908,-66.46230160086,
    153.55922037708));
#11345 = CARTESIAN_POINT('',(57.004660943258,-44.57584844334,
    193.99999999996));
#11346 = CARTESIAN_POINT('',(65.53989516836,-27.41753481418,
    54.000000000007));
#11347 = CARTESIAN_POINT('',(98.707844472209,-44.37621948971,
    90.463256943773));
#11348 = CARTESIAN_POINT('',(101.48673954363,-45.98928787809,
    153.55922037708));
#11349 = CARTESIAN_POINT('',(71.001553099059,-30.84472666596,
    194.00000000001));
#11350 = CARTESIAN_POINT('',(72.000000000001,-13.70876794293,
    53.999999999998));
#11351 = CARTESIAN_POINT('',(108.43723176154,-22.18811061215,
    90.463256943764));
#11352 = CARTESIAN_POINT('',(111.49003562443,-22.99464483783,
    153.55922037708));
#11353 = CARTESIAN_POINT('',(78.000000000001,-15.4223639358,
    193.99999999999));
#11354 = CARTESIAN_POINT('',(72.,4.873148681174E-16,54.));
#11355 = CARTESIAN_POINT('',(108.43723176154,-2.351024257635E-14,
    90.463256943765));
#11356 = CARTESIAN_POINT('',(111.49003562443,-3.993503885016E-14,
    153.55922037708));
#11357 = CARTESIAN_POINT('',(78.,-3.399491930722E-16,194.));
#11358 = ADVANCED_FACE('',(#11359),#11385,.F.);
#11359 = FACE_BOUND('',#11360,.F.);
#11360 = EDGE_LOOP('',(#11361,#11362,#11370,#11379));
#11361 = ORIENTED_EDGE('',*,*,#11083,.F.);
#11362 = ORIENTED_EDGE('',*,*,#11363,.F.);
#11363 = EDGE_CURVE('',#11364,#11084,#11366,.T.);
#11364 = VERTEX_POINT('',#11365);
#11365 = CARTESIAN_POINT('',(71.548520814047,-1.387168856336E-14,54.));
#11366 = LINE('',#11367,#11368);
#11367 = CARTESIAN_POINT('',(-21.5,0.,54.));
#11368 = VECTOR('',#11369,1.);
#11369 = DIRECTION('',(1.,0.,-2.676122154524E-15));
#11370 = ORIENTED_EDGE('',*,*,#11371,.T.);
#11371 = EDGE_CURVE('',#11364,#11372,#11374,.T.);
#11372 = VERTEX_POINT('',#11373);
#11373 = CARTESIAN_POINT('',(77.406430802325,-5.982210653714E-15,194.));
#11374 = ( BOUNDED_CURVE() B_SPLINE_CURVE(3,(#11375,#11376,#11377,#11378
),.UNSPECIFIED.,.F.,.F.) B_SPLINE_CURVE_WITH_KNOTS((4,4),(0.,1.),
.PIECEWISE_BEZIER_KNOTS.) CURVE() GEOMETRIC_REPRESENTATION_ITEM() 
RATIONAL_B_SPLINE_CURVE((1.,1.,1.,1.)) REPRESENTATION_ITEM('') );
#11375 = CARTESIAN_POINT('',(70.6,-1.42108547152E-14,53.));
#11376 = CARTESIAN_POINT('',(106.63937982708,-1.682721441193E-15,
    90.466879546447));
#11377 = CARTESIAN_POINT('',(110.33356327351,4.017466092761E-14,
    153.7179398577));
#11378 = CARTESIAN_POINT('',(76.6,-7.105427357601E-15,195.));
#11379 = ORIENTED_EDGE('',*,*,#11380,.T.);
#11380 = EDGE_CURVE('',#11372,#11086,#11381,.T.);
#11381 = LINE('',#11382,#11383);
#11382 = CARTESIAN_POINT('',(-18.49999999999,0.,194.));
#11383 = VECTOR('',#11384,1.);
#11384 = DIRECTION('',(1.,0.,-8.257515148142E-15));
#11385 = PLANE('',#11386);
#11386 = AXIS2_PLACEMENT_3D('',#11387,#11388,#11389);
#11387 = CARTESIAN_POINT('',(-115.,0.,45.));
#11388 = DIRECTION('',(0.,1.,0.));
#11389 = DIRECTION('',(0.,0.,1.));
#11390 = ADVANCED_FACE('',(#11391),#11573,.F.);
#11391 = FACE_BOUND('',#11392,.F.);
#11392 = EDGE_LOOP('',(#11393,#11394,#11395,#11567));
#11393 = ORIENTED_EDGE('',*,*,#11245,.F.);
#11394 = ORIENTED_EDGE('',*,*,#11380,.F.);
#11395 = ORIENTED_EDGE('',*,*,#11396,.F.);
#11396 = EDGE_CURVE('',#11397,#11372,#11399,.T.);
#11397 = VERTEX_POINT('',#11398);
#11398 = CARTESIAN_POINT('',(-77.40643113042,-5.663403761351E-15,194.));
#11399 = B_SPLINE_CURVE_WITH_KNOTS('',6,(#11400,#11401,#11402,#11403,
    #11404,#11405,#11406,#11407,#11408,#11409,#11410,#11411,#11412,
    #11413,#11414,#11415,#11416,#11417,#11418,#11419,#11420,#11421,
    #11422,#11423,#11424,#11425,#11426,#11427,#11428,#11429,#11430,
    #11431,#11432,#11433,#11434,#11435,#11436,#11437,#11438,#11439,
    #11440,#11441,#11442,#11443,#11444,#11445,#11446,#11447,#11448,
    #11449,#11450,#11451,#11452,#11453,#11454,#11455,#11456,#11457,
    #11458,#11459,#11460,#11461,#11462,#11463,#11464,#11465,#11466,
    #11467,#11468,#11469,#11470,#11471,#11472,#11473,#11474,#11475,
    #11476,#11477,#11478,#11479,#11480,#11481,#11482,#11483,#11484,
    #11485,#11486,#11487,#11488,#11489,#11490,#11491,#11492,#11493,
    #11494,#11495,#11496,#11497,#11498,#11499,#11500,#11501,#11502,
    #11503,#11504,#11505,#11506,#11507,#11508,#11509,#11510,#11511,
    #11512,#11513,#11514,#11515,#11516,#11517,#11518,#11519,#11520,
    #11521,#11522,#11523,#11524,#11525,#11526,#11527,#11528,#11529,
    #11530,#11531,#11532,#11533,#11534,#11535,#11536,#11537,#11538,
    #11539,#11540,#11541,#11542,#11543,#11544,#11545,#11546,#11547,
    #11548,#11549,#11550,#11551,#11552,#11553,#11554,#11555,#11556,
    #11557,#11558,#11559,#11560,#11561,#11562,#11563,#11564,#11565,
    #11566),.UNSPECIFIED.,.T.,.F.,(7,5,5,5,5,5,5,5,5,5,5,5,5,5,5,5,5,5,5
    ,5,5,5,5,5,5,5,5,5,5,5,5,5,5,7),(0.,2.267215895428E-02,
    4.598921931174E-02,7.594904465353E-02,0.116782541238,0.150367401649,
    0.177092517786,0.213233184805,0.249999802993,0.286882714292,
    0.322907087892,0.349632204126,0.383217064658,0.42405056139,
    0.45401038684,0.469474330165,0.499998478159,0.520947398176,
    0.530524096037,0.545988091142,0.57594801691,0.61678165037,
    0.650366623359,0.677091829079,0.713232617243,0.749999358675,
    0.786882393606,0.822906887962,0.849632093778,0.883217066887,
    0.924050700492,0.954010626367,0.977327764967,1.),.UNSPECIFIED.);
#11400 = CARTESIAN_POINT('',(77.406430802325,-3.72965547335E-15,194.));
#11401 = CARTESIAN_POINT('',(77.406430820846,-1.564210203102,194.));
#11402 = CARTESIAN_POINT('',(77.32624559173,-3.128532682593,194.));
#11403 = CARTESIAN_POINT('',(77.165854136388,-4.687578345353,194.));
#11404 = CARTESIAN_POINT('',(76.926451892447,-6.236362096113,194.));
#11405 = CARTESIAN_POINT('',(76.610200102356,-7.770273386299,194.));
#11406 = CARTESIAN_POINT('',(75.818920693606,-10.84293911273,194.));
#11407 = CARTESIAN_POINT('',(75.339592856255,-12.38074259895,194.));
#11408 = CARTESIAN_POINT('',(74.785341863881,-13.89395669868,194.));
#11409 = CARTESIAN_POINT('',(74.160146578382,-15.37900822439,194.));
#11410 = CARTESIAN_POINT('',(73.468306479993,-16.83309746856,194.));
#11411 = CARTESIAN_POINT('',(71.745244347332,-20.07993393263,194.));
#11412 = CARTESIAN_POINT('',(70.673486657719,-21.85114143824,194.));
#11413 = CARTESIAN_POINT('',(69.508091122355,-23.56342866824,194.));
#11414 = CARTESIAN_POINT('',(68.25827274141,-25.21436148157,194.));
#11415 = CARTESIAN_POINT('',(66.932519881049,-26.80282431795,194.));
#11416 = CARTESIAN_POINT('',(63.637826289962,-30.40846930951,194.));
#11417 = CARTESIAN_POINT('',(61.610442451112,-32.37161469103,194.));
#11418 = CARTESIAN_POINT('',(59.474508187713,-34.21834588698,194.));
#11419 = CARTESIAN_POINT('',(57.246073176329,-35.95045125578,194.));
#11420 = CARTESIAN_POINT('',(54.938368633115,-37.57083483068,194.));
#11421 = CARTESIAN_POINT('',(50.606379342905,-40.32675715436,194.));
#11422 = CARTESIAN_POINT('',(48.604775902695,-41.49712733834,194.));
#11423 = CARTESIAN_POINT('',(46.562388539589,-42.59598005027,194.));
#11424 = CARTESIAN_POINT('',(44.484252633328,-43.62505933598,194.));
#11425 = CARTESIAN_POINT('',(42.374675046043,-44.58606859642,194.));
#11426 = CARTESIAN_POINT('',(38.53631572345,-46.19244660463,194.));
#11427 = CARTESIAN_POINT('',(36.817818678742,-46.86217161791,194.));
#11428 = CARTESIAN_POINT('',(35.08354452213,-47.49058388255,194.));
#11429 = CARTESIAN_POINT('',(33.335151498978,-48.07840061123,194.));
#11430 = CARTESIAN_POINT('',(31.574128793214,-48.6262697361,194.));
#11431 = CARTESIAN_POINT('',(27.40505945733,-49.82244088385,194.));
#11432 = CARTESIAN_POINT('',(24.987701339426,-50.43810546786,194.));
#11433 = CARTESIAN_POINT('',(22.552980906695,-50.98323120653,194.));
#11434 = CARTESIAN_POINT('',(20.103854115376,-51.45898134869,194.));
#11435 = CARTESIAN_POINT('',(17.642994912795,-51.86630483116,194.));
#11436 = CARTESIAN_POINT('',(12.659803057358,-52.55140450574,194.));
#11437 = CARTESIAN_POINT('',(10.137207856265,-52.82680838355,194.));
#11438 = CARTESIAN_POINT('',(7.607535301071,-53.03287289016,194.));
#11439 = CARTESIAN_POINT('',(5.073224761204,-53.17008701437,194.));
#11440 = CARTESIAN_POINT('',(2.536625957271,-53.23869208632,194.));
#11441 = CARTESIAN_POINT('',(-2.544649323098,-53.23869207814,194.));
#11442 = CARTESIAN_POINT('',(-5.089271054694,-53.16965234612,194.));
#11443 = CARTESIAN_POINT('',(-7.631582943734,-53.03156882504,194.));
#11444 = CARTESIAN_POINT('',(-10.16921271141,-52.82419713963,194.));
#11445 = CARTESIAN_POINT('',(-12.69969698888,-52.54704209038,194.));
#11446 = CARTESIAN_POINT('',(-17.68258613511,-51.85974438472,194.));
#11447 = CARTESIAN_POINT('',(-20.13537600969,-51.45285362833,194.));
#11448 = CARTESIAN_POINT('',(-22.57648321035,-50.97796680315,194.));
#11449 = CARTESIAN_POINT('',(-25.00325796634,-50.43414263923,194.));
#11450 = CARTESIAN_POINT('',(-27.41277169614,-49.82022812265,194.));
#11451 = CARTESIAN_POINT('',(-31.57412879318,-48.62626973611,194.));
#11452 = CARTESIAN_POINT('',(-33.33515149895,-48.07840061124,194.));
#11453 = CARTESIAN_POINT('',(-35.0835445221,-47.49058388256,194.));
#11454 = CARTESIAN_POINT('',(-36.81781867871,-46.86217161792,194.));
#11455 = CARTESIAN_POINT('',(-38.53631572342,-46.19244660464,194.));
#11456 = CARTESIAN_POINT('',(-42.37467504603,-44.58606859642,194.));
#11457 = CARTESIAN_POINT('',(-44.48425263328,-43.625059336,194.));
#11458 = CARTESIAN_POINT('',(-46.56238853958,-42.59598005028,194.));
#11459 = CARTESIAN_POINT('',(-48.60477590267,-41.49712733835,194.));
#11460 = CARTESIAN_POINT('',(-50.60637934288,-40.32675715437,194.));
#11461 = CARTESIAN_POINT('',(-54.93836863309,-37.5708348307,194.));
#11462 = CARTESIAN_POINT('',(-57.24607317631,-35.95045125579,194.));
#11463 = CARTESIAN_POINT('',(-59.47450818769,-34.21834588699,194.));
#11464 = CARTESIAN_POINT('',(-61.61044245109,-32.37161469104,194.));
#11465 = CARTESIAN_POINT('',(-63.63782628994,-30.40846930953,194.));
#11466 = CARTESIAN_POINT('',(-66.93251988103,-26.80282431797,194.));
#11467 = CARTESIAN_POINT('',(-68.25827274141,-25.21436148156,194.));
#11468 = CARTESIAN_POINT('',(-69.50809112232,-23.56342866828,194.));
#11469 = CARTESIAN_POINT('',(-70.67348665772,-21.85114143824,194.));
#11470 = CARTESIAN_POINT('',(-71.74524434731,-20.07993393265,194.));
#11471 = CARTESIAN_POINT('',(-73.21432389113,-17.31168746429,194.));
#11472 = CARTESIAN_POINT('',(-73.68705771364,-16.35473141557,194.));
#11473 = CARTESIAN_POINT('',(-74.13112897705,-15.38384307229,194.));
#11474 = CARTESIAN_POINT('',(-74.54527561416,-14.39976573742,194.));
#11475 = CARTESIAN_POINT('',(-74.92828254663,-13.40339494533,194.));
#11476 = CARTESIAN_POINT('',(-75.97134936678,-10.40690752964,194.));
#11477 = CARTESIAN_POINT('',(-76.53809877169,-8.373885304281,194.));
#11478 = CARTESIAN_POINT('',(-76.97028609251,-6.305592496392,194.));
#11479 = CARTESIAN_POINT('',(-77.26108703058,-4.212330372716,194.));
#11480 = CARTESIAN_POINT('',(-77.40643099277,-2.105935154057,194.));
#11481 = CARTESIAN_POINT('',(-77.4064312249,1.445316796114,194.));
#11482 = CARTESIAN_POINT('',(-77.33797057902,2.890710034052,194.));
#11483 = CARTESIAN_POINT('',(-77.20104263198,4.33195657867,194.));
#11484 = CARTESIAN_POINT('',(-76.9965012673,5.765104179727,194.));
#11485 = CARTESIAN_POINT('',(-76.725944245,7.186458843303,194.));
#11486 = CARTESIAN_POINT('',(-76.23875192696,9.235370068883,194.));
#11487 = CARTESIAN_POINT('',(-76.07257264082,9.874998244789,194.));
#11488 = CARTESIAN_POINT('',(-75.89326838074,10.511139123126,194.));
#11489 = CARTESIAN_POINT('',(-75.70107176446,11.143497908497,194.));
#11490 = CARTESIAN_POINT('',(-75.49623463131,11.771801416882,194.));
#11491 = CARTESIAN_POINT('',(-74.92828254665,13.403394945296,194.));
#11492 = CARTESIAN_POINT('',(-74.54527561417,14.399765737391,194.));
#11493 = CARTESIAN_POINT('',(-74.13112897707,15.38384307226,194.));
#11494 = CARTESIAN_POINT('',(-73.68705771366,16.35473141554,194.));
#11495 = CARTESIAN_POINT('',(-73.21432389115,17.311687464259,194.));
#11496 = CARTESIAN_POINT('',(-71.74524434734,20.079933932627,194.));
#11497 = CARTESIAN_POINT('',(-70.67348665771,21.851141438197,194.));
#11498 = CARTESIAN_POINT('',(-69.50809112239,23.563428668268,194.));
#11499 = CARTESIAN_POINT('',(-68.2582727414,25.214361481524,194.));
#11500 = CARTESIAN_POINT('',(-66.93251988106,26.802824317946,194.));
#11501 = CARTESIAN_POINT('',(-63.63782628997,30.408469309502,194.));
#11502 = CARTESIAN_POINT('',(-61.61044245113,32.371614691017,194.));
#11503 = CARTESIAN_POINT('',(-59.47450818773,34.218345886964,194.));
#11504 = CARTESIAN_POINT('',(-57.24607317634,35.950451255774,194.));
#11505 = CARTESIAN_POINT('',(-54.93836863313,37.570834830678,194.));
#11506 = CARTESIAN_POINT('',(-50.60637934292,40.326757154355,194.));
#11507 = CARTESIAN_POINT('',(-48.6047759027,41.497127338329,194.));
#11508 = CARTESIAN_POINT('',(-46.56238853963,42.595980050273,194.));
#11509 = CARTESIAN_POINT('',(-44.48425263332,43.625059335967,194.));
#11510 = CARTESIAN_POINT('',(-42.37467504607,44.586068596413,194.));
#11511 = CARTESIAN_POINT('',(-38.53631572347,46.192446604626,194.));
#11512 = CARTESIAN_POINT('',(-36.81781867876,46.862171617896,194.));
#11513 = CARTESIAN_POINT('',(-35.08354452215,47.490583882551,194.));
#11514 = CARTESIAN_POINT('',(-33.335151499,48.078400611237,194.));
#11515 = CARTESIAN_POINT('',(-31.57412879323,48.626269736094,194.));
#11516 = CARTESIAN_POINT('',(-27.40505945735,49.822440883842,194.));
#11517 = CARTESIAN_POINT('',(-24.98770133946,50.43810546788,194.));
#11518 = CARTESIAN_POINT('',(-22.5529809067,50.983231206502,194.));
#11519 = CARTESIAN_POINT('',(-20.10385411541,51.458981348715,194.));
#11520 = CARTESIAN_POINT('',(-17.64299491281,51.86630483115,194.));
#11521 = CARTESIAN_POINT('',(-12.65980305738,52.551404505738,194.));
#11522 = CARTESIAN_POINT('',(-10.13720785629,52.826808383548,194.));
#11523 = CARTESIAN_POINT('',(-7.607535301097,53.032872890159,194.));
#11524 = CARTESIAN_POINT('',(-5.073224761226,53.170087014374,194.));
#11525 = CARTESIAN_POINT('',(-2.5366259573,53.238692086329,194.));
#11526 = CARTESIAN_POINT('',(2.54464932307,53.238692078156,194.));
#11527 = CARTESIAN_POINT('',(5.089271054668,53.169652346113,194.));
#11528 = CARTESIAN_POINT('',(7.631582943709,53.031568825049,194.));
#11529 = CARTESIAN_POINT('',(10.169212711388,52.824197139652,194.));
#11530 = CARTESIAN_POINT('',(12.69969698886,52.547042090384,194.));
#11531 = CARTESIAN_POINT('',(17.682586135087,51.859744384747,194.));
#11532 = CARTESIAN_POINT('',(20.135376009653,51.4528536283,194.));
#11533 = CARTESIAN_POINT('',(22.576483210364,50.977966803204,194.));
#11534 = CARTESIAN_POINT('',(25.003257966283,50.434142639214,194.));
#11535 = CARTESIAN_POINT('',(27.412771696129,49.820228122667,194.));
#11536 = CARTESIAN_POINT('',(31.574128793165,48.626269736121,194.));
#11537 = CARTESIAN_POINT('',(33.33515149893,48.078400611253,194.));
#11538 = CARTESIAN_POINT('',(35.083544522083,47.490583882576,194.));
#11539 = CARTESIAN_POINT('',(36.817818678696,46.862171617931,194.));
#11540 = CARTESIAN_POINT('',(38.536315723404,46.192446604649,194.));
#11541 = CARTESIAN_POINT('',(42.374675045996,44.586068596443,194.));
#11542 = CARTESIAN_POINT('',(44.484252633288,43.625059336001,194.));
#11543 = CARTESIAN_POINT('',(46.562388539547,42.595980050305,194.));
#11544 = CARTESIAN_POINT('',(48.604775902651,41.497127338365,194.));
#11545 = CARTESIAN_POINT('',(50.606379342866,40.326757154391,194.));
#11546 = CARTESIAN_POINT('',(54.938368633076,37.570834830715,194.));
#11547 = CARTESIAN_POINT('',(57.246073176296,35.950451255815,194.));
#11548 = CARTESIAN_POINT('',(59.47450818768,34.218345887007,194.));
#11549 = CARTESIAN_POINT('',(61.610442451079,32.371614691059,194.));
#11550 = CARTESIAN_POINT('',(63.637826289934,30.408469309546,194.));
#11551 = CARTESIAN_POINT('',(66.932519881024,26.802824317971,194.));
#11552 = CARTESIAN_POINT('',(68.258272741387,25.214361481634,194.));
#11553 = CARTESIAN_POINT('',(69.508091122333,23.563428668235,194.));
#11554 = CARTESIAN_POINT('',(70.6734866577,21.851141438297,194.));
#11555 = CARTESIAN_POINT('',(71.745244347314,20.079933932663,194.));
#11556 = CARTESIAN_POINT('',(73.468306479977,16.833097468604,194.));
#11557 = CARTESIAN_POINT('',(74.160146578373,15.3790082244,194.));
#11558 = CARTESIAN_POINT('',(74.785341863862,13.893956698758,194.));
#11559 = CARTESIAN_POINT('',(75.339592856248,12.380742598958,194.));
#11560 = CARTESIAN_POINT('',(75.818920693595,10.842939112773,194.));
#11561 = CARTESIAN_POINT('',(76.610200102349,7.770273386327,194.));
#11562 = CARTESIAN_POINT('',(76.926451892444,6.236362096132,194.));
#11563 = CARTESIAN_POINT('',(77.165854136383,4.687578345371,194.));
#11564 = CARTESIAN_POINT('',(77.32624559173,3.128532682603,194.));
#11565 = CARTESIAN_POINT('',(77.406430820845,1.564210203108,194.));
#11566 = CARTESIAN_POINT('',(77.406430802325,-5.939693181745E-15,194.));
#11567 = ORIENTED_EDGE('',*,*,#11568,.F.);
#11568 = EDGE_CURVE('',#11122,#11397,#11569,.T.);
#11569 = LINE('',#11570,#11571);
#11570 = CARTESIAN_POINT('',(-18.49999999999,0.,194.));
#11571 = VECTOR('',#11572,1.);
#11572 = DIRECTION('',(1.,0.,-8.257515148142E-15));
#11573 = PLANE('',#11574);
#11574 = AXIS2_PLACEMENT_3D('',#11575,#11576,#11577);
#11575 = CARTESIAN_POINT('',(78.,0.,194.));
#11576 = DIRECTION('',(-8.257515148142E-15,-1.387691245137E-14,-1.));
#11577 = DIRECTION('',(-0.998656876747,-5.181160609569E-02,
    8.965409409288E-15));
#11578 = ADVANCED_FACE('',(#11579),#11704,.F.);
#11579 = FACE_BOUND('',#11580,.F.);
#11580 = EDGE_LOOP('',(#11581,#11589,#11590,#11591));
#11581 = ORIENTED_EDGE('',*,*,#11582,.F.);
#11582 = EDGE_CURVE('',#11095,#11583,#11585,.T.);
#11583 = VERTEX_POINT('',#11584);
#11584 = CARTESIAN_POINT('',(-71.54852107456,-6.479038353649E-15,54.));
#11585 = LINE('',#11586,#11587);
#11586 = CARTESIAN_POINT('',(-21.5,0.,54.));
#11587 = VECTOR('',#11588,1.);
#11588 = DIRECTION('',(1.,0.,-2.676122154524E-15));
#11589 = ORIENTED_EDGE('',*,*,#11121,.T.);
#11590 = ORIENTED_EDGE('',*,*,#11568,.T.);
#11591 = ORIENTED_EDGE('',*,*,#11592,.F.);
#11592 = EDGE_CURVE('',#11583,#11397,#11593,.T.);
#11593 = B_SPLINE_CURVE_WITH_KNOTS('',4,(#11594,#11595,#11596,#11597,
    #11598,#11599,#11600,#11601,#11602,#11603,#11604,#11605,#11606,
    #11607,#11608,#11609,#11610,#11611,#11612,#11613,#11614,#11615,
    #11616,#11617,#11618,#11619,#11620,#11621,#11622,#11623,#11624,
    #11625,#11626,#11627,#11628,#11629,#11630,#11631,#11632,#11633,
    #11634,#11635,#11636,#11637,#11638,#11639,#11640,#11641,#11642,
    #11643,#11644,#11645,#11646,#11647,#11648,#11649,#11650,#11651,
    #11652,#11653,#11654,#11655,#11656,#11657,#11658,#11659,#11660,
    #11661,#11662,#11663,#11664,#11665,#11666,#11667,#11668,#11669,
    #11670,#11671,#11672,#11673,#11674,#11675,#11676,#11677,#11678,
    #11679,#11680,#11681,#11682,#11683,#11684,#11685,#11686,#11687,
    #11688,#11689,#11690,#11691,#11692,#11693,#11694,#11695,#11696,
    #11697,#11698,#11699,#11700,#11701,#11702,#11703),.UNSPECIFIED.,.F.,
  .F.,(5,3,3,3,3,3,3,3,3,3,3,3,3,3,3,3,3,3,3,3,3,3,3,3,3,3,3,3,3,3,3,3,3
    ,3,3,3,5),(0.,1.347214654277E-02,1.989857938182E-02,
    2.300962230625E-02,2.591894517689E-02,5.666334912615E-02,
    8.702538651252E-02,0.117425543094,0.147681500979,0.178006594577,
    0.208213603564,0.238411250773,0.268606687374,0.298904555794,
    0.329109880247,0.359324326067,0.389549132667,0.419884174748,
    0.450130343801,0.480386558759,0.510652218804,0.541026500508,
    0.57131023109,0.60170333538,0.632008138406,0.662426840431,
    0.692764230118,0.723125945341,0.753519842711,0.784056145645,
    0.814547072514,0.84510771019,0.875755925498,0.906613975317,
    0.937503641604,0.968553297555,1.),.UNSPECIFIED.);
#11594 = CARTESIAN_POINT('',(-71.54845697357,0.,53.999931745512));
#11595 = CARTESIAN_POINT('',(-71.8985720165,0.,54.374253847075));
#11596 = CARTESIAN_POINT('',(-72.24609459467,0.,54.751000745421));
#11597 = CARTESIAN_POINT('',(-72.5910044514,0.,55.13014088626));
#11598 = CARTESIAN_POINT('',(-73.09655481995,0.,55.693624462048));
#11599 = CARTESIAN_POINT('',(-73.25922821931,0.,55.876144030233));
#11600 = CARTESIAN_POINT('',(-73.42130072258,0.,56.059197376144));
#11601 = CARTESIAN_POINT('',(-73.66093793989,0.,56.331654011004));
#11602 = CARTESIAN_POINT('',(-73.73896425759,0.,56.420651302525));
#11603 = CARTESIAN_POINT('',(-73.81684905802,0.,56.509772466136));
#11604 = CARTESIAN_POINT('',(-73.96729431718,0.,56.682475115479));
#11605 = CARTESIAN_POINT('',(-74.03987256091,0.,56.76604110839));
#11606 = CARTESIAN_POINT('',(-74.11232666665,0.,56.849714754378));
#11607 = CARTESIAN_POINT('',(-74.94900483216,0.,57.818855014908));
#11608 = CARTESIAN_POINT('',(-75.69947022884,0.,58.716199758185));
#11609 = CARTESIAN_POINT('',(-76.43584059733,0.,59.625142763676));
#11610 = CARTESIAN_POINT('',(-77.87105075815,0.,61.453989553889));
#11611 = CARTESIAN_POINT('',(-78.57024335952,0.,62.373616615499));
#11612 = CARTESIAN_POINT('',(-79.25534059365,0.,63.303787981354));
#11613 = CARTESIAN_POINT('',(-80.59789643444,0.,65.185630077721));
#11614 = CARTESIAN_POINT('',(-81.2553191797,0.,66.137326485628));
#11615 = CARTESIAN_POINT('',(-81.89832006745,0.,67.098821714837));
#11616 = CARTESIAN_POINT('',(-83.15225676633,0.,69.036032482508));
#11617 = CARTESIAN_POINT('',(-83.76333010975,0.,70.011659050915));
#11618 = CARTESIAN_POINT('',(-84.35988051222,0.,70.996229074573));
#11619 = CARTESIAN_POINT('',(-85.52507179413,0.,72.984771186137));
#11620 = CARTESIAN_POINT('',(-86.09364567877,0.,73.988782548384));
#11621 = CARTESIAN_POINT('',(-86.64743562321,0.,75.00101995962));
#11622 = CARTESIAN_POINT('',(-87.72319175666,0.,77.037226781328));
#11623 = CARTESIAN_POINT('',(-88.24527336139,0.,78.06113520849));
#11624 = CARTESIAN_POINT('',(-88.75253005254,0.,79.092465232113));
#11625 = CARTESIAN_POINT('',(-89.73711589212,0.,81.168921731481));
#11626 = CARTESIAN_POINT('',(-90.21445416235,0.,82.214043852898));
#11627 = CARTESIAN_POINT('',(-90.6768515804,0.,83.265858712151));
#11628 = CARTESIAN_POINT('',(-91.57163118122,0.,85.382088119824));
#11629 = CARTESIAN_POINT('',(-92.0040154603,0.,86.446501736365));
#11630 = CARTESIAN_POINT('',(-92.42136020878,0.,87.51689898201));
#11631 = CARTESIAN_POINT('',(-93.22725307919,0.,89.672619195669));
#11632 = CARTESIAN_POINT('',(-93.61569862121,0.,90.757980453385));
#11633 = CARTESIAN_POINT('',(-93.98891945726,0.,91.8486683944));
#11634 = CARTESIAN_POINT('',(-94.70374907834,0.,94.036668225618));
#11635 = CARTESIAN_POINT('',(-95.04545086029,0.,95.133949665435));
#11636 = CARTESIAN_POINT('',(-95.37195197369,0.,96.235847789679));
#11637 = CARTESIAN_POINT('',(-95.99458745134,0.,98.448549551316));
#11638 = CARTESIAN_POINT('',(-96.29071254911,0.,99.559355722066));
#11639 = CARTESIAN_POINT('',(-96.57156825404,0.,100.67411894915));
#11640 = CARTESIAN_POINT('',(-97.10277807689,0.,102.91129311915));
#11641 = CARTESIAN_POINT('',(-97.3531216489,0.,104.03370648738));
#11642 = CARTESIAN_POINT('',(-97.58813136666,0.,105.15942912807));
#11643 = CARTESIAN_POINT('',(-98.02823300756,0.,107.42096909778));
#11644 = CARTESIAN_POINT('',(-98.23321264824,0.,108.5568081949));
#11645 = CARTESIAN_POINT('',(-98.42269465449,0.,109.69533435984));
#11646 = CARTESIAN_POINT('',(-98.77010261826,0.,111.97377812159));
#11647 = CARTESIAN_POINT('',(-98.92811937314,0.,113.11368179015));
#11648 = CARTESIAN_POINT('',(-99.07067835762,0.,114.25562120255));
#11649 = CARTESIAN_POINT('',(-99.32487158049,0.,116.54332080585));
#11650 = CARTESIAN_POINT('',(-99.4364955195,0.,117.6890820578));
#11651 = CARTESIAN_POINT('',(-99.53259992379,0.,118.83624924247));
#11652 = CARTESIAN_POINT('',(-99.69374205403,0.,121.1331234714));
#11653 = CARTESIAN_POINT('',(-99.75877007426,0.,122.2828311142));
#11654 = CARTESIAN_POINT('',(-99.80821604457,0.,123.43331453196));
#11655 = CARTESIAN_POINT('',(-99.87601144042,0.,125.73932991407));
#11656 = CARTESIAN_POINT('',(-99.89424864161,0.,126.89486509686));
#11657 = CARTESIAN_POINT('',(-99.89673736461,0.,128.05054217216));
#11658 = CARTESIAN_POINT('',(-99.87020292711,0.,130.35808886913));
#11659 = CARTESIAN_POINT('',(-99.8412737174,0.,131.50995949349));
#11660 = CARTESIAN_POINT('',(-99.79663565762,0.,132.66132937392));
#11661 = CARTESIAN_POINT('',(-99.67567147756,0.,134.96657322753));
#11662 = CARTESIAN_POINT('',(-99.599231539,0.,136.12044115566));
#11663 = CARTESIAN_POINT('',(-99.50691630361,0.,137.27314897202));
#11664 = CARTESIAN_POINT('',(-99.29080115562,0.,139.57223093547));
#11665 = CARTESIAN_POINT('',(-99.16709355372,0.,140.71861369344));
#11666 = CARTESIAN_POINT('',(-99.02755467019,0.,141.86317899921));
#11667 = CARTESIAN_POINT('',(-98.71619002198,0.,144.15229116513));
#11668 = CARTESIAN_POINT('',(-98.54424495287,0.,145.29682174));
#11669 = CARTESIAN_POINT('',(-98.35630875182,0.,146.43883747132));
#11670 = CARTESIAN_POINT('',(-97.94897063147,0.,148.71409305768));
#11671 = CARTESIAN_POINT('',(-97.7296542513,0.,149.84734817981));
#11672 = CARTESIAN_POINT('',(-97.49440376171,0.,150.97740534744));
#11673 = CARTESIAN_POINT('',(-96.99182173719,0.,153.23131443412));
#11674 = CARTESIAN_POINT('',(-96.72446472555,0.,154.35516063976));
#11675 = CARTESIAN_POINT('',(-96.4411366844,0.,155.47508964232));
#11676 = CARTESIAN_POINT('',(-95.84223252378,0.,157.7075642005));
#11677 = CARTESIAN_POINT('',(-95.52662264538,0.,158.82010068428));
#11678 = CARTESIAN_POINT('',(-95.19501920693,0.,159.92797806833));
#11679 = CARTESIAN_POINT('',(-94.49823693896,0.,162.13883157776));
#11680 = CARTESIAN_POINT('',(-94.13290818791,0.,163.24176045957));
#11681 = CARTESIAN_POINT('',(-93.75147648102,0.,164.33922735793));
#11682 = CARTESIAN_POINT('',(-92.95707493723,0.,166.52083988608));
#11683 = CARTESIAN_POINT('',(-92.5441529184,0.,167.60500295956));
#11684 = CARTESIAN_POINT('',(-92.11525271976,0.,168.6829479271));
#11685 = CARTESIAN_POINT('',(-91.22459876829,0.,170.82806874836));
#11686 = CARTESIAN_POINT('',(-90.76277225053,0.,171.8952144527));
#11687 = CARTESIAN_POINT('',(-90.28501501336,0.,172.95532682735));
#11688 = CARTESIAN_POINT('',(-89.29639546228,0.,175.06370860038));
#11689 = CARTESIAN_POINT('',(-88.78544229636,0.,176.11193549733));
#11690 = CARTESIAN_POINT('',(-88.25863922051,0.,177.15229004155));
#11691 = CARTESIAN_POINT('',(-87.16984841868,0.,179.22352237022));
#11692 = CARTESIAN_POINT('',(-86.60764456781,0.,180.254286687));
#11693 = CARTESIAN_POINT('',(-86.02960680507,0.,181.2762585506));
#11694 = CARTESIAN_POINT('',(-84.84155426439,0.,183.30285063606));
#11695 = CARTESIAN_POINT('',(-84.23150737548,0.,184.30745222353));
#11696 = CARTESIAN_POINT('',(-83.60589413337,0.,185.30243698006));
#11697 = CARTESIAN_POINT('',(-82.32058442736,0.,187.27748817066));
#11698 = CARTESIAN_POINT('',(-81.66072822234,0.,188.25745089269));
#11699 = CARTESIAN_POINT('',(-80.98551835919,0.,189.22690061188));
#11700 = CARTESIAN_POINT('',(-79.59601238018,0.,191.15626565029));
#11701 = CARTESIAN_POINT('',(-78.8813268176,0.,192.1159008037));
#11702 = CARTESIAN_POINT('',(-78.15135574395,0.,193.06396196198));
#11703 = CARTESIAN_POINT('',(-77.40637116463,0.,194.00007493802));
#11704 = PLANE('',#11705);
#11705 = AXIS2_PLACEMENT_3D('',#11706,#11707,#11708);
#11706 = CARTESIAN_POINT('',(-115.,0.,45.));
#11707 = DIRECTION('',(0.,1.,0.));
#11708 = DIRECTION('',(0.,0.,1.));
#11709 = ADVANCED_FACE('',(#11710),#11885,.T.);
#11710 = FACE_BOUND('',#11711,.T.);
#11711 = EDGE_LOOP('',(#11712,#11713,#11714,#11884));
#11712 = ORIENTED_EDGE('',*,*,#11094,.F.);
#11713 = ORIENTED_EDGE('',*,*,#11363,.F.);
#11714 = ORIENTED_EDGE('',*,*,#11715,.F.);
#11715 = EDGE_CURVE('',#11583,#11364,#11716,.T.);
#11716 = B_SPLINE_CURVE_WITH_KNOTS('',6,(#11717,#11718,#11719,#11720,
    #11721,#11722,#11723,#11724,#11725,#11726,#11727,#11728,#11729,
    #11730,#11731,#11732,#11733,#11734,#11735,#11736,#11737,#11738,
    #11739,#11740,#11741,#11742,#11743,#11744,#11745,#11746,#11747,
    #11748,#11749,#11750,#11751,#11752,#11753,#11754,#11755,#11756,
    #11757,#11758,#11759,#11760,#11761,#11762,#11763,#11764,#11765,
    #11766,#11767,#11768,#11769,#11770,#11771,#11772,#11773,#11774,
    #11775,#11776,#11777,#11778,#11779,#11780,#11781,#11782,#11783,
    #11784,#11785,#11786,#11787,#11788,#11789,#11790,#11791,#11792,
    #11793,#11794,#11795,#11796,#11797,#11798,#11799,#11800,#11801,
    #11802,#11803,#11804,#11805,#11806,#11807,#11808,#11809,#11810,
    #11811,#11812,#11813,#11814,#11815,#11816,#11817,#11818,#11819,
    #11820,#11821,#11822,#11823,#11824,#11825,#11826,#11827,#11828,
    #11829,#11830,#11831,#11832,#11833,#11834,#11835,#11836,#11837,
    #11838,#11839,#11840,#11841,#11842,#11843,#11844,#11845,#11846,
    #11847,#11848,#11849,#11850,#11851,#11852,#11853,#11854,#11855,
    #11856,#11857,#11858,#11859,#11860,#11861,#11862,#11863,#11864,
    #11865,#11866,#11867,#11868,#11869,#11870,#11871,#11872,#11873,
    #11874,#11875,#11876,#11877,#11878,#11879,#11880,#11881,#11882,
    #11883),.UNSPECIFIED.,.T.,.F.,(7,5,5,5,5,5,5,5,5,5,5,5,5,5,5,5,5,5,5
    ,5,5,5,5,5,5,5,5,5,5,5,5,5,5,7),(0.,2.125887732911E-02,
    4.307701764399E-02,7.16166741177E-02,0.111428753663,0.145249020973,
    0.172864786854,0.210974289948,0.250000661168,0.289027032388,
    0.32713653548,0.35475230136,0.388572568668,0.428384648211,
    0.456924304683,0.471473225204,0.480425799106,0.500001548723,
    0.528528463897,0.543077332154,0.571616886104,0.61142882263,
    0.645248968445,0.67286463512,0.710974001311,0.750000232335,
    0.789026463358,0.827135829549,0.854751496223,0.888571642039,
    0.928383578564,0.956923132513,0.978821445588,1.),.UNSPECIFIED.);
#11717 = CARTESIAN_POINT('',(71.548520814047,7.112366251505E-16,54.));
#11718 = CARTESIAN_POINT('',(71.548520828841,-1.33744595572,54.));
#11719 = CARTESIAN_POINT('',(71.48008601592,-2.674992130096,54.));
#11720 = CARTESIAN_POINT('',(71.343197625232,-4.008037150019,54.));
#11721 = CARTESIAN_POINT('',(71.138913775456,-5.332341175174,54.));
#11722 = CARTESIAN_POINT('',(70.869144712852,-6.643999489505,54.));
#11723 = CARTESIAN_POINT('',(70.195179415678,-9.268937285316,54.));
#11724 = CARTESIAN_POINT('',(69.787599044375,-10.58148398206,54.));
#11725 = CARTESIAN_POINT('',(69.316606172372,-11.87329447587,54.));
#11726 = CARTESIAN_POINT('',(68.785664687958,-13.14141715217,54.));
#11727 = CARTESIAN_POINT('',(68.198498642644,-14.38357273643,54.));
#11728 = CARTESIAN_POINT('',(66.722191662103,-17.18671330566,54.));
#11729 = CARTESIAN_POINT('',(65.79575432985,-18.72801388593,54.));
#11730 = CARTESIAN_POINT('',(64.78787985888,-20.21838289618,54.));
#11731 = CARTESIAN_POINT('',(63.706881376045,-21.65591161066,54.));
#11732 = CARTESIAN_POINT('',(62.560342712191,-23.03986615056,54.));
#11733 = CARTESIAN_POINT('',(59.673012187437,-26.22654360042,54.));
#11734 = CARTESIAN_POINT('',(57.876752908303,-27.97834137843,54.));
#11735 = CARTESIAN_POINT('',(55.983437612934,-29.62672888736,54.));
#11736 = CARTESIAN_POINT('',(54.008002407846,-31.17394281024,54.));
#11737 = CARTESIAN_POINT('',(51.962569897203,-32.62319387802,54.));
#11738 = CARTESIAN_POINT('',(48.066582922901,-35.12925557011,54.));
#11739 = CARTESIAN_POINT('',(46.233333844131,-36.21210738373,54.));
#11740 = CARTESIAN_POINT('',(44.362050378358,-37.22890265789,54.));
#11741 = CARTESIAN_POINT('',(42.457633257354,-38.18160976195,54.));
#11742 = CARTESIAN_POINT('',(40.524204765279,-39.07211828579,54.));
#11743 = CARTESIAN_POINT('',(36.965372957434,-40.57997996961,54.));
#11744 = CARTESIAN_POINT('',(35.348595869516,-41.21744827535,54.));
#11745 = CARTESIAN_POINT('',(33.716609538126,-41.81553647391,54.));
#11746 = CARTESIAN_POINT('',(32.071074288705,-42.37508283123,54.));
#11747 = CARTESIAN_POINT('',(30.413459056044,-42.89683726506,54.));
#11748 = CARTESIAN_POINT('',(26.442653209708,-44.0502744873,54.));
#11749 = CARTESIAN_POINT('',(24.119769729163,-44.64836911764,54.));
#11750 = CARTESIAN_POINT('',(21.779748604308,-45.17754549447,54.));
#11751 = CARTESIAN_POINT('',(19.42558616294,-45.63920420031,54.));
#11752 = CARTESIAN_POINT('',(17.059949014565,-46.03448068361,54.));
#11753 = CARTESIAN_POINT('',(12.253256484669,-46.70190013319,54.));
#11754 = CARTESIAN_POINT('',(9.811832570795,-46.97084149644,54.));
#11755 = CARTESIAN_POINT('',(7.363426343189,-47.1719650825,54.));
#11756 = CARTESIAN_POINT('',(4.910457966038,-47.30584565046,54.));
#11757 = CARTESIAN_POINT('',(2.45524496822,-47.37278766668,54.));
#11758 = CARTESIAN_POINT('',(-2.455244968191,-47.37278766668,54.));
#11759 = CARTESIAN_POINT('',(-4.910457966027,-47.30584565046,54.));
#11760 = CARTESIAN_POINT('',(-7.363426343146,-47.1719650825,54.));
#11761 = CARTESIAN_POINT('',(-9.811832570783,-46.97084149644,54.));
#11762 = CARTESIAN_POINT('',(-12.25325648464,-46.70190013319,54.));
#11763 = CARTESIAN_POINT('',(-17.05994901453,-46.03448068361,54.));
#11764 = CARTESIAN_POINT('',(-19.42558616291,-45.63920420031,54.));
#11765 = CARTESIAN_POINT('',(-21.77974860428,-45.17754549448,54.));
#11766 = CARTESIAN_POINT('',(-24.11976972913,-44.64836911765,54.));
#11767 = CARTESIAN_POINT('',(-26.44265320968,-44.05027448731,54.));
#11768 = CARTESIAN_POINT('',(-30.41345905602,-42.89683726507,54.));
#11769 = CARTESIAN_POINT('',(-32.07107428867,-42.37508283124,54.));
#11770 = CARTESIAN_POINT('',(-33.7166095381,-41.81553647392,54.));
#11771 = CARTESIAN_POINT('',(-35.34859586949,-41.21744827536,54.));
#11772 = CARTESIAN_POINT('',(-36.96537295741,-40.57997996962,54.));
#11773 = CARTESIAN_POINT('',(-40.52420476525,-39.07211828581,54.));
#11774 = CARTESIAN_POINT('',(-42.45763325736,-38.18160976195,54.));
#11775 = CARTESIAN_POINT('',(-44.3620503783,-37.22890265793,54.));
#11776 = CARTESIAN_POINT('',(-46.23333384413,-36.21210738373,54.));
#11777 = CARTESIAN_POINT('',(-48.06658292287,-35.12925557013,54.));
#11778 = CARTESIAN_POINT('',(-51.96256989716,-32.62319387802,54.));
#11779 = CARTESIAN_POINT('',(-54.0080024079,-31.17394281027,54.));
#11780 = CARTESIAN_POINT('',(-55.98343761281,-29.62672888735,54.));
#11781 = CARTESIAN_POINT('',(-57.87675290836,-27.97834137845,54.));
#11782 = CARTESIAN_POINT('',(-59.67301218739,-26.22654360043,54.));
#11783 = CARTESIAN_POINT('',(-62.56034271217,-23.03986615057,54.));
#11784 = CARTESIAN_POINT('',(-63.70688137605,-21.65591161068,54.));
#11785 = CARTESIAN_POINT('',(-64.78787985883,-20.21838289619,54.));
#11786 = CARTESIAN_POINT('',(-65.79575432986,-18.72801388595,54.));
#11787 = CARTESIAN_POINT('',(-66.72219166208,-17.18671330567,54.));
#11788 = CARTESIAN_POINT('',(-67.98539174513,-14.78821003717,54.));
#11789 = CARTESIAN_POINT('',(-68.38858041449,-13.96606097131,54.));
#11790 = CARTESIAN_POINT('',(-68.76732796132,-13.13211512431,54.));
#11791 = CARTESIAN_POINT('',(-69.12052561649,-12.28698465533,54.));
#11792 = CARTESIAN_POINT('',(-69.44710275274,-11.43141643973,54.));
#11793 = CARTESIAN_POINT('',(-69.93003012159,-10.03397095647,54.));
#11794 = CARTESIAN_POINT('',(-70.10353941711,-9.498019273044,54.));
#11795 = CARTESIAN_POINT('',(-70.266362183,-8.958662724811,54.));
#11796 = CARTESIAN_POINT('',(-70.41827991454,-8.41612811186,54.));
#11797 = CARTESIAN_POINT('',(-70.5590904938,-7.870661108283,54.));
#11798 = CARTESIAN_POINT('',(-70.97182451104,-6.123974716418,54.));
#11799 = CARTESIAN_POINT('',(-71.2010744869,-4.912606890763,54.));
#11800 = CARTESIAN_POINT('',(-71.37442795746,-3.691309493157,54.));
#11801 = CARTESIAN_POINT('',(-71.49049220711,-2.463183827022,54.));
#11802 = CARTESIAN_POINT('',(-71.54852115046,-1.231558323394,54.));
#11803 = CARTESIAN_POINT('',(-71.54852096395,1.794698205743,54.));
#11804 = CARTESIAN_POINT('',(-71.42529276482,3.589799280251,54.));
#11805 = CARTESIAN_POINT('',(-71.17873737073,5.373802142029,54.));
#11806 = CARTESIAN_POINT('',(-70.81241002058,7.136750038441,54.));
#11807 = CARTESIAN_POINT('',(-70.33226122436,8.870035756471,54.));
#11808 = CARTESIAN_POINT('',(-69.44710275276,11.431416439703,54.));
#11809 = CARTESIAN_POINT('',(-69.12052561649,12.286984655306,54.));
#11810 = CARTESIAN_POINT('',(-68.76732796133,13.132115124285,54.));
#11811 = CARTESIAN_POINT('',(-68.38858041451,13.966060971277,54.));
#11812 = CARTESIAN_POINT('',(-67.98539174514,14.788210037142,54.));
#11813 = CARTESIAN_POINT('',(-66.7221916621,17.186713305633,54.));
#11814 = CARTESIAN_POINT('',(-65.79575432988,18.728013885956,54.));
#11815 = CARTESIAN_POINT('',(-64.78787985884,20.218382896127,54.));
#11816 = CARTESIAN_POINT('',(-63.70688137609,21.655911610672,54.));
#11817 = CARTESIAN_POINT('',(-62.56034271219,23.039866150542,54.));
#11818 = CARTESIAN_POINT('',(-59.67301218744,26.226543600411,54.));
#11819 = CARTESIAN_POINT('',(-57.87675290832,27.978341378411,54.));
#11820 = CARTESIAN_POINT('',(-55.98343761295,29.626728887354,54.));
#11821 = CARTESIAN_POINT('',(-54.00800240784,31.173942810234,54.));
#11822 = CARTESIAN_POINT('',(-51.96256989723,32.623193878009,54.));
#11823 = CARTESIAN_POINT('',(-48.06658292293,35.129255570105,54.));
#11824 = CARTESIAN_POINT('',(-46.23333384411,36.212107383731,54.));
#11825 = CARTESIAN_POINT('',(-44.36205037842,37.22890265788,54.));
#11826 = CARTESIAN_POINT('',(-42.45763325734,38.181609761956,54.));
#11827 = CARTESIAN_POINT('',(-40.52420476531,39.072118285782,54.));
#11828 = CARTESIAN_POINT('',(-36.96537295745,40.579979969603,54.));
#11829 = CARTESIAN_POINT('',(-35.34859586953,41.217448275345,54.));
#11830 = CARTESIAN_POINT('',(-33.71660953814,41.815536473904,54.));
#11831 = CARTESIAN_POINT('',(-32.07107428872,42.375082831231,54.));
#11832 = CARTESIAN_POINT('',(-30.41345905606,42.896837265058,54.));
#11833 = CARTESIAN_POINT('',(-26.44265320972,44.050274487302,54.));
#11834 = CARTESIAN_POINT('',(-24.11976972922,44.648369117639,54.));
#11835 = CARTESIAN_POINT('',(-21.77974860428,45.177545494482,54.));
#11836 = CARTESIAN_POINT('',(-19.42558616299,45.639204200297,54.));
#11837 = CARTESIAN_POINT('',(-17.05994901457,46.034480683613,54.));
#11838 = CARTESIAN_POINT('',(-12.25325648468,46.701900133188,54.));
#11839 = CARTESIAN_POINT('',(-9.81183257084,46.970841496454,54.));
#11840 = CARTESIAN_POINT('',(-7.36342634319,47.171965082485,54.));
#11841 = CARTESIAN_POINT('',(-4.910457966075,47.305845650473,54.));
#11842 = CARTESIAN_POINT('',(-2.455244968242,47.372787666676,54.));
#11843 = CARTESIAN_POINT('',(2.455244968161,47.372787666678,54.));
#11844 = CARTESIAN_POINT('',(4.910457966024,47.305845650471,54.));
#11845 = CARTESIAN_POINT('',(7.363426343079,47.171965082499,54.));
#11846 = CARTESIAN_POINT('',(9.811832570797,46.970841496453,54.));
#11847 = CARTESIAN_POINT('',(12.253256484603,46.701900133199,54.));
#11848 = CARTESIAN_POINT('',(17.059949014516,46.034480683615,54.));
#11849 = CARTESIAN_POINT('',(19.425586162898,45.639204200337,54.));
#11850 = CARTESIAN_POINT('',(21.779748604256,45.177545494463,54.));
#11851 = CARTESIAN_POINT('',(24.119769729116,44.648369117675,54.));
#11852 = CARTESIAN_POINT('',(26.442653209663,44.050274487315,54.));
#11853 = CARTESIAN_POINT('',(30.413459056,42.896837265079,54.));
#11854 = CARTESIAN_POINT('',(32.071074288659,42.375082831253,54.));
#11855 = CARTESIAN_POINT('',(33.716609538082,41.815536473927,54.));
#11856 = CARTESIAN_POINT('',(35.348595869474,41.21744827537,54.));
#11857 = CARTESIAN_POINT('',(36.965372957391,40.579979969628,54.));
#11858 = CARTESIAN_POINT('',(40.52420476524,39.07211828582,54.));
#11859 = CARTESIAN_POINT('',(42.457633257308,38.181609761958,54.));
#11860 = CARTESIAN_POINT('',(44.36205037833,37.228902657942,54.));
#11861 = CARTESIAN_POINT('',(46.233333844081,36.212107383745,54.));
#11862 = CARTESIAN_POINT('',(48.066582922869,35.129255570141,54.));
#11863 = CARTESIAN_POINT('',(51.962569897167,32.623193878042,54.));
#11864 = CARTESIAN_POINT('',(54.00800240782,31.173942810284,54.));
#11865 = CARTESIAN_POINT('',(55.983437612896,29.626728887371,54.));
#11866 = CARTESIAN_POINT('',(57.87675290828,27.978341378467,54.));
#11867 = CARTESIAN_POINT('',(59.673012187409,26.226543600445,54.));
#11868 = CARTESIAN_POINT('',(62.56034271217,23.039866150583,54.));
#11869 = CARTESIAN_POINT('',(63.706881376018,21.655911610713,54.));
#11870 = CARTESIAN_POINT('',(64.787879858867,20.218382896179,54.));
#11871 = CARTESIAN_POINT('',(65.795754329827,18.728013885988,54.));
#11872 = CARTESIAN_POINT('',(66.722191662088,17.186713305681,54.));
#11873 = CARTESIAN_POINT('',(68.200851320872,14.379105582769,54.));
#11874 = CARTESIAN_POINT('',(68.789983599892,13.132278625725,54.));
#11875 = CARTESIAN_POINT('',(69.322462865245,11.859299569048,54.));
#11876 = CARTESIAN_POINT('',(69.794523983447,10.562475331254,54.));
#11877 = CARTESIAN_POINT('',(70.202666802666,9.244795001033,54.));
#11878 = CARTESIAN_POINT('',(70.874227103845,6.619240648014,54.));
#11879 = CARTESIAN_POINT('',(71.141992770622,5.312343426511,54.));
#11880 = CARTESIAN_POINT('',(71.344745054657,3.992939638574,54.));
#11881 = CARTESIAN_POINT('',(71.480601690915,2.664893279543,54.));
#11882 = CARTESIAN_POINT('',(71.548520828404,1.332397432113,54.));
#11883 = CARTESIAN_POINT('',(71.548520814047,-1.347880140834E-14,54.));
#11884 = ORIENTED_EDGE('',*,*,#11582,.F.);
#11885 = PLANE('',#11886);
#11886 = AXIS2_PLACEMENT_3D('',#11887,#11888,#11889);
#11887 = CARTESIAN_POINT('',(72.,-7.105427357601E-15,54.));
#11888 = DIRECTION('',(-2.676122154524E-15,-5.0336265605E-15,-1.));
#11889 = DIRECTION('',(-0.998754342564,-4.989752709059E-02,
    2.923954140729E-15));
#11890 = ADVANCED_FACE('',(#11891),#11897,.F.);
#11891 = FACE_BOUND('',#11892,.F.);
#11892 = EDGE_LOOP('',(#11893,#11894,#11895,#11896));
#11893 = ORIENTED_EDGE('',*,*,#11371,.F.);
#11894 = ORIENTED_EDGE('',*,*,#11715,.F.);
#11895 = ORIENTED_EDGE('',*,*,#11592,.T.);
#11896 = ORIENTED_EDGE('',*,*,#11396,.T.);
#11897 = ( BOUNDED_SURFACE() B_SPLINE_SURFACE(11,3,(
    (#11898,#11899,#11900,#11901)
    ,(#11902,#11903,#11904,#11905)
    ,(#11906,#11907,#11908,#11909)
    ,(#11910,#11911,#11912,#11913)
    ,(#11914,#11915,#11916,#11917)
    ,(#11918,#11919,#11920,#11921)
    ,(#11922,#11923,#11924,#11925)
    ,(#11926,#11927,#11928,#11929)
    ,(#11930,#11931,#11932,#11933)
    ,(#11934,#11935,#11936,#11937)
    ,(#11938,#11939,#11940,#11941)
    ,(#11942,#11943,#11944,#11945)
    ,(#11946,#11947,#11948,#11949)
    ,(#11950,#11951,#11952,#11953)
    ,(#11954,#11955,#11956,#11957)
    ,(#11958,#11959,#11960,#11961)
    ,(#11962,#11963,#11964,#11965)
    ,(#11966,#11967,#11968,#11969)
    ,(#11970,#11971,#11972,#11973)
    ,(#11974,#11975,#11976,#11977)
    ,(#11978,#11979,#11980,#11981)
    ,(#11982,#11983,#11984,#11985
)),.UNSPECIFIED.,.T.,.F.,.F.) B_SPLINE_SURFACE_WITH_KNOTS((12,10,12),(4,
4),(0.,0.5,1.),(0.,1.),.UNSPECIFIED.) GEOMETRIC_REPRESENTATION_ITEM() 
RATIONAL_B_SPLINE_SURFACE((
    (1.,1.,1.,1.)
    ,(1.,1.,1.,1.)
    ,(1.,1.,1.,1.)
    ,(1.,1.,1.,1.)
    ,(1.,1.,1.,1.)
    ,(1.,1.,1.,1.)
    ,(1.,1.,1.,1.)
    ,(1.,1.,1.,1.)
    ,(1.,1.,1.,1.)
    ,(1.,1.,1.,1.)
    ,(1.,1.,1.,1.)
    ,(1.,1.,1.,1.)
    ,(1.,1.,1.,1.)
    ,(1.,1.,1.,1.)
    ,(1.,1.,1.,1.)
    ,(1.,1.,1.,1.)
    ,(1.,1.,1.,1.)
    ,(1.,1.,1.,1.)
    ,(1.,1.,1.,1.)
    ,(1.,1.,1.,1.)
    ,(1.,1.,1.,1.)
,(1.,1.,1.,1.))) REPRESENTATION_ITEM('') SURFACE() );
#11898 = CARTESIAN_POINT('',(70.6,-1.42108547152E-14,53.));
#11899 = CARTESIAN_POINT('',(106.63937982708,-1.682721441193E-15,
    90.466879546447));
#11900 = CARTESIAN_POINT('',(110.33356327351,4.017466092761E-14,
    153.7179398577));
#11901 = CARTESIAN_POINT('',(76.6,-7.105427357601E-15,195.));
#11902 = CARTESIAN_POINT('',(70.599999999997,13.308928877932,
    52.999999999997));
#11903 = CARTESIAN_POINT('',(106.63937982707,21.693896763468,
    90.466879546441));
#11904 = CARTESIAN_POINT('',(110.33356327351,22.653876877326,
    153.7179398577));
#11905 = CARTESIAN_POINT('',(76.599999999997,15.022524870799,
    194.99999999999));
#11906 = CARTESIAN_POINT('',(64.265508317881,26.617856715455,
    53.000000000011));
#11907 = CARTESIAN_POINT('',(97.071302426224,43.387791831041,
    90.466879546469));
#11908 = CARTESIAN_POINT('',(100.43403014581,45.307751983699,
    153.71793985774));
#11909 = CARTESIAN_POINT('',(69.727166248578,30.045048567228,
    195.00000000003));
#11910 = CARTESIAN_POINT('',(51.596526443481,38.467306249237,
    52.999999999975));
#11911 = CARTESIAN_POINT('',(77.935149874831,62.702699683329,
    90.4668795464));
#11912 = CARTESIAN_POINT('',(80.634966218808,65.47736692904,
    153.71793985763));
#11913 = CARTESIAN_POINT('',(55.981500362193,43.420178298501,
    194.99999999992));
#11914 = CARTESIAN_POINT('',(33.461363991758,47.39774141211,
    53.000000000038));
#11915 = CARTESIAN_POINT('',(50.542480230188,77.259538949122,
    90.466879546517));
#11916 = CARTESIAN_POINT('',(52.293364322937,80.678363229748,
    153.71793985781));
#11917 = CARTESIAN_POINT('',(36.305105974056,53.500454898638,
    195.0000000001));
#11918 = CARTESIAN_POINT('',(11.596693899358,52.207055089649,
    52.999999999957));
#11919 = CARTESIAN_POINT('',(17.516490729036,85.098844078864,
    90.466879546369));
#11920 = CARTESIAN_POINT('',(18.123294052588,88.864566711318,
    153.71793985758));
#11921 = CARTESIAN_POINT('',(12.582248621689,58.92899351322,
    194.99999999989));
#11922 = CARTESIAN_POINT('',(-11.59669389936,52.207055089761,
    53.000000000038));
#11923 = CARTESIAN_POINT('',(-17.51649072905,85.098844079008,
    90.466879546514));
#11924 = CARTESIAN_POINT('',(-18.12329405258,88.864566711424,
    153.71793985782));
#11925 = CARTESIAN_POINT('',(-12.58224862169,58.928993513328,
    195.00000000008));
#11926 = CARTESIAN_POINT('',(-33.46136399175,47.397741412023,
    52.999999999973));
#11927 = CARTESIAN_POINT('',(-50.54248023015,77.259538949006,
    90.466879546402));
#11928 = CARTESIAN_POINT('',(-52.29336432293,80.678363229668,
    153.71793985763));
#11929 = CARTESIAN_POINT('',(-36.30510597404,53.500454898554,
    194.99999999994));
#11930 = CARTESIAN_POINT('',(-51.59652644348,38.467306249288,
    53.000000000015));
#11931 = CARTESIAN_POINT('',(-77.93514987486,62.702699683402,
    90.46687954647));
#11932 = CARTESIAN_POINT('',(-80.6349662188,65.477366929085,
    153.71793985774));
#11933 = CARTESIAN_POINT('',(-55.9815003622,43.420178298551,
    195.00000000002));
#11934 = CARTESIAN_POINT('',(-64.26550831787,26.617856715434,
    52.999999999995));
#11935 = CARTESIAN_POINT('',(-97.0713024262,43.38779183101,
    90.46687954644));
#11936 = CARTESIAN_POINT('',(-100.4340301458,45.307751983681,
    153.71793985769));
#11937 = CARTESIAN_POINT('',(-69.72716624857,30.045048567207,
    194.99999999999));
#11938 = CARTESIAN_POINT('',(-70.59999999999,13.308928877937,
    53.000000000001));
#11939 = CARTESIAN_POINT('',(-106.639379827,21.693896763476,
    90.466879546447));
#11940 = CARTESIAN_POINT('',(-110.3335632735,22.653876877331,
    153.71793985771));
#11941 = CARTESIAN_POINT('',(-76.59999999999,15.022524870804,195.));
#11942 = CARTESIAN_POINT('',(-70.6,-13.30892887793,53.));
#11943 = CARTESIAN_POINT('',(-106.639379827,-21.69389676347,
    90.466879546451));
#11944 = CARTESIAN_POINT('',(-110.3335632735,-22.65387687733,
    153.7179398577));
#11945 = CARTESIAN_POINT('',(-76.6,-15.0225248708,195.));
#11946 = CARTESIAN_POINT('',(-64.26550831786,-26.61785671543,
    52.999999999997));
#11947 = CARTESIAN_POINT('',(-97.07130242618,-43.38779183102,
    90.466879546426));
#11948 = CARTESIAN_POINT('',(-100.4340301458,-45.30775198367,
    153.7179398577));
#11949 = CARTESIAN_POINT('',(-69.72716624856,-30.04504856721,
    194.99999999998));
#11950 = CARTESIAN_POINT('',(-51.59652644351,-38.46730624927,
    53.000000000006));
#11951 = CARTESIAN_POINT('',(-77.93514987492,-62.70269968336,
    90.466879546498));
#11952 = CARTESIAN_POINT('',(-80.63496621882,-65.47736692908,
    153.71793985771));
#11953 = CARTESIAN_POINT('',(-55.98150036222,-43.42017829853,
    195.00000000004));
#11954 = CARTESIAN_POINT('',(-33.4613639917,-47.39774141204,
    52.999999999992));
#11955 = CARTESIAN_POINT('',(-50.54248023003,-77.25953894907,
    90.466879546364));
#11956 = CARTESIAN_POINT('',(-52.29336432292,-80.67836322967,
    153.71793985771));
#11957 = CARTESIAN_POINT('',(-36.30510597401,-53.50045489857,
    194.99999999993));
#11958 = CARTESIAN_POINT('',(-11.59669389941,-52.20705508972,
    53.000000000006));
#11959 = CARTESIAN_POINT('',(-17.51649072922,-85.09884407892,
    90.466879546548));
#11960 = CARTESIAN_POINT('',(-18.12329405258,-88.8645667114,
    153.7179398577));
#11961 = CARTESIAN_POINT('',(-12.58224862173,-58.92899351329,
    195.00000000007));
#11962 = CARTESIAN_POINT('',(11.596693899416,-52.20705508968,
    52.999999999997));
#11963 = CARTESIAN_POINT('',(17.51649072924,-85.09884407895,
    90.466879546352));
#11964 = CARTESIAN_POINT('',(18.123294052568,-88.86456671134,
    153.71793985771));
#11965 = CARTESIAN_POINT('',(12.58224862173,-58.92899351326,
    194.99999999992));
#11966 = CARTESIAN_POINT('',(33.461363991709,-47.39774141207,53.));
#11967 = CARTESIAN_POINT('',(50.542480230006,-77.25953894904,
    90.466879546518));
#11968 = CARTESIAN_POINT('',(52.293364322964,-80.67836322971,
    153.71793985769));
#11969 = CARTESIAN_POINT('',(36.30510597402,-53.50045489859,
    195.00000000005));
#11970 = CARTESIAN_POINT('',(51.596526443514,-38.46730624925,
    53.000000000002));
#11971 = CARTESIAN_POINT('',(77.935149874952,-62.70269968338,
    90.466879546406));
#11972 = CARTESIAN_POINT('',(80.634966218787,-65.47736692906,
    153.71793985772));
#11973 = CARTESIAN_POINT('',(55.981500362218,-43.42017829852,
    194.99999999997));
#11974 = CARTESIAN_POINT('',(64.265508317865,-26.61785671544,
    52.999999999999));
#11975 = CARTESIAN_POINT('',(97.071302426168,-43.38779183101,
    90.466879546463));
#11976 = CARTESIAN_POINT('',(100.43403014582,-45.30775198369,
    153.7179398577));
#11977 = CARTESIAN_POINT('',(69.727166248566,-30.04504856721,
    195.00000000001));
#11978 = CARTESIAN_POINT('',(70.600000000001,-13.30892887793,53.));
#11979 = CARTESIAN_POINT('',(106.63937982708,-21.69389676347,
    90.466879546443));
#11980 = CARTESIAN_POINT('',(110.33356327351,-22.65387687732,
    153.71793985771));
#11981 = CARTESIAN_POINT('',(76.6,-15.0225248708,194.99999999999));
#11982 = CARTESIAN_POINT('',(70.6,-9.775899010492E-16,53.));
#11983 = CARTESIAN_POINT('',(106.63937982708,-5.904873354854E-14,
    90.466879546447));
#11984 = CARTESIAN_POINT('',(110.33356327351,5.2503136709E-14,
    153.7179398577));
#11985 = CARTESIAN_POINT('',(76.6,-8.910281319833E-15,195.));
#11986 = MANIFOLD_SOLID_BREP('',#11987);
#11987 = CLOSED_SHELL('',(#11988,#12028,#12070,#12094,#12129,#12146,
    #12158));
#11988 = ADVANCED_FACE('',(#11989),#12023,.F.);
#11989 = FACE_BOUND('',#11990,.F.);
#11990 = EDGE_LOOP('',(#11991,#12001,#12009,#12017));
#11991 = ORIENTED_EDGE('',*,*,#11992,.F.);
#11992 = EDGE_CURVE('',#11993,#11995,#11997,.T.);
#11993 = VERTEX_POINT('',#11994);
#11994 = CARTESIAN_POINT('',(-72.,0.,75.));
#11995 = VERTEX_POINT('',#11996);
#11996 = CARTESIAN_POINT('',(-72.,0.,89.));
#11997 = LINE('',#11998,#11999);
#11998 = CARTESIAN_POINT('',(-72.,0.,75.));
#11999 = VECTOR('',#12000,1.);
#12000 = DIRECTION('',(0.,0.,1.));
#12001 = ORIENTED_EDGE('',*,*,#12002,.T.);
#12002 = EDGE_CURVE('',#11993,#12003,#12005,.T.);
#12003 = VERTEX_POINT('',#12004);
#12004 = CARTESIAN_POINT('',(-72.,5.,75.));
#12005 = LINE('',#12006,#12007);
#12006 = CARTESIAN_POINT('',(-72.,0.,75.));
#12007 = VECTOR('',#12008,1.);
#12008 = DIRECTION('',(0.,1.,0.));
#12009 = ORIENTED_EDGE('',*,*,#12010,.T.);
#12010 = EDGE_CURVE('',#12003,#12011,#12013,.T.);
#12011 = VERTEX_POINT('',#12012);
#12012 = CARTESIAN_POINT('',(-72.,5.,89.));
#12013 = LINE('',#12014,#12015);
#12014 = CARTESIAN_POINT('',(-72.,5.,75.));
#12015 = VECTOR('',#12016,1.);
#12016 = DIRECTION('',(0.,0.,1.));
#12017 = ORIENTED_EDGE('',*,*,#12018,.F.);
#12018 = EDGE_CURVE('',#11995,#12011,#12019,.T.);
#12019 = LINE('',#12020,#12021);
#12020 = CARTESIAN_POINT('',(-72.,0.,89.));
#12021 = VECTOR('',#12022,1.);
#12022 = DIRECTION('',(0.,1.,0.));
#12023 = PLANE('',#12024);
#12024 = AXIS2_PLACEMENT_3D('',#12025,#12026,#12027);
#12025 = CARTESIAN_POINT('',(-72.,0.,75.));
#12026 = DIRECTION('',(1.,0.,0.));
#12027 = DIRECTION('',(0.,0.,1.));
#12028 = ADVANCED_FACE('',(#12029,#12054),#12065,.F.);
#12029 = FACE_BOUND('',#12030,.F.);
#12030 = EDGE_LOOP('',(#12031,#12039,#12040,#12048));
#12031 = ORIENTED_EDGE('',*,*,#12032,.F.);
#12032 = EDGE_CURVE('',#11993,#12033,#12035,.T.);
#12033 = VERTEX_POINT('',#12034);
#12034 = CARTESIAN_POINT('',(-56.,0.,75.));
#12035 = LINE('',#12036,#12037);
#12036 = CARTESIAN_POINT('',(-72.,0.,75.));
#12037 = VECTOR('',#12038,1.);
#12038 = DIRECTION('',(1.,0.,0.));
#12039 = ORIENTED_EDGE('',*,*,#11992,.T.);
#12040 = ORIENTED_EDGE('',*,*,#12041,.T.);
#12041 = EDGE_CURVE('',#11995,#12042,#12044,.T.);
#12042 = VERTEX_POINT('',#12043);
#12043 = CARTESIAN_POINT('',(-56.,0.,89.));
#12044 = LINE('',#12045,#12046);
#12045 = CARTESIAN_POINT('',(-72.,0.,89.));
#12046 = VECTOR('',#12047,1.);
#12047 = DIRECTION('',(1.,0.,0.));
#12048 = ORIENTED_EDGE('',*,*,#12049,.F.);
#12049 = EDGE_CURVE('',#12033,#12042,#12050,.T.);
#12050 = LINE('',#12051,#12052);
#12051 = CARTESIAN_POINT('',(-56.,0.,75.));
#12052 = VECTOR('',#12053,1.);
#12053 = DIRECTION('',(0.,0.,1.));
#12054 = FACE_BOUND('',#12055,.F.);
#12055 = EDGE_LOOP('',(#12056));
#12056 = ORIENTED_EDGE('',*,*,#12057,.F.);
#12057 = EDGE_CURVE('',#12058,#12058,#12060,.T.);
#12058 = VERTEX_POINT('',#12059);
#12059 = CARTESIAN_POINT('',(-64.,0.,83.7));
#12060 = CIRCLE('',#12061,1.7);
#12061 = AXIS2_PLACEMENT_3D('',#12062,#12063,#12064);
#12062 = CARTESIAN_POINT('',(-64.,0.,82.));
#12063 = DIRECTION('',(0.,1.,0.));
#12064 = DIRECTION('',(0.,0.,1.));
#12065 = PLANE('',#12066);
#12066 = AXIS2_PLACEMENT_3D('',#12067,#12068,#12069);
#12067 = CARTESIAN_POINT('',(-72.,0.,75.));
#12068 = DIRECTION('',(0.,1.,0.));
#12069 = DIRECTION('',(0.,0.,1.));
#12070 = ADVANCED_FACE('',(#12071),#12089,.T.);
#12071 = FACE_BOUND('',#12072,.T.);
#12072 = EDGE_LOOP('',(#12073,#12074,#12075,#12083));
#12073 = ORIENTED_EDGE('',*,*,#12018,.F.);
#12074 = ORIENTED_EDGE('',*,*,#12041,.T.);
#12075 = ORIENTED_EDGE('',*,*,#12076,.T.);
#12076 = EDGE_CURVE('',#12042,#12077,#12079,.T.);
#12077 = VERTEX_POINT('',#12078);
#12078 = CARTESIAN_POINT('',(-56.,5.,89.));
#12079 = LINE('',#12080,#12081);
#12080 = CARTESIAN_POINT('',(-56.,0.,89.));
#12081 = VECTOR('',#12082,1.);
#12082 = DIRECTION('',(0.,1.,0.));
#12083 = ORIENTED_EDGE('',*,*,#12084,.F.);
#12084 = EDGE_CURVE('',#12011,#12077,#12085,.T.);
#12085 = LINE('',#12086,#12087);
#12086 = CARTESIAN_POINT('',(-72.,5.,89.));
#12087 = VECTOR('',#12088,1.);
#12088 = DIRECTION('',(1.,0.,0.));
#12089 = PLANE('',#12090);
#12090 = AXIS2_PLACEMENT_3D('',#12091,#12092,#12093);
#12091 = CARTESIAN_POINT('',(-72.,0.,89.));
#12092 = DIRECTION('',(0.,0.,1.));
#12093 = DIRECTION('',(1.,0.,0.));
#12094 = ADVANCED_FACE('',(#12095,#12113),#12124,.T.);
#12095 = FACE_BOUND('',#12096,.T.);
#12096 = EDGE_LOOP('',(#12097,#12105,#12106,#12107));
#12097 = ORIENTED_EDGE('',*,*,#12098,.F.);
#12098 = EDGE_CURVE('',#12003,#12099,#12101,.T.);
#12099 = VERTEX_POINT('',#12100);
#12100 = CARTESIAN_POINT('',(-56.,5.,75.));
#12101 = LINE('',#12102,#12103);
#12102 = CARTESIAN_POINT('',(-72.,5.,75.));
#12103 = VECTOR('',#12104,1.);
#12104 = DIRECTION('',(1.,0.,0.));
#12105 = ORIENTED_EDGE('',*,*,#12010,.T.);
#12106 = ORIENTED_EDGE('',*,*,#12084,.T.);
#12107 = ORIENTED_EDGE('',*,*,#12108,.F.);
#12108 = EDGE_CURVE('',#12099,#12077,#12109,.T.);
#12109 = LINE('',#12110,#12111);
#12110 = CARTESIAN_POINT('',(-56.,5.,75.));
#12111 = VECTOR('',#12112,1.);
#12112 = DIRECTION('',(0.,0.,1.));
#12113 = FACE_BOUND('',#12114,.T.);
#12114 = EDGE_LOOP('',(#12115));
#12115 = ORIENTED_EDGE('',*,*,#12116,.F.);
#12116 = EDGE_CURVE('',#12117,#12117,#12119,.T.);
#12117 = VERTEX_POINT('',#12118);
#12118 = CARTESIAN_POINT('',(-64.,5.,83.7));
#12119 = CIRCLE('',#12120,1.7);
#12120 = AXIS2_PLACEMENT_3D('',#12121,#12122,#12123);
#12121 = CARTESIAN_POINT('',(-64.,5.,82.));
#12122 = DIRECTION('',(0.,1.,0.));
#12123 = DIRECTION('',(0.,0.,1.));
#12124 = PLANE('',#12125);
#12125 = AXIS2_PLACEMENT_3D('',#12126,#12127,#12128);
#12126 = CARTESIAN_POINT('',(-72.,5.,75.));
#12127 = DIRECTION('',(0.,1.,0.));
#12128 = DIRECTION('',(0.,0.,1.));
#12129 = ADVANCED_FACE('',(#12130),#12141,.F.);
#12130 = FACE_BOUND('',#12131,.F.);
#12131 = EDGE_LOOP('',(#12132,#12133,#12134,#12140));
#12132 = ORIENTED_EDGE('',*,*,#12002,.F.);
#12133 = ORIENTED_EDGE('',*,*,#12032,.T.);
#12134 = ORIENTED_EDGE('',*,*,#12135,.T.);
#12135 = EDGE_CURVE('',#12033,#12099,#12136,.T.);
#12136 = LINE('',#12137,#12138);
#12137 = CARTESIAN_POINT('',(-56.,0.,75.));
#12138 = VECTOR('',#12139,1.);
#12139 = DIRECTION('',(0.,1.,0.));
#12140 = ORIENTED_EDGE('',*,*,#12098,.F.);
#12141 = PLANE('',#12142);
#12142 = AXIS2_PLACEMENT_3D('',#12143,#12144,#12145);
#12143 = CARTESIAN_POINT('',(-72.,0.,75.));
#12144 = DIRECTION('',(0.,0.,1.));
#12145 = DIRECTION('',(1.,0.,0.));
#12146 = ADVANCED_FACE('',(#12147),#12153,.T.);
#12147 = FACE_BOUND('',#12148,.T.);
#12148 = EDGE_LOOP('',(#12149,#12150,#12151,#12152));
#12149 = ORIENTED_EDGE('',*,*,#12049,.F.);
#12150 = ORIENTED_EDGE('',*,*,#12135,.T.);
#12151 = ORIENTED_EDGE('',*,*,#12108,.T.);
#12152 = ORIENTED_EDGE('',*,*,#12076,.F.);
#12153 = PLANE('',#12154);
#12154 = AXIS2_PLACEMENT_3D('',#12155,#12156,#12157);
#12155 = CARTESIAN_POINT('',(-56.,0.,75.));
#12156 = DIRECTION('',(1.,0.,0.));
#12157 = DIRECTION('',(0.,0.,1.));
#12158 = ADVANCED_FACE('',(#12159),#12170,.F.);
#12159 = FACE_BOUND('',#12160,.F.);
#12160 = EDGE_LOOP('',(#12161,#12162,#12168,#12169));
#12161 = ORIENTED_EDGE('',*,*,#12116,.F.);
#12162 = ORIENTED_EDGE('',*,*,#12163,.F.);
#12163 = EDGE_CURVE('',#12058,#12117,#12164,.T.);
#12164 = LINE('',#12165,#12166);
#12165 = CARTESIAN_POINT('',(-64.,-1.,83.7));
#12166 = VECTOR('',#12167,1.);
#12167 = DIRECTION('',(0.,1.,0.));
#12168 = ORIENTED_EDGE('',*,*,#12057,.T.);
#12169 = ORIENTED_EDGE('',*,*,#12163,.T.);
#12170 = CYLINDRICAL_SURFACE('',#12171,1.7);
#12171 = AXIS2_PLACEMENT_3D('',#12172,#12173,#12174);
#12172 = CARTESIAN_POINT('',(-64.,-1.,82.));
#12173 = DIRECTION('',(0.,1.,0.));
#12174 = DIRECTION('',(0.,0.,1.));
#12175 = MANIFOLD_SOLID_BREP('',#12176);
#12176 = CLOSED_SHELL('',(#12177,#12217,#12259,#12283,#12318,#12335,
    #12347));
#12177 = ADVANCED_FACE('',(#12178),#12212,.F.);
#12178 = FACE_BOUND('',#12179,.F.);
#12179 = EDGE_LOOP('',(#12180,#12190,#12198,#12206));
#12180 = ORIENTED_EDGE('',*,*,#12181,.F.);
#12181 = EDGE_CURVE('',#12182,#12184,#12186,.T.);
#12182 = VERTEX_POINT('',#12183);
#12183 = CARTESIAN_POINT('',(56.,0.,75.));
#12184 = VERTEX_POINT('',#12185);
#12185 = CARTESIAN_POINT('',(56.,0.,89.));
#12186 = LINE('',#12187,#12188);
#12187 = CARTESIAN_POINT('',(56.,0.,75.));
#12188 = VECTOR('',#12189,1.);
#12189 = DIRECTION('',(0.,0.,1.));
#12190 = ORIENTED_EDGE('',*,*,#12191,.T.);
#12191 = EDGE_CURVE('',#12182,#12192,#12194,.T.);
#12192 = VERTEX_POINT('',#12193);
#12193 = CARTESIAN_POINT('',(56.,5.,75.));
#12194 = LINE('',#12195,#12196);
#12195 = CARTESIAN_POINT('',(56.,0.,75.));
#12196 = VECTOR('',#12197,1.);
#12197 = DIRECTION('',(0.,1.,0.));
#12198 = ORIENTED_EDGE('',*,*,#12199,.T.);
#12199 = EDGE_CURVE('',#12192,#12200,#12202,.T.);
#12200 = VERTEX_POINT('',#12201);
#12201 = CARTESIAN_POINT('',(56.,5.,89.));
#12202 = LINE('',#12203,#12204);
#12203 = CARTESIAN_POINT('',(56.,5.,75.));
#12204 = VECTOR('',#12205,1.);
#12205 = DIRECTION('',(0.,0.,1.));
#12206 = ORIENTED_EDGE('',*,*,#12207,.F.);
#12207 = EDGE_CURVE('',#12184,#12200,#12208,.T.);
#12208 = LINE('',#12209,#12210);
#12209 = CARTESIAN_POINT('',(56.,0.,89.));
#12210 = VECTOR('',#12211,1.);
#12211 = DIRECTION('',(0.,1.,0.));
#12212 = PLANE('',#12213);
#12213 = AXIS2_PLACEMENT_3D('',#12214,#12215,#12216);
#12214 = CARTESIAN_POINT('',(56.,0.,75.));
#12215 = DIRECTION('',(1.,0.,0.));
#12216 = DIRECTION('',(0.,0.,1.));
#12217 = ADVANCED_FACE('',(#12218,#12243),#12254,.F.);
#12218 = FACE_BOUND('',#12219,.F.);
#12219 = EDGE_LOOP('',(#12220,#12228,#12229,#12237));
#12220 = ORIENTED_EDGE('',*,*,#12221,.F.);
#12221 = EDGE_CURVE('',#12182,#12222,#12224,.T.);
#12222 = VERTEX_POINT('',#12223);
#12223 = CARTESIAN_POINT('',(72.,0.,75.));
#12224 = LINE('',#12225,#12226);
#12225 = CARTESIAN_POINT('',(56.,0.,75.));
#12226 = VECTOR('',#12227,1.);
#12227 = DIRECTION('',(1.,0.,0.));
#12228 = ORIENTED_EDGE('',*,*,#12181,.T.);
#12229 = ORIENTED_EDGE('',*,*,#12230,.T.);
#12230 = EDGE_CURVE('',#12184,#12231,#12233,.T.);
#12231 = VERTEX_POINT('',#12232);
#12232 = CARTESIAN_POINT('',(72.,0.,89.));
#12233 = LINE('',#12234,#12235);
#12234 = CARTESIAN_POINT('',(56.,0.,89.));
#12235 = VECTOR('',#12236,1.);
#12236 = DIRECTION('',(1.,0.,0.));
#12237 = ORIENTED_EDGE('',*,*,#12238,.F.);
#12238 = EDGE_CURVE('',#12222,#12231,#12239,.T.);
#12239 = LINE('',#12240,#12241);
#12240 = CARTESIAN_POINT('',(72.,0.,75.));
#12241 = VECTOR('',#12242,1.);
#12242 = DIRECTION('',(0.,0.,1.));
#12243 = FACE_BOUND('',#12244,.F.);
#12244 = EDGE_LOOP('',(#12245));
#12245 = ORIENTED_EDGE('',*,*,#12246,.F.);
#12246 = EDGE_CURVE('',#12247,#12247,#12249,.T.);
#12247 = VERTEX_POINT('',#12248);
#12248 = CARTESIAN_POINT('',(64.,0.,83.7));
#12249 = CIRCLE('',#12250,1.7);
#12250 = AXIS2_PLACEMENT_3D('',#12251,#12252,#12253);
#12251 = CARTESIAN_POINT('',(64.,0.,82.));
#12252 = DIRECTION('',(0.,1.,0.));
#12253 = DIRECTION('',(0.,0.,1.));
#12254 = PLANE('',#12255);
#12255 = AXIS2_PLACEMENT_3D('',#12256,#12257,#12258);
#12256 = CARTESIAN_POINT('',(56.,0.,75.));
#12257 = DIRECTION('',(0.,1.,0.));
#12258 = DIRECTION('',(0.,0.,1.));
#12259 = ADVANCED_FACE('',(#12260),#12278,.T.);
#12260 = FACE_BOUND('',#12261,.T.);
#12261 = EDGE_LOOP('',(#12262,#12263,#12264,#12272));
#12262 = ORIENTED_EDGE('',*,*,#12207,.F.);
#12263 = ORIENTED_EDGE('',*,*,#12230,.T.);
#12264 = ORIENTED_EDGE('',*,*,#12265,.T.);
#12265 = EDGE_CURVE('',#12231,#12266,#12268,.T.);
#12266 = VERTEX_POINT('',#12267);
#12267 = CARTESIAN_POINT('',(72.,5.,89.));
#12268 = LINE('',#12269,#12270);
#12269 = CARTESIAN_POINT('',(72.,0.,89.));
#12270 = VECTOR('',#12271,1.);
#12271 = DIRECTION('',(0.,1.,0.));
#12272 = ORIENTED_EDGE('',*,*,#12273,.F.);
#12273 = EDGE_CURVE('',#12200,#12266,#12274,.T.);
#12274 = LINE('',#12275,#12276);
#12275 = CARTESIAN_POINT('',(56.,5.,89.));
#12276 = VECTOR('',#12277,1.);
#12277 = DIRECTION('',(1.,0.,0.));
#12278 = PLANE('',#12279);
#12279 = AXIS2_PLACEMENT_3D('',#12280,#12281,#12282);
#12280 = CARTESIAN_POINT('',(56.,0.,89.));
#12281 = DIRECTION('',(0.,0.,1.));
#12282 = DIRECTION('',(1.,0.,0.));
#12283 = ADVANCED_FACE('',(#12284,#12302),#12313,.T.);
#12284 = FACE_BOUND('',#12285,.T.);
#12285 = EDGE_LOOP('',(#12286,#12294,#12295,#12296));
#12286 = ORIENTED_EDGE('',*,*,#12287,.F.);
#12287 = EDGE_CURVE('',#12192,#12288,#12290,.T.);
#12288 = VERTEX_POINT('',#12289);
#12289 = CARTESIAN_POINT('',(72.,5.,75.));
#12290 = LINE('',#12291,#12292);
#12291 = CARTESIAN_POINT('',(56.,5.,75.));
#12292 = VECTOR('',#12293,1.);
#12293 = DIRECTION('',(1.,0.,0.));
#12294 = ORIENTED_EDGE('',*,*,#12199,.T.);
#12295 = ORIENTED_EDGE('',*,*,#12273,.T.);
#12296 = ORIENTED_EDGE('',*,*,#12297,.F.);
#12297 = EDGE_CURVE('',#12288,#12266,#12298,.T.);
#12298 = LINE('',#12299,#12300);
#12299 = CARTESIAN_POINT('',(72.,5.,75.));
#12300 = VECTOR('',#12301,1.);
#12301 = DIRECTION('',(0.,0.,1.));
#12302 = FACE_BOUND('',#12303,.T.);
#12303 = EDGE_LOOP('',(#12304));
#12304 = ORIENTED_EDGE('',*,*,#12305,.F.);
#12305 = EDGE_CURVE('',#12306,#12306,#12308,.T.);
#12306 = VERTEX_POINT('',#12307);
#12307 = CARTESIAN_POINT('',(64.,5.,83.7));
#12308 = CIRCLE('',#12309,1.7);
#12309 = AXIS2_PLACEMENT_3D('',#12310,#12311,#12312);
#12310 = CARTESIAN_POINT('',(64.,5.,82.));
#12311 = DIRECTION('',(0.,1.,0.));
#12312 = DIRECTION('',(0.,0.,1.));
#12313 = PLANE('',#12314);
#12314 = AXIS2_PLACEMENT_3D('',#12315,#12316,#12317);
#12315 = CARTESIAN_POINT('',(56.,5.,75.));
#12316 = DIRECTION('',(0.,1.,0.));
#12317 = DIRECTION('',(0.,0.,1.));
#12318 = ADVANCED_FACE('',(#12319),#12330,.F.);
#12319 = FACE_BOUND('',#12320,.F.);
#12320 = EDGE_LOOP('',(#12321,#12322,#12323,#12329));
#12321 = ORIENTED_EDGE('',*,*,#12191,.F.);
#12322 = ORIENTED_EDGE('',*,*,#12221,.T.);
#12323 = ORIENTED_EDGE('',*,*,#12324,.T.);
#12324 = EDGE_CURVE('',#12222,#12288,#12325,.T.);
#12325 = LINE('',#12326,#12327);
#12326 = CARTESIAN_POINT('',(72.,0.,75.));
#12327 = VECTOR('',#12328,1.);
#12328 = DIRECTION('',(0.,1.,0.));
#12329 = ORIENTED_EDGE('',*,*,#12287,.F.);
#12330 = PLANE('',#12331);
#12331 = AXIS2_PLACEMENT_3D('',#12332,#12333,#12334);
#12332 = CARTESIAN_POINT('',(56.,0.,75.));
#12333 = DIRECTION('',(0.,0.,1.));
#12334 = DIRECTION('',(1.,0.,0.));
#12335 = ADVANCED_FACE('',(#12336),#12342,.T.);
#12336 = FACE_BOUND('',#12337,.T.);
#12337 = EDGE_LOOP('',(#12338,#12339,#12340,#12341));
#12338 = ORIENTED_EDGE('',*,*,#12238,.F.);
#12339 = ORIENTED_EDGE('',*,*,#12324,.T.);
#12340 = ORIENTED_EDGE('',*,*,#12297,.T.);
#12341 = ORIENTED_EDGE('',*,*,#12265,.F.);
#12342 = PLANE('',#12343);
#12343 = AXIS2_PLACEMENT_3D('',#12344,#12345,#12346);
#12344 = CARTESIAN_POINT('',(72.,0.,75.));
#12345 = DIRECTION('',(1.,0.,0.));
#12346 = DIRECTION('',(0.,0.,1.));
#12347 = ADVANCED_FACE('',(#12348),#12359,.F.);
#12348 = FACE_BOUND('',#12349,.F.);
#12349 = EDGE_LOOP('',(#12350,#12351,#12357,#12358));
#12350 = ORIENTED_EDGE('',*,*,#12305,.F.);
#12351 = ORIENTED_EDGE('',*,*,#12352,.F.);
#12352 = EDGE_CURVE('',#12247,#12306,#12353,.T.);
#12353 = LINE('',#12354,#12355);
#12354 = CARTESIAN_POINT('',(64.,-1.,83.7));
#12355 = VECTOR('',#12356,1.);
#12356 = DIRECTION('',(0.,1.,0.));
#12357 = ORIENTED_EDGE('',*,*,#12246,.T.);
#12358 = ORIENTED_EDGE('',*,*,#12352,.T.);
#12359 = CYLINDRICAL_SURFACE('',#12360,1.7);
#12360 = AXIS2_PLACEMENT_3D('',#12361,#12362,#12363);
#12361 = CARTESIAN_POINT('',(64.,-1.,82.));
#12362 = DIRECTION('',(0.,1.,0.));
#12363 = DIRECTION('',(0.,0.,1.));
#12364 = MANIFOLD_SOLID_BREP('',#12365);
#12365 = CLOSED_SHELL('',(#12366,#12406,#12448,#12472,#12507,#12524,
    #12536));
#12366 = ADVANCED_FACE('',(#12367),#12401,.F.);
#12367 = FACE_BOUND('',#12368,.F.);
#12368 = EDGE_LOOP('',(#12369,#12379,#12387,#12395));
#12369 = ORIENTED_EDGE('',*,*,#12370,.F.);
#12370 = EDGE_CURVE('',#12371,#12373,#12375,.T.);
#12371 = VERTEX_POINT('',#12372);
#12372 = CARTESIAN_POINT('',(-66.,0.,153.));
#12373 = VERTEX_POINT('',#12374);
#12374 = CARTESIAN_POINT('',(-66.,0.,167.));
#12375 = LINE('',#12376,#12377);
#12376 = CARTESIAN_POINT('',(-66.,0.,153.));
#12377 = VECTOR('',#12378,1.);
#12378 = DIRECTION('',(0.,0.,1.));
#12379 = ORIENTED_EDGE('',*,*,#12380,.T.);
#12380 = EDGE_CURVE('',#12371,#12381,#12383,.T.);
#12381 = VERTEX_POINT('',#12382);
#12382 = CARTESIAN_POINT('',(-66.,5.,153.));
#12383 = LINE('',#12384,#12385);
#12384 = CARTESIAN_POINT('',(-66.,0.,153.));
#12385 = VECTOR('',#12386,1.);
#12386 = DIRECTION('',(0.,1.,0.));
#12387 = ORIENTED_EDGE('',*,*,#12388,.T.);
#12388 = EDGE_CURVE('',#12381,#12389,#12391,.T.);
#12389 = VERTEX_POINT('',#12390);
#12390 = CARTESIAN_POINT('',(-66.,5.,167.));
#12391 = LINE('',#12392,#12393);
#12392 = CARTESIAN_POINT('',(-66.,5.,153.));
#12393 = VECTOR('',#12394,1.);
#12394 = DIRECTION('',(0.,0.,1.));
#12395 = ORIENTED_EDGE('',*,*,#12396,.F.);
#12396 = EDGE_CURVE('',#12373,#12389,#12397,.T.);
#12397 = LINE('',#12398,#12399);
#12398 = CARTESIAN_POINT('',(-66.,0.,167.));
#12399 = VECTOR('',#12400,1.);
#12400 = DIRECTION('',(0.,1.,0.));
#12401 = PLANE('',#12402);
#12402 = AXIS2_PLACEMENT_3D('',#12403,#12404,#12405);
#12403 = CARTESIAN_POINT('',(-66.,0.,153.));
#12404 = DIRECTION('',(1.,0.,0.));
#12405 = DIRECTION('',(0.,0.,1.));
#12406 = ADVANCED_FACE('',(#12407,#12432),#12443,.F.);
#12407 = FACE_BOUND('',#12408,.F.);
#12408 = EDGE_LOOP('',(#12409,#12417,#12418,#12426));
#12409 = ORIENTED_EDGE('',*,*,#12410,.F.);
#12410 = EDGE_CURVE('',#12371,#12411,#12413,.T.);
#12411 = VERTEX_POINT('',#12412);
#12412 = CARTESIAN_POINT('',(-50.,0.,153.));
#12413 = LINE('',#12414,#12415);
#12414 = CARTESIAN_POINT('',(-66.,0.,153.));
#12415 = VECTOR('',#12416,1.);
#12416 = DIRECTION('',(1.,0.,0.));
#12417 = ORIENTED_EDGE('',*,*,#12370,.T.);
#12418 = ORIENTED_EDGE('',*,*,#12419,.T.);
#12419 = EDGE_CURVE('',#12373,#12420,#12422,.T.);
#12420 = VERTEX_POINT('',#12421);
#12421 = CARTESIAN_POINT('',(-50.,0.,167.));
#12422 = LINE('',#12423,#12424);
#12423 = CARTESIAN_POINT('',(-66.,0.,167.));
#12424 = VECTOR('',#12425,1.);
#12425 = DIRECTION('',(1.,0.,0.));
#12426 = ORIENTED_EDGE('',*,*,#12427,.F.);
#12427 = EDGE_CURVE('',#12411,#12420,#12428,.T.);
#12428 = LINE('',#12429,#12430);
#12429 = CARTESIAN_POINT('',(-50.,0.,153.));
#12430 = VECTOR('',#12431,1.);
#12431 = DIRECTION('',(0.,0.,1.));
#12432 = FACE_BOUND('',#12433,.F.);
#12433 = EDGE_LOOP('',(#12434));
#12434 = ORIENTED_EDGE('',*,*,#12435,.F.);
#12435 = EDGE_CURVE('',#12436,#12436,#12438,.T.);
#12436 = VERTEX_POINT('',#12437);
#12437 = CARTESIAN_POINT('',(-58.,0.,161.7));
#12438 = CIRCLE('',#12439,1.7);
#12439 = AXIS2_PLACEMENT_3D('',#12440,#12441,#12442);
#12440 = CARTESIAN_POINT('',(-58.,0.,160.));
#12441 = DIRECTION('',(0.,1.,0.));
#12442 = DIRECTION('',(0.,0.,1.));
#12443 = PLANE('',#12444);
#12444 = AXIS2_PLACEMENT_3D('',#12445,#12446,#12447);
#12445 = CARTESIAN_POINT('',(-66.,0.,153.));
#12446 = DIRECTION('',(0.,1.,0.));
#12447 = DIRECTION('',(0.,0.,1.));
#12448 = ADVANCED_FACE('',(#12449),#12467,.T.);
#12449 = FACE_BOUND('',#12450,.T.);
#12450 = EDGE_LOOP('',(#12451,#12452,#12453,#12461));
#12451 = ORIENTED_EDGE('',*,*,#12396,.F.);
#12452 = ORIENTED_EDGE('',*,*,#12419,.T.);
#12453 = ORIENTED_EDGE('',*,*,#12454,.T.);
#12454 = EDGE_CURVE('',#12420,#12455,#12457,.T.);
#12455 = VERTEX_POINT('',#12456);
#12456 = CARTESIAN_POINT('',(-50.,5.,167.));
#12457 = LINE('',#12458,#12459);
#12458 = CARTESIAN_POINT('',(-50.,0.,167.));
#12459 = VECTOR('',#12460,1.);
#12460 = DIRECTION('',(0.,1.,0.));
#12461 = ORIENTED_EDGE('',*,*,#12462,.F.);
#12462 = EDGE_CURVE('',#12389,#12455,#12463,.T.);
#12463 = LINE('',#12464,#12465);
#12464 = CARTESIAN_POINT('',(-66.,5.,167.));
#12465 = VECTOR('',#12466,1.);
#12466 = DIRECTION('',(1.,0.,0.));
#12467 = PLANE('',#12468);
#12468 = AXIS2_PLACEMENT_3D('',#12469,#12470,#12471);
#12469 = CARTESIAN_POINT('',(-66.,0.,167.));
#12470 = DIRECTION('',(0.,0.,1.));
#12471 = DIRECTION('',(1.,0.,0.));
#12472 = ADVANCED_FACE('',(#12473,#12491),#12502,.T.);
#12473 = FACE_BOUND('',#12474,.T.);
#12474 = EDGE_LOOP('',(#12475,#12483,#12484,#12485));
#12475 = ORIENTED_EDGE('',*,*,#12476,.F.);
#12476 = EDGE_CURVE('',#12381,#12477,#12479,.T.);
#12477 = VERTEX_POINT('',#12478);
#12478 = CARTESIAN_POINT('',(-50.,5.,153.));
#12479 = LINE('',#12480,#12481);
#12480 = CARTESIAN_POINT('',(-66.,5.,153.));
#12481 = VECTOR('',#12482,1.);
#12482 = DIRECTION('',(1.,0.,0.));
#12483 = ORIENTED_EDGE('',*,*,#12388,.T.);
#12484 = ORIENTED_EDGE('',*,*,#12462,.T.);
#12485 = ORIENTED_EDGE('',*,*,#12486,.F.);
#12486 = EDGE_CURVE('',#12477,#12455,#12487,.T.);
#12487 = LINE('',#12488,#12489);
#12488 = CARTESIAN_POINT('',(-50.,5.,153.));
#12489 = VECTOR('',#12490,1.);
#12490 = DIRECTION('',(0.,0.,1.));
#12491 = FACE_BOUND('',#12492,.T.);
#12492 = EDGE_LOOP('',(#12493));
#12493 = ORIENTED_EDGE('',*,*,#12494,.F.);
#12494 = EDGE_CURVE('',#12495,#12495,#12497,.T.);
#12495 = VERTEX_POINT('',#12496);
#12496 = CARTESIAN_POINT('',(-58.,5.,161.7));
#12497 = CIRCLE('',#12498,1.7);
#12498 = AXIS2_PLACEMENT_3D('',#12499,#12500,#12501);
#12499 = CARTESIAN_POINT('',(-58.,5.,160.));
#12500 = DIRECTION('',(0.,1.,0.));
#12501 = DIRECTION('',(0.,0.,1.));
#12502 = PLANE('',#12503);
#12503 = AXIS2_PLACEMENT_3D('',#12504,#12505,#12506);
#12504 = CARTESIAN_POINT('',(-66.,5.,153.));
#12505 = DIRECTION('',(0.,1.,0.));
#12506 = DIRECTION('',(0.,0.,1.));
#12507 = ADVANCED_FACE('',(#12508),#12519,.F.);
#12508 = FACE_BOUND('',#12509,.F.);
#12509 = EDGE_LOOP('',(#12510,#12511,#12512,#12518));
#12510 = ORIENTED_EDGE('',*,*,#12380,.F.);
#12511 = ORIENTED_EDGE('',*,*,#12410,.T.);
#12512 = ORIENTED_EDGE('',*,*,#12513,.T.);
#12513 = EDGE_CURVE('',#12411,#12477,#12514,.T.);
#12514 = LINE('',#12515,#12516);
#12515 = CARTESIAN_POINT('',(-50.,0.,153.));
#12516 = VECTOR('',#12517,1.);
#12517 = DIRECTION('',(0.,1.,0.));
#12518 = ORIENTED_EDGE('',*,*,#12476,.F.);
#12519 = PLANE('',#12520);
#12520 = AXIS2_PLACEMENT_3D('',#12521,#12522,#12523);
#12521 = CARTESIAN_POINT('',(-66.,0.,153.));
#12522 = DIRECTION('',(0.,0.,1.));
#12523 = DIRECTION('',(1.,0.,0.));
#12524 = ADVANCED_FACE('',(#12525),#12531,.T.);
#12525 = FACE_BOUND('',#12526,.T.);
#12526 = EDGE_LOOP('',(#12527,#12528,#12529,#12530));
#12527 = ORIENTED_EDGE('',*,*,#12427,.F.);
#12528 = ORIENTED_EDGE('',*,*,#12513,.T.);
#12529 = ORIENTED_EDGE('',*,*,#12486,.T.);
#12530 = ORIENTED_EDGE('',*,*,#12454,.F.);
#12531 = PLANE('',#12532);
#12532 = AXIS2_PLACEMENT_3D('',#12533,#12534,#12535);
#12533 = CARTESIAN_POINT('',(-50.,0.,153.));
#12534 = DIRECTION('',(1.,0.,0.));
#12535 = DIRECTION('',(0.,0.,1.));
#12536 = ADVANCED_FACE('',(#12537),#12548,.F.);
#12537 = FACE_BOUND('',#12538,.F.);
#12538 = EDGE_LOOP('',(#12539,#12540,#12546,#12547));
#12539 = ORIENTED_EDGE('',*,*,#12494,.F.);
#12540 = ORIENTED_EDGE('',*,*,#12541,.F.);
#12541 = EDGE_CURVE('',#12436,#12495,#12542,.T.);
#12542 = LINE('',#12543,#12544);
#12543 = CARTESIAN_POINT('',(-58.,-1.,161.7));
#12544 = VECTOR('',#12545,1.);
#12545 = DIRECTION('',(0.,1.,0.));
#12546 = ORIENTED_EDGE('',*,*,#12435,.T.);
#12547 = ORIENTED_EDGE('',*,*,#12541,.T.);
#12548 = CYLINDRICAL_SURFACE('',#12549,1.7);
#12549 = AXIS2_PLACEMENT_3D('',#12550,#12551,#12552);
#12550 = CARTESIAN_POINT('',(-58.,-1.,160.));
#12551 = DIRECTION('',(0.,1.,0.));
#12552 = DIRECTION('',(0.,0.,1.));
#12553 = MANIFOLD_SOLID_BREP('',#12554);
#12554 = CLOSED_SHELL('',(#12555,#12595,#12637,#12661,#12696,#12713,
    #12725));
#12555 = ADVANCED_FACE('',(#12556),#12590,.F.);
#12556 = FACE_BOUND('',#12557,.F.);
#12557 = EDGE_LOOP('',(#12558,#12568,#12576,#12584));
#12558 = ORIENTED_EDGE('',*,*,#12559,.F.);
#12559 = EDGE_CURVE('',#12560,#12562,#12564,.T.);
#12560 = VERTEX_POINT('',#12561);
#12561 = CARTESIAN_POINT('',(50.,0.,153.));
#12562 = VERTEX_POINT('',#12563);
#12563 = CARTESIAN_POINT('',(50.,0.,167.));
#12564 = LINE('',#12565,#12566);
#12565 = CARTESIAN_POINT('',(50.,0.,153.));
#12566 = VECTOR('',#12567,1.);
#12567 = DIRECTION('',(0.,0.,1.));
#12568 = ORIENTED_EDGE('',*,*,#12569,.T.);
#12569 = EDGE_CURVE('',#12560,#12570,#12572,.T.);
#12570 = VERTEX_POINT('',#12571);
#12571 = CARTESIAN_POINT('',(50.,5.,153.));
#12572 = LINE('',#12573,#12574);
#12573 = CARTESIAN_POINT('',(50.,0.,153.));
#12574 = VECTOR('',#12575,1.);
#12575 = DIRECTION('',(0.,1.,0.));
#12576 = ORIENTED_EDGE('',*,*,#12577,.T.);
#12577 = EDGE_CURVE('',#12570,#12578,#12580,.T.);
#12578 = VERTEX_POINT('',#12579);
#12579 = CARTESIAN_POINT('',(50.,5.,167.));
#12580 = LINE('',#12581,#12582);
#12581 = CARTESIAN_POINT('',(50.,5.,153.));
#12582 = VECTOR('',#12583,1.);
#12583 = DIRECTION('',(0.,0.,1.));
#12584 = ORIENTED_EDGE('',*,*,#12585,.F.);
#12585 = EDGE_CURVE('',#12562,#12578,#12586,.T.);
#12586 = LINE('',#12587,#12588);
#12587 = CARTESIAN_POINT('',(50.,0.,167.));
#12588 = VECTOR('',#12589,1.);
#12589 = DIRECTION('',(0.,1.,0.));
#12590 = PLANE('',#12591);
#12591 = AXIS2_PLACEMENT_3D('',#12592,#12593,#12594);
#12592 = CARTESIAN_POINT('',(50.,0.,153.));
#12593 = DIRECTION('',(1.,0.,0.));
#12594 = DIRECTION('',(0.,0.,1.));
#12595 = ADVANCED_FACE('',(#12596,#12621),#12632,.F.);
#12596 = FACE_BOUND('',#12597,.F.);
#12597 = EDGE_LOOP('',(#12598,#12606,#12607,#12615));
#12598 = ORIENTED_EDGE('',*,*,#12599,.F.);
#12599 = EDGE_CURVE('',#12560,#12600,#12602,.T.);
#12600 = VERTEX_POINT('',#12601);
#12601 = CARTESIAN_POINT('',(66.,0.,153.));
#12602 = LINE('',#12603,#12604);
#12603 = CARTESIAN_POINT('',(50.,0.,153.));
#12604 = VECTOR('',#12605,1.);
#12605 = DIRECTION('',(1.,0.,0.));
#12606 = ORIENTED_EDGE('',*,*,#12559,.T.);
#12607 = ORIENTED_EDGE('',*,*,#12608,.T.);
#12608 = EDGE_CURVE('',#12562,#12609,#12611,.T.);
#12609 = VERTEX_POINT('',#12610);
#12610 = CARTESIAN_POINT('',(66.,0.,167.));
#12611 = LINE('',#12612,#12613);
#12612 = CARTESIAN_POINT('',(50.,0.,167.));
#12613 = VECTOR('',#12614,1.);
#12614 = DIRECTION('',(1.,0.,0.));
#12615 = ORIENTED_EDGE('',*,*,#12616,.F.);
#12616 = EDGE_CURVE('',#12600,#12609,#12617,.T.);
#12617 = LINE('',#12618,#12619);
#12618 = CARTESIAN_POINT('',(66.,0.,153.));
#12619 = VECTOR('',#12620,1.);
#12620 = DIRECTION('',(0.,0.,1.));
#12621 = FACE_BOUND('',#12622,.F.);
#12622 = EDGE_LOOP('',(#12623));
#12623 = ORIENTED_EDGE('',*,*,#12624,.F.);
#12624 = EDGE_CURVE('',#12625,#12625,#12627,.T.);
#12625 = VERTEX_POINT('',#12626);
#12626 = CARTESIAN_POINT('',(58.,0.,161.7));
#12627 = CIRCLE('',#12628,1.7);
#12628 = AXIS2_PLACEMENT_3D('',#12629,#12630,#12631);
#12629 = CARTESIAN_POINT('',(58.,0.,160.));
#12630 = DIRECTION('',(0.,1.,0.));
#12631 = DIRECTION('',(0.,0.,1.));
#12632 = PLANE('',#12633);
#12633 = AXIS2_PLACEMENT_3D('',#12634,#12635,#12636);
#12634 = CARTESIAN_POINT('',(50.,0.,153.));
#12635 = DIRECTION('',(0.,1.,0.));
#12636 = DIRECTION('',(0.,0.,1.));
#12637 = ADVANCED_FACE('',(#12638),#12656,.T.);
#12638 = FACE_BOUND('',#12639,.T.);
#12639 = EDGE_LOOP('',(#12640,#12641,#12642,#12650));
#12640 = ORIENTED_EDGE('',*,*,#12585,.F.);
#12641 = ORIENTED_EDGE('',*,*,#12608,.T.);
#12642 = ORIENTED_EDGE('',*,*,#12643,.T.);
#12643 = EDGE_CURVE('',#12609,#12644,#12646,.T.);
#12644 = VERTEX_POINT('',#12645);
#12645 = CARTESIAN_POINT('',(66.,5.,167.));
#12646 = LINE('',#12647,#12648);
#12647 = CARTESIAN_POINT('',(66.,0.,167.));
#12648 = VECTOR('',#12649,1.);
#12649 = DIRECTION('',(0.,1.,0.));
#12650 = ORIENTED_EDGE('',*,*,#12651,.F.);
#12651 = EDGE_CURVE('',#12578,#12644,#12652,.T.);
#12652 = LINE('',#12653,#12654);
#12653 = CARTESIAN_POINT('',(50.,5.,167.));
#12654 = VECTOR('',#12655,1.);
#12655 = DIRECTION('',(1.,0.,0.));
#12656 = PLANE('',#12657);
#12657 = AXIS2_PLACEMENT_3D('',#12658,#12659,#12660);
#12658 = CARTESIAN_POINT('',(50.,0.,167.));
#12659 = DIRECTION('',(0.,0.,1.));
#12660 = DIRECTION('',(1.,0.,0.));
#12661 = ADVANCED_FACE('',(#12662,#12680),#12691,.T.);
#12662 = FACE_BOUND('',#12663,.T.);
#12663 = EDGE_LOOP('',(#12664,#12672,#12673,#12674));
#12664 = ORIENTED_EDGE('',*,*,#12665,.F.);
#12665 = EDGE_CURVE('',#12570,#12666,#12668,.T.);
#12666 = VERTEX_POINT('',#12667);
#12667 = CARTESIAN_POINT('',(66.,5.,153.));
#12668 = LINE('',#12669,#12670);
#12669 = CARTESIAN_POINT('',(50.,5.,153.));
#12670 = VECTOR('',#12671,1.);
#12671 = DIRECTION('',(1.,0.,0.));
#12672 = ORIENTED_EDGE('',*,*,#12577,.T.);
#12673 = ORIENTED_EDGE('',*,*,#12651,.T.);
#12674 = ORIENTED_EDGE('',*,*,#12675,.F.);
#12675 = EDGE_CURVE('',#12666,#12644,#12676,.T.);
#12676 = LINE('',#12677,#12678);
#12677 = CARTESIAN_POINT('',(66.,5.,153.));
#12678 = VECTOR('',#12679,1.);
#12679 = DIRECTION('',(0.,0.,1.));
#12680 = FACE_BOUND('',#12681,.T.);
#12681 = EDGE_LOOP('',(#12682));
#12682 = ORIENTED_EDGE('',*,*,#12683,.F.);
#12683 = EDGE_CURVE('',#12684,#12684,#12686,.T.);
#12684 = VERTEX_POINT('',#12685);
#12685 = CARTESIAN_POINT('',(58.,5.,161.7));
#12686 = CIRCLE('',#12687,1.7);
#12687 = AXIS2_PLACEMENT_3D('',#12688,#12689,#12690);
#12688 = CARTESIAN_POINT('',(58.,5.,160.));
#12689 = DIRECTION('',(0.,1.,0.));
#12690 = DIRECTION('',(0.,0.,1.));
#12691 = PLANE('',#12692);
#12692 = AXIS2_PLACEMENT_3D('',#12693,#12694,#12695);
#12693 = CARTESIAN_POINT('',(50.,5.,153.));
#12694 = DIRECTION('',(0.,1.,0.));
#12695 = DIRECTION('',(0.,0.,1.));
#12696 = ADVANCED_FACE('',(#12697),#12708,.F.);
#12697 = FACE_BOUND('',#12698,.F.);
#12698 = EDGE_LOOP('',(#12699,#12700,#12701,#12707));
#12699 = ORIENTED_EDGE('',*,*,#12569,.F.);
#12700 = ORIENTED_EDGE('',*,*,#12599,.T.);
#12701 = ORIENTED_EDGE('',*,*,#12702,.T.);
#12702 = EDGE_CURVE('',#12600,#12666,#12703,.T.);
#12703 = LINE('',#12704,#12705);
#12704 = CARTESIAN_POINT('',(66.,0.,153.));
#12705 = VECTOR('',#12706,1.);
#12706 = DIRECTION('',(0.,1.,0.));
#12707 = ORIENTED_EDGE('',*,*,#12665,.F.);
#12708 = PLANE('',#12709);
#12709 = AXIS2_PLACEMENT_3D('',#12710,#12711,#12712);
#12710 = CARTESIAN_POINT('',(50.,0.,153.));
#12711 = DIRECTION('',(0.,0.,1.));
#12712 = DIRECTION('',(1.,0.,0.));
#12713 = ADVANCED_FACE('',(#12714),#12720,.T.);
#12714 = FACE_BOUND('',#12715,.T.);
#12715 = EDGE_LOOP('',(#12716,#12717,#12718,#12719));
#12716 = ORIENTED_EDGE('',*,*,#12616,.F.);
#12717 = ORIENTED_EDGE('',*,*,#12702,.T.);
#12718 = ORIENTED_EDGE('',*,*,#12675,.T.);
#12719 = ORIENTED_EDGE('',*,*,#12643,.F.);
#12720 = PLANE('',#12721);
#12721 = AXIS2_PLACEMENT_3D('',#12722,#12723,#12724);
#12722 = CARTESIAN_POINT('',(66.,0.,153.));
#12723 = DIRECTION('',(1.,0.,0.));
#12724 = DIRECTION('',(0.,0.,1.));
#12725 = ADVANCED_FACE('',(#12726),#12737,.F.);
#12726 = FACE_BOUND('',#12727,.F.);
#12727 = EDGE_LOOP('',(#12728,#12729,#12735,#12736));
#12728 = ORIENTED_EDGE('',*,*,#12683,.F.);
#12729 = ORIENTED_EDGE('',*,*,#12730,.F.);
#12730 = EDGE_CURVE('',#12625,#12684,#12731,.T.);
#12731 = LINE('',#12732,#12733);
#12732 = CARTESIAN_POINT('',(58.,-1.,161.7));
#12733 = VECTOR('',#12734,1.);
#12734 = DIRECTION('',(0.,1.,0.));
#12735 = ORIENTED_EDGE('',*,*,#12624,.T.);
#12736 = ORIENTED_EDGE('',*,*,#12730,.T.);
#12737 = CYLINDRICAL_SURFACE('',#12738,1.7);
#12738 = AXIS2_PLACEMENT_3D('',#12739,#12740,#12741);
#12739 = CARTESIAN_POINT('',(58.,-1.,160.));
#12740 = DIRECTION('',(0.,1.,0.));
#12741 = DIRECTION('',(0.,0.,1.));
#12742 = MANIFOLD_SOLID_BREP('',#12743);
#12743 = CLOSED_SHELL('',(#12744,#12795,#12826,#12850,#12874,#12891,
    #12916,#12928));
#12744 = ADVANCED_FACE('',(#12745,#12779),#12790,.F.);
#12745 = FACE_BOUND('',#12746,.F.);
#12746 = EDGE_LOOP('',(#12747,#12757,#12765,#12773));
#12747 = ORIENTED_EDGE('',*,*,#12748,.F.);
#12748 = EDGE_CURVE('',#12749,#12751,#12753,.T.);
#12749 = VERTEX_POINT('',#12750);
#12750 = CARTESIAN_POINT('',(-88.,-35.,19.5));
#12751 = VERTEX_POINT('',#12752);
#12752 = CARTESIAN_POINT('',(-88.,-35.,44.5));
#12753 = LINE('',#12754,#12755);
#12754 = CARTESIAN_POINT('',(-88.,-35.,19.5));
#12755 = VECTOR('',#12756,1.);
#12756 = DIRECTION('',(0.,0.,1.));
#12757 = ORIENTED_EDGE('',*,*,#12758,.T.);
#12758 = EDGE_CURVE('',#12749,#12759,#12761,.T.);
#12759 = VERTEX_POINT('',#12760);
#12760 = CARTESIAN_POINT('',(-88.,35.,19.5));
#12761 = LINE('',#12762,#12763);
#12762 = CARTESIAN_POINT('',(-88.,-35.,19.5));
#12763 = VECTOR('',#12764,1.);
#12764 = DIRECTION('',(0.,1.,0.));
#12765 = ORIENTED_EDGE('',*,*,#12766,.T.);
#12766 = EDGE_CURVE('',#12759,#12767,#12769,.T.);
#12767 = VERTEX_POINT('',#12768);
#12768 = CARTESIAN_POINT('',(-88.,35.,44.5));
#12769 = LINE('',#12770,#12771);
#12770 = CARTESIAN_POINT('',(-88.,35.,19.5));
#12771 = VECTOR('',#12772,1.);
#12772 = DIRECTION('',(0.,0.,1.));
#12773 = ORIENTED_EDGE('',*,*,#12774,.F.);
#12774 = EDGE_CURVE('',#12751,#12767,#12775,.T.);
#12775 = LINE('',#12776,#12777);
#12776 = CARTESIAN_POINT('',(-88.,-35.,44.5));
#12777 = VECTOR('',#12778,1.);
#12778 = DIRECTION('',(0.,1.,0.));
#12779 = FACE_BOUND('',#12780,.F.);
#12780 = EDGE_LOOP('',(#12781));
#12781 = ORIENTED_EDGE('',*,*,#12782,.F.);
#12782 = EDGE_CURVE('',#12783,#12783,#12785,.T.);
#12783 = VERTEX_POINT('',#12784);
#12784 = CARTESIAN_POINT('',(-88.,7.347880794884E-16,35.));
#12785 = CIRCLE('',#12786,3.);
#12786 = AXIS2_PLACEMENT_3D('',#12787,#12788,#12789);
#12787 = CARTESIAN_POINT('',(-88.,0.,32.));
#12788 = DIRECTION('',(1.,0.,-0.));
#12789 = DIRECTION('',(0.,0.,1.));
#12790 = PLANE('',#12791);
#12791 = AXIS2_PLACEMENT_3D('',#12792,#12793,#12794);
#12792 = CARTESIAN_POINT('',(-88.,-35.,19.5));
#12793 = DIRECTION('',(1.,0.,0.));
#12794 = DIRECTION('',(0.,0.,1.));
#12795 = ADVANCED_FACE('',(#12796),#12821,.F.);
#12796 = FACE_BOUND('',#12797,.F.);
#12797 = EDGE_LOOP('',(#12798,#12806,#12807,#12815));
#12798 = ORIENTED_EDGE('',*,*,#12799,.F.);
#12799 = EDGE_CURVE('',#12749,#12800,#12802,.T.);
#12800 = VERTEX_POINT('',#12801);
#12801 = CARTESIAN_POINT('',(-65.,-35.,19.5));
#12802 = LINE('',#12803,#12804);
#12803 = CARTESIAN_POINT('',(-88.,-35.,19.5));
#12804 = VECTOR('',#12805,1.);
#12805 = DIRECTION('',(1.,0.,0.));
#12806 = ORIENTED_EDGE('',*,*,#12748,.T.);
#12807 = ORIENTED_EDGE('',*,*,#12808,.T.);
#12808 = EDGE_CURVE('',#12751,#12809,#12811,.T.);
#12809 = VERTEX_POINT('',#12810);
#12810 = CARTESIAN_POINT('',(-65.,-35.,44.5));
#12811 = LINE('',#12812,#12813);
#12812 = CARTESIAN_POINT('',(-88.,-35.,44.5));
#12813 = VECTOR('',#12814,1.);
#12814 = DIRECTION('',(1.,0.,0.));
#12815 = ORIENTED_EDGE('',*,*,#12816,.F.);
#12816 = EDGE_CURVE('',#12800,#12809,#12817,.T.);
#12817 = LINE('',#12818,#12819);
#12818 = CARTESIAN_POINT('',(-65.,-35.,19.5));
#12819 = VECTOR('',#12820,1.);
#12820 = DIRECTION('',(0.,0.,1.));
#12821 = PLANE('',#12822);
#12822 = AXIS2_PLACEMENT_3D('',#12823,#12824,#12825);
#12823 = CARTESIAN_POINT('',(-88.,-35.,19.5));
#12824 = DIRECTION('',(0.,1.,0.));
#12825 = DIRECTION('',(0.,0.,1.));
#12826 = ADVANCED_FACE('',(#12827),#12845,.T.);
#12827 = FACE_BOUND('',#12828,.T.);
#12828 = EDGE_LOOP('',(#12829,#12830,#12831,#12839));
#12829 = ORIENTED_EDGE('',*,*,#12774,.F.);
#12830 = ORIENTED_EDGE('',*,*,#12808,.T.);
#12831 = ORIENTED_EDGE('',*,*,#12832,.T.);
#12832 = EDGE_CURVE('',#12809,#12833,#12835,.T.);
#12833 = VERTEX_POINT('',#12834);
#12834 = CARTESIAN_POINT('',(-65.,35.,44.5));
#12835 = LINE('',#12836,#12837);
#12836 = CARTESIAN_POINT('',(-65.,-35.,44.5));
#12837 = VECTOR('',#12838,1.);
#12838 = DIRECTION('',(0.,1.,0.));
#12839 = ORIENTED_EDGE('',*,*,#12840,.F.);
#12840 = EDGE_CURVE('',#12767,#12833,#12841,.T.);
#12841 = LINE('',#12842,#12843);
#12842 = CARTESIAN_POINT('',(-88.,35.,44.5));
#12843 = VECTOR('',#12844,1.);
#12844 = DIRECTION('',(1.,0.,0.));
#12845 = PLANE('',#12846);
#12846 = AXIS2_PLACEMENT_3D('',#12847,#12848,#12849);
#12847 = CARTESIAN_POINT('',(-88.,-35.,44.5));
#12848 = DIRECTION('',(0.,0.,1.));
#12849 = DIRECTION('',(1.,0.,0.));
#12850 = ADVANCED_FACE('',(#12851),#12869,.F.);
#12851 = FACE_BOUND('',#12852,.F.);
#12852 = EDGE_LOOP('',(#12853,#12854,#12855,#12863));
#12853 = ORIENTED_EDGE('',*,*,#12758,.F.);
#12854 = ORIENTED_EDGE('',*,*,#12799,.T.);
#12855 = ORIENTED_EDGE('',*,*,#12856,.T.);
#12856 = EDGE_CURVE('',#12800,#12857,#12859,.T.);
#12857 = VERTEX_POINT('',#12858);
#12858 = CARTESIAN_POINT('',(-65.,35.,19.5));
#12859 = LINE('',#12860,#12861);
#12860 = CARTESIAN_POINT('',(-65.,-35.,19.5));
#12861 = VECTOR('',#12862,1.);
#12862 = DIRECTION('',(0.,1.,0.));
#12863 = ORIENTED_EDGE('',*,*,#12864,.F.);
#12864 = EDGE_CURVE('',#12759,#12857,#12865,.T.);
#12865 = LINE('',#12866,#12867);
#12866 = CARTESIAN_POINT('',(-88.,35.,19.5));
#12867 = VECTOR('',#12868,1.);
#12868 = DIRECTION('',(1.,0.,0.));
#12869 = PLANE('',#12870);
#12870 = AXIS2_PLACEMENT_3D('',#12871,#12872,#12873);
#12871 = CARTESIAN_POINT('',(-88.,-35.,19.5));
#12872 = DIRECTION('',(0.,0.,1.));
#12873 = DIRECTION('',(1.,0.,0.));
#12874 = ADVANCED_FACE('',(#12875),#12886,.T.);
#12875 = FACE_BOUND('',#12876,.T.);
#12876 = EDGE_LOOP('',(#12877,#12878,#12879,#12880));
#12877 = ORIENTED_EDGE('',*,*,#12864,.F.);
#12878 = ORIENTED_EDGE('',*,*,#12766,.T.);
#12879 = ORIENTED_EDGE('',*,*,#12840,.T.);
#12880 = ORIENTED_EDGE('',*,*,#12881,.F.);
#12881 = EDGE_CURVE('',#12857,#12833,#12882,.T.);
#12882 = LINE('',#12883,#12884);
#12883 = CARTESIAN_POINT('',(-65.,35.,19.5));
#12884 = VECTOR('',#12885,1.);
#12885 = DIRECTION('',(0.,0.,1.));
#12886 = PLANE('',#12887);
#12887 = AXIS2_PLACEMENT_3D('',#12888,#12889,#12890);
#12888 = CARTESIAN_POINT('',(-88.,35.,19.5));
#12889 = DIRECTION('',(0.,1.,0.));
#12890 = DIRECTION('',(0.,0.,1.));
#12891 = ADVANCED_FACE('',(#12892),#12911,.T.);
#12892 = FACE_BOUND('',#12893,.T.);
#12893 = EDGE_LOOP('',(#12894,#12895,#12903,#12910));
#12894 = ORIENTED_EDGE('',*,*,#12782,.F.);
#12895 = ORIENTED_EDGE('',*,*,#12896,.F.);
#12896 = EDGE_CURVE('',#12897,#12783,#12899,.T.);
#12897 = VERTEX_POINT('',#12898);
#12898 = CARTESIAN_POINT('',(-106.,7.347880794884E-16,35.));
#12899 = LINE('',#12900,#12901);
#12900 = CARTESIAN_POINT('',(-106.,7.347880794884E-16,35.));
#12901 = VECTOR('',#12902,1.);
#12902 = DIRECTION('',(1.,0.,0.));
#12903 = ORIENTED_EDGE('',*,*,#12904,.T.);
#12904 = EDGE_CURVE('',#12897,#12897,#12905,.T.);
#12905 = CIRCLE('',#12906,3.);
#12906 = AXIS2_PLACEMENT_3D('',#12907,#12908,#12909);
#12907 = CARTESIAN_POINT('',(-106.,0.,32.));
#12908 = DIRECTION('',(1.,0.,-0.));
#12909 = DIRECTION('',(0.,0.,1.));
#12910 = ORIENTED_EDGE('',*,*,#12896,.T.);
#12911 = CYLINDRICAL_SURFACE('',#12912,3.);
#12912 = AXIS2_PLACEMENT_3D('',#12913,#12914,#12915);
#12913 = CARTESIAN_POINT('',(-106.,0.,32.));
#12914 = DIRECTION('',(1.,0.,0.));
#12915 = DIRECTION('',(0.,0.,1.));
#12916 = ADVANCED_FACE('',(#12917),#12923,.T.);
#12917 = FACE_BOUND('',#12918,.T.);
#12918 = EDGE_LOOP('',(#12919,#12920,#12921,#12922));
#12919 = ORIENTED_EDGE('',*,*,#12816,.F.);
#12920 = ORIENTED_EDGE('',*,*,#12856,.T.);
#12921 = ORIENTED_EDGE('',*,*,#12881,.T.);
#12922 = ORIENTED_EDGE('',*,*,#12832,.F.);
#12923 = PLANE('',#12924);
#12924 = AXIS2_PLACEMENT_3D('',#12925,#12926,#12927);
#12925 = CARTESIAN_POINT('',(-65.,-35.,19.5));
#12926 = DIRECTION('',(1.,0.,0.));
#12927 = DIRECTION('',(0.,0.,1.));
#12928 = ADVANCED_FACE('',(#12929),#12932,.F.);
#12929 = FACE_BOUND('',#12930,.T.);
#12930 = EDGE_LOOP('',(#12931));
#12931 = ORIENTED_EDGE('',*,*,#12904,.F.);
#12932 = PLANE('',#12933);
#12933 = AXIS2_PLACEMENT_3D('',#12934,#12935,#12936);
#12934 = CARTESIAN_POINT('',(-106.,0.,32.));
#12935 = DIRECTION('',(1.,0.,0.));
#12936 = DIRECTION('',(0.,0.,1.));
#12937 = MANIFOLD_SOLID_BREP('',#12938);
#12938 = CLOSED_SHELL('',(#12939,#12979,#13010,#13034,#13058,#13075,
    #13098,#13123));
#12939 = ADVANCED_FACE('',(#12940),#12974,.F.);
#12940 = FACE_BOUND('',#12941,.F.);
#12941 = EDGE_LOOP('',(#12942,#12952,#12960,#12968));
#12942 = ORIENTED_EDGE('',*,*,#12943,.F.);
#12943 = EDGE_CURVE('',#12944,#12946,#12948,.T.);
#12944 = VERTEX_POINT('',#12945);
#12945 = CARTESIAN_POINT('',(65.,-35.,19.5));
#12946 = VERTEX_POINT('',#12947);
#12947 = CARTESIAN_POINT('',(65.,-35.,44.5));
#12948 = LINE('',#12949,#12950);
#12949 = CARTESIAN_POINT('',(65.,-35.,19.5));
#12950 = VECTOR('',#12951,1.);
#12951 = DIRECTION('',(0.,0.,1.));
#12952 = ORIENTED_EDGE('',*,*,#12953,.T.);
#12953 = EDGE_CURVE('',#12944,#12954,#12956,.T.);
#12954 = VERTEX_POINT('',#12955);
#12955 = CARTESIAN_POINT('',(65.,35.,19.5));
#12956 = LINE('',#12957,#12958);
#12957 = CARTESIAN_POINT('',(65.,-35.,19.5));
#12958 = VECTOR('',#12959,1.);
#12959 = DIRECTION('',(0.,1.,0.));
#12960 = ORIENTED_EDGE('',*,*,#12961,.T.);
#12961 = EDGE_CURVE('',#12954,#12962,#12964,.T.);
#12962 = VERTEX_POINT('',#12963);
#12963 = CARTESIAN_POINT('',(65.,35.,44.5));
#12964 = LINE('',#12965,#12966);
#12965 = CARTESIAN_POINT('',(65.,35.,19.5));
#12966 = VECTOR('',#12967,1.);
#12967 = DIRECTION('',(0.,0.,1.));
#12968 = ORIENTED_EDGE('',*,*,#12969,.F.);
#12969 = EDGE_CURVE('',#12946,#12962,#12970,.T.);
#12970 = LINE('',#12971,#12972);
#12971 = CARTESIAN_POINT('',(65.,-35.,44.5));
#12972 = VECTOR('',#12973,1.);
#12973 = DIRECTION('',(0.,1.,0.));
#12974 = PLANE('',#12975);
#12975 = AXIS2_PLACEMENT_3D('',#12976,#12977,#12978);
#12976 = CARTESIAN_POINT('',(65.,-35.,19.5));
#12977 = DIRECTION('',(1.,0.,0.));
#12978 = DIRECTION('',(0.,0.,1.));
#12979 = ADVANCED_FACE('',(#12980),#13005,.F.);
#12980 = FACE_BOUND('',#12981,.F.);
#12981 = EDGE_LOOP('',(#12982,#12990,#12991,#12999));
#12982 = ORIENTED_EDGE('',*,*,#12983,.F.);
#12983 = EDGE_CURVE('',#12944,#12984,#12986,.T.);
#12984 = VERTEX_POINT('',#12985);
#12985 = CARTESIAN_POINT('',(88.,-35.,19.5));
#12986 = LINE('',#12987,#12988);
#12987 = CARTESIAN_POINT('',(65.,-35.,19.5));
#12988 = VECTOR('',#12989,1.);
#12989 = DIRECTION('',(1.,0.,0.));
#12990 = ORIENTED_EDGE('',*,*,#12943,.T.);
#12991 = ORIENTED_EDGE('',*,*,#12992,.T.);
#12992 = EDGE_CURVE('',#12946,#12993,#12995,.T.);
#12993 = VERTEX_POINT('',#12994);
#12994 = CARTESIAN_POINT('',(88.,-35.,44.5));
#12995 = LINE('',#12996,#12997);
#12996 = CARTESIAN_POINT('',(65.,-35.,44.5));
#12997 = VECTOR('',#12998,1.);
#12998 = DIRECTION('',(1.,0.,0.));
#12999 = ORIENTED_EDGE('',*,*,#13000,.F.);
#13000 = EDGE_CURVE('',#12984,#12993,#13001,.T.);
#13001 = LINE('',#13002,#13003);
#13002 = CARTESIAN_POINT('',(88.,-35.,19.5));
#13003 = VECTOR('',#13004,1.);
#13004 = DIRECTION('',(0.,0.,1.));
#13005 = PLANE('',#13006);
#13006 = AXIS2_PLACEMENT_3D('',#13007,#13008,#13009);
#13007 = CARTESIAN_POINT('',(65.,-35.,19.5));
#13008 = DIRECTION('',(0.,1.,0.));
#13009 = DIRECTION('',(0.,0.,1.));
#13010 = ADVANCED_FACE('',(#13011),#13029,.T.);
#13011 = FACE_BOUND('',#13012,.T.);
#13012 = EDGE_LOOP('',(#13013,#13014,#13015,#13023));
#13013 = ORIENTED_EDGE('',*,*,#12969,.F.);
#13014 = ORIENTED_EDGE('',*,*,#12992,.T.);
#13015 = ORIENTED_EDGE('',*,*,#13016,.T.);
#13016 = EDGE_CURVE('',#12993,#13017,#13019,.T.);
#13017 = VERTEX_POINT('',#13018);
#13018 = CARTESIAN_POINT('',(88.,35.,44.5));
#13019 = LINE('',#13020,#13021);
#13020 = CARTESIAN_POINT('',(88.,-35.,44.5));
#13021 = VECTOR('',#13022,1.);
#13022 = DIRECTION('',(0.,1.,0.));
#13023 = ORIENTED_EDGE('',*,*,#13024,.F.);
#13024 = EDGE_CURVE('',#12962,#13017,#13025,.T.);
#13025 = LINE('',#13026,#13027);
#13026 = CARTESIAN_POINT('',(65.,35.,44.5));
#13027 = VECTOR('',#13028,1.);
#13028 = DIRECTION('',(1.,0.,0.));
#13029 = PLANE('',#13030);
#13030 = AXIS2_PLACEMENT_3D('',#13031,#13032,#13033);
#13031 = CARTESIAN_POINT('',(65.,-35.,44.5));
#13032 = DIRECTION('',(0.,0.,1.));
#13033 = DIRECTION('',(1.,0.,0.));
#13034 = ADVANCED_FACE('',(#13035),#13053,.T.);
#13035 = FACE_BOUND('',#13036,.T.);
#13036 = EDGE_LOOP('',(#13037,#13045,#13046,#13047));
#13037 = ORIENTED_EDGE('',*,*,#13038,.F.);
#13038 = EDGE_CURVE('',#12954,#13039,#13041,.T.);
#13039 = VERTEX_POINT('',#13040);
#13040 = CARTESIAN_POINT('',(88.,35.,19.5));
#13041 = LINE('',#13042,#13043);
#13042 = CARTESIAN_POINT('',(65.,35.,19.5));
#13043 = VECTOR('',#13044,1.);
#13044 = DIRECTION('',(1.,0.,0.));
#13045 = ORIENTED_EDGE('',*,*,#12961,.T.);
#13046 = ORIENTED_EDGE('',*,*,#13024,.T.);
#13047 = ORIENTED_EDGE('',*,*,#13048,.F.);
#13048 = EDGE_CURVE('',#13039,#13017,#13049,.T.);
#13049 = LINE('',#13050,#13051);
#13050 = CARTESIAN_POINT('',(88.,35.,19.5));
#13051 = VECTOR('',#13052,1.);
#13052 = DIRECTION('',(0.,0.,1.));
#13053 = PLANE('',#13054);
#13054 = AXIS2_PLACEMENT_3D('',#13055,#13056,#13057);
#13055 = CARTESIAN_POINT('',(65.,35.,19.5));
#13056 = DIRECTION('',(0.,1.,0.));
#13057 = DIRECTION('',(0.,0.,1.));
#13058 = ADVANCED_FACE('',(#13059),#13070,.F.);
#13059 = FACE_BOUND('',#13060,.F.);
#13060 = EDGE_LOOP('',(#13061,#13062,#13063,#13069));
#13061 = ORIENTED_EDGE('',*,*,#12953,.F.);
#13062 = ORIENTED_EDGE('',*,*,#12983,.T.);
#13063 = ORIENTED_EDGE('',*,*,#13064,.T.);
#13064 = EDGE_CURVE('',#12984,#13039,#13065,.T.);
#13065 = LINE('',#13066,#13067);
#13066 = CARTESIAN_POINT('',(88.,-35.,19.5));
#13067 = VECTOR('',#13068,1.);
#13068 = DIRECTION('',(0.,1.,0.));
#13069 = ORIENTED_EDGE('',*,*,#13038,.F.);
#13070 = PLANE('',#13071);
#13071 = AXIS2_PLACEMENT_3D('',#13072,#13073,#13074);
#13072 = CARTESIAN_POINT('',(65.,-35.,19.5));
#13073 = DIRECTION('',(0.,0.,1.));
#13074 = DIRECTION('',(1.,0.,0.));
#13075 = ADVANCED_FACE('',(#13076,#13082),#13093,.T.);
#13076 = FACE_BOUND('',#13077,.T.);
#13077 = EDGE_LOOP('',(#13078,#13079,#13080,#13081));
#13078 = ORIENTED_EDGE('',*,*,#13000,.F.);
#13079 = ORIENTED_EDGE('',*,*,#13064,.T.);
#13080 = ORIENTED_EDGE('',*,*,#13048,.T.);
#13081 = ORIENTED_EDGE('',*,*,#13016,.F.);
#13082 = FACE_BOUND('',#13083,.T.);
#13083 = EDGE_LOOP('',(#13084));
#13084 = ORIENTED_EDGE('',*,*,#13085,.F.);
#13085 = EDGE_CURVE('',#13086,#13086,#13088,.T.);
#13086 = VERTEX_POINT('',#13087);
#13087 = CARTESIAN_POINT('',(88.,7.347880794884E-16,35.));
#13088 = CIRCLE('',#13089,3.);
#13089 = AXIS2_PLACEMENT_3D('',#13090,#13091,#13092);
#13090 = CARTESIAN_POINT('',(88.,0.,32.));
#13091 = DIRECTION('',(1.,0.,-0.));
#13092 = DIRECTION('',(0.,0.,1.));
#13093 = PLANE('',#13094);
#13094 = AXIS2_PLACEMENT_3D('',#13095,#13096,#13097);
#13095 = CARTESIAN_POINT('',(88.,-35.,19.5));
#13096 = DIRECTION('',(1.,0.,0.));
#13097 = DIRECTION('',(0.,0.,1.));
#13098 = ADVANCED_FACE('',(#13099),#13118,.T.);
#13099 = FACE_BOUND('',#13100,.T.);
#13100 = EDGE_LOOP('',(#13101,#13110,#13116,#13117));
#13101 = ORIENTED_EDGE('',*,*,#13102,.F.);
#13102 = EDGE_CURVE('',#13103,#13103,#13105,.T.);
#13103 = VERTEX_POINT('',#13104);
#13104 = CARTESIAN_POINT('',(106.,7.347880794884E-16,35.));
#13105 = CIRCLE('',#13106,3.);
#13106 = AXIS2_PLACEMENT_3D('',#13107,#13108,#13109);
#13107 = CARTESIAN_POINT('',(106.,0.,32.));
#13108 = DIRECTION('',(1.,0.,-0.));
#13109 = DIRECTION('',(0.,0.,1.));
#13110 = ORIENTED_EDGE('',*,*,#13111,.F.);
#13111 = EDGE_CURVE('',#13086,#13103,#13112,.T.);
#13112 = LINE('',#13113,#13114);
#13113 = CARTESIAN_POINT('',(88.,7.347880794884E-16,35.));
#13114 = VECTOR('',#13115,1.);
#13115 = DIRECTION('',(1.,0.,0.));
#13116 = ORIENTED_EDGE('',*,*,#13085,.T.);
#13117 = ORIENTED_EDGE('',*,*,#13111,.T.);
#13118 = CYLINDRICAL_SURFACE('',#13119,3.);
#13119 = AXIS2_PLACEMENT_3D('',#13120,#13121,#13122);
#13120 = CARTESIAN_POINT('',(88.,0.,32.));
#13121 = DIRECTION('',(1.,0.,0.));
#13122 = DIRECTION('',(0.,0.,1.));
#13123 = ADVANCED_FACE('',(#13124),#13127,.T.);
#13124 = FACE_BOUND('',#13125,.T.);
#13125 = EDGE_LOOP('',(#13126));
#13126 = ORIENTED_EDGE('',*,*,#13102,.T.);
#13127 = PLANE('',#13128);
#13128 = AXIS2_PLACEMENT_3D('',#13129,#13130,#13131);
#13129 = CARTESIAN_POINT('',(106.,0.,32.));
#13130 = DIRECTION('',(1.,0.,0.));
#13131 = DIRECTION('',(0.,0.,1.));
#13132 = MANIFOLD_SOLID_BREP('',#13133);
#13133 = CLOSED_SHELL('',(#13134,#13167,#13176));
#13134 = ADVANCED_FACE('',(#13135),#13162,.T.);
#13135 = FACE_BOUND('',#13136,.T.);
#13136 = EDGE_LOOP('',(#13137,#13146,#13154,#13161));
#13137 = ORIENTED_EDGE('',*,*,#13138,.F.);
#13138 = EDGE_CURVE('',#13139,#13139,#13141,.T.);
#13139 = VERTEX_POINT('',#13140);
#13140 = CARTESIAN_POINT('',(-90.5,7.960204194458E-15,64.5));
#13141 = CIRCLE('',#13142,32.5);
#13142 = AXIS2_PLACEMENT_3D('',#13143,#13144,#13145);
#13143 = CARTESIAN_POINT('',(-90.5,0.,32.));
#13144 = DIRECTION('',(1.,0.,-0.));
#13145 = DIRECTION('',(0.,0.,1.));
#13146 = ORIENTED_EDGE('',*,*,#13147,.F.);
#13147 = EDGE_CURVE('',#13148,#13139,#13150,.T.);
#13148 = VERTEX_POINT('',#13149);
#13149 = CARTESIAN_POINT('',(-103.5,7.960204194458E-15,64.5));
#13150 = LINE('',#13151,#13152);
#13151 = CARTESIAN_POINT('',(-103.5,7.960204194458E-15,64.5));
#13152 = VECTOR('',#13153,1.);
#13153 = DIRECTION('',(1.,0.,0.));
#13154 = ORIENTED_EDGE('',*,*,#13155,.T.);
#13155 = EDGE_CURVE('',#13148,#13148,#13156,.T.);
#13156 = CIRCLE('',#13157,32.5);
#13157 = AXIS2_PLACEMENT_3D('',#13158,#13159,#13160);
#13158 = CARTESIAN_POINT('',(-103.5,0.,32.));
#13159 = DIRECTION('',(1.,0.,-0.));
#13160 = DIRECTION('',(0.,0.,1.));
#13161 = ORIENTED_EDGE('',*,*,#13147,.T.);
#13162 = CYLINDRICAL_SURFACE('',#13163,32.5);
#13163 = AXIS2_PLACEMENT_3D('',#13164,#13165,#13166);
#13164 = CARTESIAN_POINT('',(-103.5,0.,32.));
#13165 = DIRECTION('',(1.,0.,0.));
#13166 = DIRECTION('',(0.,0.,1.));
#13167 = ADVANCED_FACE('',(#13168),#13171,.T.);
#13168 = FACE_BOUND('',#13169,.T.);
#13169 = EDGE_LOOP('',(#13170));
#13170 = ORIENTED_EDGE('',*,*,#13138,.T.);
#13171 = PLANE('',#13172);
#13172 = AXIS2_PLACEMENT_3D('',#13173,#13174,#13175);
#13173 = CARTESIAN_POINT('',(-90.5,0.,32.));
#13174 = DIRECTION('',(1.,0.,0.));
#13175 = DIRECTION('',(0.,0.,1.));
#13176 = ADVANCED_FACE('',(#13177),#13180,.F.);
#13177 = FACE_BOUND('',#13178,.T.);
#13178 = EDGE_LOOP('',(#13179));
#13179 = ORIENTED_EDGE('',*,*,#13155,.F.);
#13180 = PLANE('',#13181);
#13181 = AXIS2_PLACEMENT_3D('',#13182,#13183,#13184);
#13182 = CARTESIAN_POINT('',(-103.5,0.,32.));
#13183 = DIRECTION('',(1.,0.,0.));
#13184 = DIRECTION('',(0.,0.,1.));
#13185 = MANIFOLD_SOLID_BREP('',#13186);
#13186 = CLOSED_SHELL('',(#13187,#13220,#13229));
#13187 = ADVANCED_FACE('',(#13188),#13215,.T.);
#13188 = FACE_BOUND('',#13189,.T.);
#13189 = EDGE_LOOP('',(#13190,#13199,#13207,#13214));
#13190 = ORIENTED_EDGE('',*,*,#13191,.F.);
#13191 = EDGE_CURVE('',#13192,#13192,#13194,.T.);
#13192 = VERTEX_POINT('',#13193);
#13193 = CARTESIAN_POINT('',(103.5,7.960204194458E-15,64.5));
#13194 = CIRCLE('',#13195,32.5);
#13195 = AXIS2_PLACEMENT_3D('',#13196,#13197,#13198);
#13196 = CARTESIAN_POINT('',(103.5,0.,32.));
#13197 = DIRECTION('',(1.,0.,-0.));
#13198 = DIRECTION('',(0.,0.,1.));
#13199 = ORIENTED_EDGE('',*,*,#13200,.F.);
#13200 = EDGE_CURVE('',#13201,#13192,#13203,.T.);
#13201 = VERTEX_POINT('',#13202);
#13202 = CARTESIAN_POINT('',(90.5,7.960204194458E-15,64.5));
#13203 = LINE('',#13204,#13205);
#13204 = CARTESIAN_POINT('',(90.5,7.960204194458E-15,64.5));
#13205 = VECTOR('',#13206,1.);
#13206 = DIRECTION('',(1.,0.,0.));
#13207 = ORIENTED_EDGE('',*,*,#13208,.T.);
#13208 = EDGE_CURVE('',#13201,#13201,#13209,.T.);
#13209 = CIRCLE('',#13210,32.5);
#13210 = AXIS2_PLACEMENT_3D('',#13211,#13212,#13213);
#13211 = CARTESIAN_POINT('',(90.5,0.,32.));
#13212 = DIRECTION('',(1.,0.,-0.));
#13213 = DIRECTION('',(0.,0.,1.));
#13214 = ORIENTED_EDGE('',*,*,#13200,.T.);
#13215 = CYLINDRICAL_SURFACE('',#13216,32.5);
#13216 = AXIS2_PLACEMENT_3D('',#13217,#13218,#13219);
#13217 = CARTESIAN_POINT('',(90.5,0.,32.));
#13218 = DIRECTION('',(1.,0.,0.));
#13219 = DIRECTION('',(0.,0.,1.));
#13220 = ADVANCED_FACE('',(#13221),#13224,.T.);
#13221 = FACE_BOUND('',#13222,.T.);
#13222 = EDGE_LOOP('',(#13223));
#13223 = ORIENTED_EDGE('',*,*,#13191,.T.);
#13224 = PLANE('',#13225);
#13225 = AXIS2_PLACEMENT_3D('',#13226,#13227,#13228);
#13226 = CARTESIAN_POINT('',(103.5,0.,32.));
#13227 = DIRECTION('',(1.,0.,0.));
#13228 = DIRECTION('',(0.,0.,1.));
#13229 = ADVANCED_FACE('',(#13230),#13233,.F.);
#13230 = FACE_BOUND('',#13231,.T.);
#13231 = EDGE_LOOP('',(#13232));
#13232 = ORIENTED_EDGE('',*,*,#13208,.F.);
#13233 = PLANE('',#13234);
#13234 = AXIS2_PLACEMENT_3D('',#13235,#13236,#13237);
#13235 = CARTESIAN_POINT('',(90.5,0.,32.));
#13236 = DIRECTION('',(1.,0.,0.));
#13237 = DIRECTION('',(0.,0.,1.));
#13238 = MANIFOLD_SOLID_BREP('',#13239);
#13239 = CLOSED_SHELL('',(#13240));
#13240 = ADVANCED_FACE('',(#13241),#13245,.T.);
#13241 = FACE_BOUND('',#13242,.T.);
#13242 = VERTEX_LOOP('',#13243);
#13243 = VERTEX_POINT('',#13244);
#13244 = CARTESIAN_POINT('',(7.347880794884E-16,55.,0.));
#13245 = SPHERICAL_SURFACE('',#13246,12.);
#13246 = AXIS2_PLACEMENT_3D('',#13247,#13248,#13249);
#13247 = CARTESIAN_POINT('',(0.,55.,12.));
#13248 = DIRECTION('',(0.,0.,1.));
#13249 = DIRECTION('',(1.,0.,0.));
#13250 = MANIFOLD_SOLID_BREP('',#13251);
#13251 = CLOSED_SHELL('',(#13252,#13292,#13332,#13354,#13376,#13388));
#13252 = ADVANCED_FACE('',(#13253),#13287,.F.);
#13253 = FACE_BOUND('',#13254,.F.);
#13254 = EDGE_LOOP('',(#13255,#13265,#13273,#13281));
#13255 = ORIENTED_EDGE('',*,*,#13256,.F.);
#13256 = EDGE_CURVE('',#13257,#13259,#13261,.T.);
#13257 = VERTEX_POINT('',#13258);
#13258 = CARTESIAN_POINT('',(-50.,-30.,49.));
#13259 = VERTEX_POINT('',#13260);
#13260 = CARTESIAN_POINT('',(-50.,-30.,79.));
#13261 = LINE('',#13262,#13263);
#13262 = CARTESIAN_POINT('',(-50.,-30.,49.));
#13263 = VECTOR('',#13264,1.);
#13264 = DIRECTION('',(0.,0.,1.));
#13265 = ORIENTED_EDGE('',*,*,#13266,.T.);
#13266 = EDGE_CURVE('',#13257,#13267,#13269,.T.);
#13267 = VERTEX_POINT('',#13268);
#13268 = CARTESIAN_POINT('',(-50.,30.,49.));
#13269 = LINE('',#13270,#13271);
#13270 = CARTESIAN_POINT('',(-50.,-30.,49.));
#13271 = VECTOR('',#13272,1.);
#13272 = DIRECTION('',(0.,1.,0.));
#13273 = ORIENTED_EDGE('',*,*,#13274,.T.);
#13274 = EDGE_CURVE('',#13267,#13275,#13277,.T.);
#13275 = VERTEX_POINT('',#13276);
#13276 = CARTESIAN_POINT('',(-50.,30.,79.));
#13277 = LINE('',#13278,#13279);
#13278 = CARTESIAN_POINT('',(-50.,30.,49.));
#13279 = VECTOR('',#13280,1.);
#13280 = DIRECTION('',(0.,0.,1.));
#13281 = ORIENTED_EDGE('',*,*,#13282,.F.);
#13282 = EDGE_CURVE('',#13259,#13275,#13283,.T.);
#13283 = LINE('',#13284,#13285);
#13284 = CARTESIAN_POINT('',(-50.,-30.,79.));
#13285 = VECTOR('',#13286,1.);
#13286 = DIRECTION('',(0.,1.,0.));
#13287 = PLANE('',#13288);
#13288 = AXIS2_PLACEMENT_3D('',#13289,#13290,#13291);
#13289 = CARTESIAN_POINT('',(-50.,-30.,49.));
#13290 = DIRECTION('',(1.,0.,0.));
#13291 = DIRECTION('',(0.,0.,1.));
#13292 = ADVANCED_FACE('',(#13293),#13327,.T.);
#13293 = FACE_BOUND('',#13294,.T.);
#13294 = EDGE_LOOP('',(#13295,#13305,#13313,#13321));
#13295 = ORIENTED_EDGE('',*,*,#13296,.F.);
#13296 = EDGE_CURVE('',#13297,#13299,#13301,.T.);
#13297 = VERTEX_POINT('',#13298);
#13298 = CARTESIAN_POINT('',(50.,-30.,49.));
#13299 = VERTEX_POINT('',#13300);
#13300 = CARTESIAN_POINT('',(50.,-30.,79.));
#13301 = LINE('',#13302,#13303);
#13302 = CARTESIAN_POINT('',(50.,-30.,49.));
#13303 = VECTOR('',#13304,1.);
#13304 = DIRECTION('',(0.,0.,1.));
#13305 = ORIENTED_EDGE('',*,*,#13306,.T.);
#13306 = EDGE_CURVE('',#13297,#13307,#13309,.T.);
#13307 = VERTEX_POINT('',#13308);
#13308 = CARTESIAN_POINT('',(50.,30.,49.));
#13309 = LINE('',#13310,#13311);
#13310 = CARTESIAN_POINT('',(50.,-30.,49.));
#13311 = VECTOR('',#13312,1.);
#13312 = DIRECTION('',(0.,1.,0.));
#13313 = ORIENTED_EDGE('',*,*,#13314,.T.);
#13314 = EDGE_CURVE('',#13307,#13315,#13317,.T.);
#13315 = VERTEX_POINT('',#13316);
#13316 = CARTESIAN_POINT('',(50.,30.,79.));
#13317 = LINE('',#13318,#13319);
#13318 = CARTESIAN_POINT('',(50.,30.,49.));
#13319 = VECTOR('',#13320,1.);
#13320 = DIRECTION('',(0.,0.,1.));
#13321 = ORIENTED_EDGE('',*,*,#13322,.F.);
#13322 = EDGE_CURVE('',#13299,#13315,#13323,.T.);
#13323 = LINE('',#13324,#13325);
#13324 = CARTESIAN_POINT('',(50.,-30.,79.));
#13325 = VECTOR('',#13326,1.);
#13326 = DIRECTION('',(0.,1.,0.));
#13327 = PLANE('',#13328);
#13328 = AXIS2_PLACEMENT_3D('',#13329,#13330,#13331);
#13329 = CARTESIAN_POINT('',(50.,-30.,49.));
#13330 = DIRECTION('',(1.,0.,0.));
#13331 = DIRECTION('',(0.,0.,1.));
#13332 = ADVANCED_FACE('',(#13333),#13349,.F.);
#13333 = FACE_BOUND('',#13334,.F.);
#13334 = EDGE_LOOP('',(#13335,#13341,#13342,#13348));
#13335 = ORIENTED_EDGE('',*,*,#13336,.F.);
#13336 = EDGE_CURVE('',#13257,#13297,#13337,.T.);
#13337 = LINE('',#13338,#13339);
#13338 = CARTESIAN_POINT('',(-50.,-30.,49.));
#13339 = VECTOR('',#13340,1.);
#13340 = DIRECTION('',(1.,0.,0.));
#13341 = ORIENTED_EDGE('',*,*,#13256,.T.);
#13342 = ORIENTED_EDGE('',*,*,#13343,.T.);
#13343 = EDGE_CURVE('',#13259,#13299,#13344,.T.);
#13344 = LINE('',#13345,#13346);
#13345 = CARTESIAN_POINT('',(-50.,-30.,79.));
#13346 = VECTOR('',#13347,1.);
#13347 = DIRECTION('',(1.,0.,0.));
#13348 = ORIENTED_EDGE('',*,*,#13296,.F.);
#13349 = PLANE('',#13350);
#13350 = AXIS2_PLACEMENT_3D('',#13351,#13352,#13353);
#13351 = CARTESIAN_POINT('',(-50.,-30.,49.));
#13352 = DIRECTION('',(0.,1.,0.));
#13353 = DIRECTION('',(0.,0.,1.));
#13354 = ADVANCED_FACE('',(#13355),#13371,.T.);
#13355 = FACE_BOUND('',#13356,.T.);
#13356 = EDGE_LOOP('',(#13357,#13363,#13364,#13370));
#13357 = ORIENTED_EDGE('',*,*,#13358,.F.);
#13358 = EDGE_CURVE('',#13267,#13307,#13359,.T.);
#13359 = LINE('',#13360,#13361);
#13360 = CARTESIAN_POINT('',(-50.,30.,49.));
#13361 = VECTOR('',#13362,1.);
#13362 = DIRECTION('',(1.,0.,0.));
#13363 = ORIENTED_EDGE('',*,*,#13274,.T.);
#13364 = ORIENTED_EDGE('',*,*,#13365,.T.);
#13365 = EDGE_CURVE('',#13275,#13315,#13366,.T.);
#13366 = LINE('',#13367,#13368);
#13367 = CARTESIAN_POINT('',(-50.,30.,79.));
#13368 = VECTOR('',#13369,1.);
#13369 = DIRECTION('',(1.,0.,0.));
#13370 = ORIENTED_EDGE('',*,*,#13314,.F.);
#13371 = PLANE('',#13372);
#13372 = AXIS2_PLACEMENT_3D('',#13373,#13374,#13375);
#13373 = CARTESIAN_POINT('',(-50.,30.,49.));
#13374 = DIRECTION('',(0.,1.,0.));
#13375 = DIRECTION('',(0.,0.,1.));
#13376 = ADVANCED_FACE('',(#13377),#13383,.F.);
#13377 = FACE_BOUND('',#13378,.F.);
#13378 = EDGE_LOOP('',(#13379,#13380,#13381,#13382));
#13379 = ORIENTED_EDGE('',*,*,#13266,.F.);
#13380 = ORIENTED_EDGE('',*,*,#13336,.T.);
#13381 = ORIENTED_EDGE('',*,*,#13306,.T.);
#13382 = ORIENTED_EDGE('',*,*,#13358,.F.);
#13383 = PLANE('',#13384);
#13384 = AXIS2_PLACEMENT_3D('',#13385,#13386,#13387);
#13385 = CARTESIAN_POINT('',(-50.,-30.,49.));
#13386 = DIRECTION('',(0.,0.,1.));
#13387 = DIRECTION('',(1.,0.,0.));
#13388 = ADVANCED_FACE('',(#13389),#13395,.T.);
#13389 = FACE_BOUND('',#13390,.T.);
#13390 = EDGE_LOOP('',(#13391,#13392,#13393,#13394));
#13391 = ORIENTED_EDGE('',*,*,#13282,.F.);
#13392 = ORIENTED_EDGE('',*,*,#13343,.T.);
#13393 = ORIENTED_EDGE('',*,*,#13322,.T.);
#13394 = ORIENTED_EDGE('',*,*,#13365,.F.);
#13395 = PLANE('',#13396);
#13396 = AXIS2_PLACEMENT_3D('',#13397,#13398,#13399);
#13397 = CARTESIAN_POINT('',(-50.,-30.,79.));
#13398 = DIRECTION('',(0.,0.,1.));
#13399 = DIRECTION('',(1.,0.,0.));
#13400 = MANIFOLD_SOLID_BREP('',#13401);
#13401 = CLOSED_SHELL('',(#13402,#13442,#13482,#13504,#13526,#13538));
#13402 = ADVANCED_FACE('',(#13403),#13437,.F.);
#13403 = FACE_BOUND('',#13404,.F.);
#13404 = EDGE_LOOP('',(#13405,#13415,#13423,#13431));
#13405 = ORIENTED_EDGE('',*,*,#13406,.F.);
#13406 = EDGE_CURVE('',#13407,#13409,#13411,.T.);
#13407 = VERTEX_POINT('',#13408);
#13408 = CARTESIAN_POINT('',(-11.5,-52.,202.));
#13409 = VERTEX_POINT('',#13410);
#13410 = CARTESIAN_POINT('',(-11.5,-52.,231.));
#13411 = LINE('',#13412,#13413);
#13412 = CARTESIAN_POINT('',(-11.5,-52.,202.));
#13413 = VECTOR('',#13414,1.);
#13414 = DIRECTION('',(0.,0.,1.));
#13415 = ORIENTED_EDGE('',*,*,#13416,.T.);
#13416 = EDGE_CURVE('',#13407,#13417,#13419,.T.);
#13417 = VERTEX_POINT('',#13418);
#13418 = CARTESIAN_POINT('',(-11.5,-39.8,202.));
#13419 = LINE('',#13420,#13421);
#13420 = CARTESIAN_POINT('',(-11.5,-52.,202.));
#13421 = VECTOR('',#13422,1.);
#13422 = DIRECTION('',(0.,1.,0.));
#13423 = ORIENTED_EDGE('',*,*,#13424,.T.);
#13424 = EDGE_CURVE('',#13417,#13425,#13427,.T.);
#13425 = VERTEX_POINT('',#13426);
#13426 = CARTESIAN_POINT('',(-11.5,-39.8,231.));
#13427 = LINE('',#13428,#13429);
#13428 = CARTESIAN_POINT('',(-11.5,-39.8,202.));
#13429 = VECTOR('',#13430,1.);
#13430 = DIRECTION('',(0.,0.,1.));
#13431 = ORIENTED_EDGE('',*,*,#13432,.F.);
#13432 = EDGE_CURVE('',#13409,#13425,#13433,.T.);
#13433 = LINE('',#13434,#13435);
#13434 = CARTESIAN_POINT('',(-11.5,-52.,231.));
#13435 = VECTOR('',#13436,1.);
#13436 = DIRECTION('',(0.,1.,0.));
#13437 = PLANE('',#13438);
#13438 = AXIS2_PLACEMENT_3D('',#13439,#13440,#13441);
#13439 = CARTESIAN_POINT('',(-11.5,-52.,202.));
#13440 = DIRECTION('',(1.,0.,0.));
#13441 = DIRECTION('',(0.,0.,1.));
#13442 = ADVANCED_FACE('',(#13443),#13477,.T.);
#13443 = FACE_BOUND('',#13444,.T.);
#13444 = EDGE_LOOP('',(#13445,#13455,#13463,#13471));
#13445 = ORIENTED_EDGE('',*,*,#13446,.F.);
#13446 = EDGE_CURVE('',#13447,#13449,#13451,.T.);
#13447 = VERTEX_POINT('',#13448);
#13448 = CARTESIAN_POINT('',(11.5,-52.,202.));
#13449 = VERTEX_POINT('',#13450);
#13450 = CARTESIAN_POINT('',(11.5,-52.,231.));
#13451 = LINE('',#13452,#13453);
#13452 = CARTESIAN_POINT('',(11.5,-52.,202.));
#13453 = VECTOR('',#13454,1.);
#13454 = DIRECTION('',(0.,0.,1.));
#13455 = ORIENTED_EDGE('',*,*,#13456,.T.);
#13456 = EDGE_CURVE('',#13447,#13457,#13459,.T.);
#13457 = VERTEX_POINT('',#13458);
#13458 = CARTESIAN_POINT('',(11.5,-39.8,202.));
#13459 = LINE('',#13460,#13461);
#13460 = CARTESIAN_POINT('',(11.5,-52.,202.));
#13461 = VECTOR('',#13462,1.);
#13462 = DIRECTION('',(0.,1.,0.));
#13463 = ORIENTED_EDGE('',*,*,#13464,.T.);
#13464 = EDGE_CURVE('',#13457,#13465,#13467,.T.);
#13465 = VERTEX_POINT('',#13466);
#13466 = CARTESIAN_POINT('',(11.5,-39.8,231.));
#13467 = LINE('',#13468,#13469);
#13468 = CARTESIAN_POINT('',(11.5,-39.8,202.));
#13469 = VECTOR('',#13470,1.);
#13470 = DIRECTION('',(0.,0.,1.));
#13471 = ORIENTED_EDGE('',*,*,#13472,.F.);
#13472 = EDGE_CURVE('',#13449,#13465,#13473,.T.);
#13473 = LINE('',#13474,#13475);
#13474 = CARTESIAN_POINT('',(11.5,-52.,231.));
#13475 = VECTOR('',#13476,1.);
#13476 = DIRECTION('',(0.,1.,0.));
#13477 = PLANE('',#13478);
#13478 = AXIS2_PLACEMENT_3D('',#13479,#13480,#13481);
#13479 = CARTESIAN_POINT('',(11.5,-52.,202.));
#13480 = DIRECTION('',(1.,0.,0.));
#13481 = DIRECTION('',(0.,0.,1.));
#13482 = ADVANCED_FACE('',(#13483),#13499,.F.);
#13483 = FACE_BOUND('',#13484,.F.);
#13484 = EDGE_LOOP('',(#13485,#13491,#13492,#13498));
#13485 = ORIENTED_EDGE('',*,*,#13486,.F.);
#13486 = EDGE_CURVE('',#13407,#13447,#13487,.T.);
#13487 = LINE('',#13488,#13489);
#13488 = CARTESIAN_POINT('',(-11.5,-52.,202.));
#13489 = VECTOR('',#13490,1.);
#13490 = DIRECTION('',(1.,0.,0.));
#13491 = ORIENTED_EDGE('',*,*,#13406,.T.);
#13492 = ORIENTED_EDGE('',*,*,#13493,.T.);
#13493 = EDGE_CURVE('',#13409,#13449,#13494,.T.);
#13494 = LINE('',#13495,#13496);
#13495 = CARTESIAN_POINT('',(-11.5,-52.,231.));
#13496 = VECTOR('',#13497,1.);
#13497 = DIRECTION('',(1.,0.,0.));
#13498 = ORIENTED_EDGE('',*,*,#13446,.F.);
#13499 = PLANE('',#13500);
#13500 = AXIS2_PLACEMENT_3D('',#13501,#13502,#13503);
#13501 = CARTESIAN_POINT('',(-11.5,-52.,202.));
#13502 = DIRECTION('',(0.,1.,0.));
#13503 = DIRECTION('',(0.,0.,1.));
#13504 = ADVANCED_FACE('',(#13505),#13521,.T.);
#13505 = FACE_BOUND('',#13506,.T.);
#13506 = EDGE_LOOP('',(#13507,#13513,#13514,#13520));
#13507 = ORIENTED_EDGE('',*,*,#13508,.F.);
#13508 = EDGE_CURVE('',#13417,#13457,#13509,.T.);
#13509 = LINE('',#13510,#13511);
#13510 = CARTESIAN_POINT('',(-11.5,-39.8,202.));
#13511 = VECTOR('',#13512,1.);
#13512 = DIRECTION('',(1.,0.,0.));
#13513 = ORIENTED_EDGE('',*,*,#13424,.T.);
#13514 = ORIENTED_EDGE('',*,*,#13515,.T.);
#13515 = EDGE_CURVE('',#13425,#13465,#13516,.T.);
#13516 = LINE('',#13517,#13518);
#13517 = CARTESIAN_POINT('',(-11.5,-39.8,231.));
#13518 = VECTOR('',#13519,1.);
#13519 = DIRECTION('',(1.,0.,0.));
#13520 = ORIENTED_EDGE('',*,*,#13464,.F.);
#13521 = PLANE('',#13522);
#13522 = AXIS2_PLACEMENT_3D('',#13523,#13524,#13525);
#13523 = CARTESIAN_POINT('',(-11.5,-39.8,202.));
#13524 = DIRECTION('',(0.,1.,0.));
#13525 = DIRECTION('',(0.,0.,1.));
#13526 = ADVANCED_FACE('',(#13527),#13533,.F.);
#13527 = FACE_BOUND('',#13528,.F.);
#13528 = EDGE_LOOP('',(#13529,#13530,#13531,#13532));
#13529 = ORIENTED_EDGE('',*,*,#13416,.F.);
#13530 = ORIENTED_EDGE('',*,*,#13486,.T.);
#13531 = ORIENTED_EDGE('',*,*,#13456,.T.);
#13532 = ORIENTED_EDGE('',*,*,#13508,.F.);
#13533 = PLANE('',#13534);
#13534 = AXIS2_PLACEMENT_3D('',#13535,#13536,#13537);
#13535 = CARTESIAN_POINT('',(-11.5,-52.,202.));
#13536 = DIRECTION('',(0.,0.,1.));
#13537 = DIRECTION('',(1.,0.,0.));
#13538 = ADVANCED_FACE('',(#13539),#13545,.T.);
#13539 = FACE_BOUND('',#13540,.T.);
#13540 = EDGE_LOOP('',(#13541,#13542,#13543,#13544));
#13541 = ORIENTED_EDGE('',*,*,#13432,.F.);
#13542 = ORIENTED_EDGE('',*,*,#13493,.T.);
#13543 = ORIENTED_EDGE('',*,*,#13472,.T.);
#13544 = ORIENTED_EDGE('',*,*,#13515,.F.);
#13545 = PLANE('',#13546);
#13546 = AXIS2_PLACEMENT_3D('',#13547,#13548,#13549);
#13547 = CARTESIAN_POINT('',(-11.5,-52.,231.));
#13548 = DIRECTION('',(0.,0.,1.));
#13549 = DIRECTION('',(1.,0.,0.));
#13550 = MANIFOLD_SOLID_BREP('',#13551);
#13551 = CLOSED_SHELL('',(#13552,#13592,#13632,#13654,#13676,#13688));
#13552 = ADVANCED_FACE('',(#13553),#13587,.F.);
#13553 = FACE_BOUND('',#13554,.F.);
#13554 = EDGE_LOOP('',(#13555,#13565,#13573,#13581));
#13555 = ORIENTED_EDGE('',*,*,#13556,.F.);
#13556 = EDGE_CURVE('',#13557,#13559,#13561,.T.);
#13557 = VERTEX_POINT('',#13558);
#13558 = CARTESIAN_POINT('',(-16.,-52.,218.));
#13559 = VERTEX_POINT('',#13560);
#13560 = CARTESIAN_POINT('',(-16.,-52.,220.));
#13561 = LINE('',#13562,#13563);
#13562 = CARTESIAN_POINT('',(-16.,-52.,218.));
#13563 = VECTOR('',#13564,1.);
#13564 = DIRECTION('',(0.,0.,1.));
#13565 = ORIENTED_EDGE('',*,*,#13566,.T.);
#13566 = EDGE_CURVE('',#13557,#13567,#13569,.T.);
#13567 = VERTEX_POINT('',#13568);
#13568 = CARTESIAN_POINT('',(-16.,-39.8,218.));
#13569 = LINE('',#13570,#13571);
#13570 = CARTESIAN_POINT('',(-16.,-52.,218.));
#13571 = VECTOR('',#13572,1.);
#13572 = DIRECTION('',(0.,1.,0.));
#13573 = ORIENTED_EDGE('',*,*,#13574,.T.);
#13574 = EDGE_CURVE('',#13567,#13575,#13577,.T.);
#13575 = VERTEX_POINT('',#13576);
#13576 = CARTESIAN_POINT('',(-16.,-39.8,220.));
#13577 = LINE('',#13578,#13579);
#13578 = CARTESIAN_POINT('',(-16.,-39.8,218.));
#13579 = VECTOR('',#13580,1.);
#13580 = DIRECTION('',(0.,0.,1.));
#13581 = ORIENTED_EDGE('',*,*,#13582,.F.);
#13582 = EDGE_CURVE('',#13559,#13575,#13583,.T.);
#13583 = LINE('',#13584,#13585);
#13584 = CARTESIAN_POINT('',(-16.,-52.,220.));
#13585 = VECTOR('',#13586,1.);
#13586 = DIRECTION('',(0.,1.,0.));
#13587 = PLANE('',#13588);
#13588 = AXIS2_PLACEMENT_3D('',#13589,#13590,#13591);
#13589 = CARTESIAN_POINT('',(-16.,-52.,218.));
#13590 = DIRECTION('',(1.,0.,0.));
#13591 = DIRECTION('',(0.,0.,1.));
#13592 = ADVANCED_FACE('',(#13593),#13627,.T.);
#13593 = FACE_BOUND('',#13594,.T.);
#13594 = EDGE_LOOP('',(#13595,#13605,#13613,#13621));
#13595 = ORIENTED_EDGE('',*,*,#13596,.F.);
#13596 = EDGE_CURVE('',#13597,#13599,#13601,.T.);
#13597 = VERTEX_POINT('',#13598);
#13598 = CARTESIAN_POINT('',(16.,-52.,218.));
#13599 = VERTEX_POINT('',#13600);
#13600 = CARTESIAN_POINT('',(16.,-52.,220.));
#13601 = LINE('',#13602,#13603);
#13602 = CARTESIAN_POINT('',(16.,-52.,218.));
#13603 = VECTOR('',#13604,1.);
#13604 = DIRECTION('',(0.,0.,1.));
#13605 = ORIENTED_EDGE('',*,*,#13606,.T.);
#13606 = EDGE_CURVE('',#13597,#13607,#13609,.T.);
#13607 = VERTEX_POINT('',#13608);
#13608 = CARTESIAN_POINT('',(16.,-39.8,218.));
#13609 = LINE('',#13610,#13611);
#13610 = CARTESIAN_POINT('',(16.,-52.,218.));
#13611 = VECTOR('',#13612,1.);
#13612 = DIRECTION('',(0.,1.,0.));
#13613 = ORIENTED_EDGE('',*,*,#13614,.T.);
#13614 = EDGE_CURVE('',#13607,#13615,#13617,.T.);
#13615 = VERTEX_POINT('',#13616);
#13616 = CARTESIAN_POINT('',(16.,-39.8,220.));
#13617 = LINE('',#13618,#13619);
#13618 = CARTESIAN_POINT('',(16.,-39.8,218.));
#13619 = VECTOR('',#13620,1.);
#13620 = DIRECTION('',(0.,0.,1.));
#13621 = ORIENTED_EDGE('',*,*,#13622,.F.);
#13622 = EDGE_CURVE('',#13599,#13615,#13623,.T.);
#13623 = LINE('',#13624,#13625);
#13624 = CARTESIAN_POINT('',(16.,-52.,220.));
#13625 = VECTOR('',#13626,1.);
#13626 = DIRECTION('',(0.,1.,0.));
#13627 = PLANE('',#13628);
#13628 = AXIS2_PLACEMENT_3D('',#13629,#13630,#13631);
#13629 = CARTESIAN_POINT('',(16.,-52.,218.));
#13630 = DIRECTION('',(1.,0.,0.));
#13631 = DIRECTION('',(0.,0.,1.));
#13632 = ADVANCED_FACE('',(#13633),#13649,.F.);
#13633 = FACE_BOUND('',#13634,.F.);
#13634 = EDGE_LOOP('',(#13635,#13641,#13642,#13648));
#13635 = ORIENTED_EDGE('',*,*,#13636,.F.);
#13636 = EDGE_CURVE('',#13557,#13597,#13637,.T.);
#13637 = LINE('',#13638,#13639);
#13638 = CARTESIAN_POINT('',(-16.,-52.,218.));
#13639 = VECTOR('',#13640,1.);
#13640 = DIRECTION('',(1.,0.,0.));
#13641 = ORIENTED_EDGE('',*,*,#13556,.T.);
#13642 = ORIENTED_EDGE('',*,*,#13643,.T.);
#13643 = EDGE_CURVE('',#13559,#13599,#13644,.T.);
#13644 = LINE('',#13645,#13646);
#13645 = CARTESIAN_POINT('',(-16.,-52.,220.));
#13646 = VECTOR('',#13647,1.);
#13647 = DIRECTION('',(1.,0.,0.));
#13648 = ORIENTED_EDGE('',*,*,#13596,.F.);
#13649 = PLANE('',#13650);
#13650 = AXIS2_PLACEMENT_3D('',#13651,#13652,#13653);
#13651 = CARTESIAN_POINT('',(-16.,-52.,218.));
#13652 = DIRECTION('',(0.,1.,0.));
#13653 = DIRECTION('',(0.,0.,1.));
#13654 = ADVANCED_FACE('',(#13655),#13671,.T.);
#13655 = FACE_BOUND('',#13656,.T.);
#13656 = EDGE_LOOP('',(#13657,#13663,#13664,#13670));
#13657 = ORIENTED_EDGE('',*,*,#13658,.F.);
#13658 = EDGE_CURVE('',#13567,#13607,#13659,.T.);
#13659 = LINE('',#13660,#13661);
#13660 = CARTESIAN_POINT('',(-16.,-39.8,218.));
#13661 = VECTOR('',#13662,1.);
#13662 = DIRECTION('',(1.,0.,0.));
#13663 = ORIENTED_EDGE('',*,*,#13574,.T.);
#13664 = ORIENTED_EDGE('',*,*,#13665,.T.);
#13665 = EDGE_CURVE('',#13575,#13615,#13666,.T.);
#13666 = LINE('',#13667,#13668);
#13667 = CARTESIAN_POINT('',(-16.,-39.8,220.));
#13668 = VECTOR('',#13669,1.);
#13669 = DIRECTION('',(1.,0.,0.));
#13670 = ORIENTED_EDGE('',*,*,#13614,.F.);
#13671 = PLANE('',#13672);
#13672 = AXIS2_PLACEMENT_3D('',#13673,#13674,#13675);
#13673 = CARTESIAN_POINT('',(-16.,-39.8,218.));
#13674 = DIRECTION('',(0.,1.,0.));
#13675 = DIRECTION('',(0.,0.,1.));
#13676 = ADVANCED_FACE('',(#13677),#13683,.F.);
#13677 = FACE_BOUND('',#13678,.F.);
#13678 = EDGE_LOOP('',(#13679,#13680,#13681,#13682));
#13679 = ORIENTED_EDGE('',*,*,#13566,.F.);
#13680 = ORIENTED_EDGE('',*,*,#13636,.T.);
#13681 = ORIENTED_EDGE('',*,*,#13606,.T.);
#13682 = ORIENTED_EDGE('',*,*,#13658,.F.);
#13683 = PLANE('',#13684);
#13684 = AXIS2_PLACEMENT_3D('',#13685,#13686,#13687);
#13685 = CARTESIAN_POINT('',(-16.,-52.,218.));
#13686 = DIRECTION('',(0.,0.,1.));
#13687 = DIRECTION('',(1.,0.,0.));
#13688 = ADVANCED_FACE('',(#13689),#13695,.T.);
#13689 = FACE_BOUND('',#13690,.T.);
#13690 = EDGE_LOOP('',(#13691,#13692,#13693,#13694));
#13691 = ORIENTED_EDGE('',*,*,#13582,.F.);
#13692 = ORIENTED_EDGE('',*,*,#13643,.T.);
#13693 = ORIENTED_EDGE('',*,*,#13622,.T.);
#13694 = ORIENTED_EDGE('',*,*,#13665,.F.);
#13695 = PLANE('',#13696);
#13696 = AXIS2_PLACEMENT_3D('',#13697,#13698,#13699);
#13697 = CARTESIAN_POINT('',(-16.,-52.,220.));
#13698 = DIRECTION('',(0.,0.,1.));
#13699 = DIRECTION('',(1.,0.,0.));
#13700 = MANIFOLD_SOLID_BREP('',#13701);
#13701 = CLOSED_SHELL('',(#13702,#13735,#13744));
#13702 = ADVANCED_FACE('',(#13703),#13730,.T.);
#13703 = FACE_BOUND('',#13704,.T.);
#13704 = EDGE_LOOP('',(#13705,#13714,#13722,#13729));
#13705 = ORIENTED_EDGE('',*,*,#13706,.F.);
#13706 = EDGE_CURVE('',#13707,#13707,#13709,.T.);
#13707 = VERTEX_POINT('',#13708);
#13708 = CARTESIAN_POINT('',(13.,-45.9,233.));
#13709 = CIRCLE('',#13710,13.);
#13710 = AXIS2_PLACEMENT_3D('',#13711,#13712,#13713);
#13711 = CARTESIAN_POINT('',(0.,-45.9,233.));
#13712 = DIRECTION('',(0.,0.,1.));
#13713 = DIRECTION('',(1.,0.,0.));
#13714 = ORIENTED_EDGE('',*,*,#13715,.F.);
#13715 = EDGE_CURVE('',#13716,#13707,#13718,.T.);
#13716 = VERTEX_POINT('',#13717);
#13717 = CARTESIAN_POINT('',(13.,-45.9,231.));
#13718 = LINE('',#13719,#13720);
#13719 = CARTESIAN_POINT('',(13.,-45.9,231.));
#13720 = VECTOR('',#13721,1.);
#13721 = DIRECTION('',(0.,0.,1.));
#13722 = ORIENTED_EDGE('',*,*,#13723,.T.);
#13723 = EDGE_CURVE('',#13716,#13716,#13724,.T.);
#13724 = CIRCLE('',#13725,13.);
#13725 = AXIS2_PLACEMENT_3D('',#13726,#13727,#13728);
#13726 = CARTESIAN_POINT('',(0.,-45.9,231.));
#13727 = DIRECTION('',(0.,0.,1.));
#13728 = DIRECTION('',(1.,0.,0.));
#13729 = ORIENTED_EDGE('',*,*,#13715,.T.);
#13730 = CYLINDRICAL_SURFACE('',#13731,13.);
#13731 = AXIS2_PLACEMENT_3D('',#13732,#13733,#13734);
#13732 = CARTESIAN_POINT('',(0.,-45.9,231.));
#13733 = DIRECTION('',(0.,0.,1.));
#13734 = DIRECTION('',(1.,0.,0.));
#13735 = ADVANCED_FACE('',(#13736),#13739,.T.);
#13736 = FACE_BOUND('',#13737,.T.);
#13737 = EDGE_LOOP('',(#13738));
#13738 = ORIENTED_EDGE('',*,*,#13706,.T.);
#13739 = PLANE('',#13740);
#13740 = AXIS2_PLACEMENT_3D('',#13741,#13742,#13743);
#13741 = CARTESIAN_POINT('',(0.,-45.9,233.));
#13742 = DIRECTION('',(0.,0.,1.));
#13743 = DIRECTION('',(1.,0.,0.));
#13744 = ADVANCED_FACE('',(#13745),#13748,.F.);
#13745 = FACE_BOUND('',#13746,.T.);
#13746 = EDGE_LOOP('',(#13747));
#13747 = ORIENTED_EDGE('',*,*,#13723,.F.);
#13748 = PLANE('',#13749);
#13749 = AXIS2_PLACEMENT_3D('',#13750,#13751,#13752);
#13750 = CARTESIAN_POINT('',(0.,-45.9,231.));
#13751 = DIRECTION('',(0.,0.,1.));
#13752 = DIRECTION('',(1.,0.,0.));
#13753 = MANIFOLD_SOLID_BREP('',#13754);
#13754 = CLOSED_SHELL('',(#13755,#13795,#13835,#13857,#13879,#13891));
#13755 = ADVANCED_FACE('',(#13756),#13790,.F.);
#13756 = FACE_BOUND('',#13757,.F.);
#13757 = EDGE_LOOP('',(#13758,#13768,#13776,#13784));
#13758 = ORIENTED_EDGE('',*,*,#13759,.F.);
#13759 = EDGE_CURVE('',#13760,#13762,#13764,.T.);
#13760 = VERTEX_POINT('',#13761);
#13761 = CARTESIAN_POINT('',(-59.2,-58.,246.));
#13762 = VERTEX_POINT('',#13763);
#13763 = CARTESIAN_POINT('',(-59.2,-58.,275.));
#13764 = LINE('',#13765,#13766);
#13765 = CARTESIAN_POINT('',(-59.2,-58.,246.));
#13766 = VECTOR('',#13767,1.);
#13767 = DIRECTION('',(0.,0.,1.));
#13768 = ORIENTED_EDGE('',*,*,#13769,.T.);
#13769 = EDGE_CURVE('',#13760,#13770,#13772,.T.);
#13770 = VERTEX_POINT('',#13771);
#13771 = CARTESIAN_POINT('',(-59.2,-35.,246.));
#13772 = LINE('',#13773,#13774);
#13773 = CARTESIAN_POINT('',(-59.2,-58.,246.));
#13774 = VECTOR('',#13775,1.);
#13775 = DIRECTION('',(0.,1.,0.));
#13776 = ORIENTED_EDGE('',*,*,#13777,.T.);
#13777 = EDGE_CURVE('',#13770,#13778,#13780,.T.);
#13778 = VERTEX_POINT('',#13779);
#13779 = CARTESIAN_POINT('',(-59.2,-35.,275.));
#13780 = LINE('',#13781,#13782);
#13781 = CARTESIAN_POINT('',(-59.2,-35.,246.));
#13782 = VECTOR('',#13783,1.);
#13783 = DIRECTION('',(0.,0.,1.));
#13784 = ORIENTED_EDGE('',*,*,#13785,.F.);
#13785 = EDGE_CURVE('',#13762,#13778,#13786,.T.);
#13786 = LINE('',#13787,#13788);
#13787 = CARTESIAN_POINT('',(-59.2,-58.,275.));
#13788 = VECTOR('',#13789,1.);
#13789 = DIRECTION('',(0.,1.,0.));
#13790 = PLANE('',#13791);
#13791 = AXIS2_PLACEMENT_3D('',#13792,#13793,#13794);
#13792 = CARTESIAN_POINT('',(-59.2,-58.,246.));
#13793 = DIRECTION('',(1.,0.,0.));
#13794 = DIRECTION('',(0.,0.,1.));
#13795 = ADVANCED_FACE('',(#13796),#13830,.T.);
#13796 = FACE_BOUND('',#13797,.T.);
#13797 = EDGE_LOOP('',(#13798,#13808,#13816,#13824));
#13798 = ORIENTED_EDGE('',*,*,#13799,.F.);
#13799 = EDGE_CURVE('',#13800,#13802,#13804,.T.);
#13800 = VERTEX_POINT('',#13801);
#13801 = CARTESIAN_POINT('',(-47.,-58.,246.));
#13802 = VERTEX_POINT('',#13803);
#13803 = CARTESIAN_POINT('',(-47.,-58.,275.));
#13804 = LINE('',#13805,#13806);
#13805 = CARTESIAN_POINT('',(-47.,-58.,246.));
#13806 = VECTOR('',#13807,1.);
#13807 = DIRECTION('',(0.,0.,1.));
#13808 = ORIENTED_EDGE('',*,*,#13809,.T.);
#13809 = EDGE_CURVE('',#13800,#13810,#13812,.T.);
#13810 = VERTEX_POINT('',#13811);
#13811 = CARTESIAN_POINT('',(-47.,-35.,246.));
#13812 = LINE('',#13813,#13814);
#13813 = CARTESIAN_POINT('',(-47.,-58.,246.));
#13814 = VECTOR('',#13815,1.);
#13815 = DIRECTION('',(0.,1.,0.));
#13816 = ORIENTED_EDGE('',*,*,#13817,.T.);
#13817 = EDGE_CURVE('',#13810,#13818,#13820,.T.);
#13818 = VERTEX_POINT('',#13819);
#13819 = CARTESIAN_POINT('',(-47.,-35.,275.));
#13820 = LINE('',#13821,#13822);
#13821 = CARTESIAN_POINT('',(-47.,-35.,246.));
#13822 = VECTOR('',#13823,1.);
#13823 = DIRECTION('',(0.,0.,1.));
#13824 = ORIENTED_EDGE('',*,*,#13825,.F.);
#13825 = EDGE_CURVE('',#13802,#13818,#13826,.T.);
#13826 = LINE('',#13827,#13828);
#13827 = CARTESIAN_POINT('',(-47.,-58.,275.));
#13828 = VECTOR('',#13829,1.);
#13829 = DIRECTION('',(0.,1.,0.));
#13830 = PLANE('',#13831);
#13831 = AXIS2_PLACEMENT_3D('',#13832,#13833,#13834);
#13832 = CARTESIAN_POINT('',(-47.,-58.,246.));
#13833 = DIRECTION('',(1.,0.,0.));
#13834 = DIRECTION('',(0.,0.,1.));
#13835 = ADVANCED_FACE('',(#13836),#13852,.F.);
#13836 = FACE_BOUND('',#13837,.F.);
#13837 = EDGE_LOOP('',(#13838,#13844,#13845,#13851));
#13838 = ORIENTED_EDGE('',*,*,#13839,.F.);
#13839 = EDGE_CURVE('',#13760,#13800,#13840,.T.);
#13840 = LINE('',#13841,#13842);
#13841 = CARTESIAN_POINT('',(-59.2,-58.,246.));
#13842 = VECTOR('',#13843,1.);
#13843 = DIRECTION('',(1.,0.,0.));
#13844 = ORIENTED_EDGE('',*,*,#13759,.T.);
#13845 = ORIENTED_EDGE('',*,*,#13846,.T.);
#13846 = EDGE_CURVE('',#13762,#13802,#13847,.T.);
#13847 = LINE('',#13848,#13849);
#13848 = CARTESIAN_POINT('',(-59.2,-58.,275.));
#13849 = VECTOR('',#13850,1.);
#13850 = DIRECTION('',(1.,0.,0.));
#13851 = ORIENTED_EDGE('',*,*,#13799,.F.);
#13852 = PLANE('',#13853);
#13853 = AXIS2_PLACEMENT_3D('',#13854,#13855,#13856);
#13854 = CARTESIAN_POINT('',(-59.2,-58.,246.));
#13855 = DIRECTION('',(0.,1.,0.));
#13856 = DIRECTION('',(0.,0.,1.));
#13857 = ADVANCED_FACE('',(#13858),#13874,.T.);
#13858 = FACE_BOUND('',#13859,.T.);
#13859 = EDGE_LOOP('',(#13860,#13866,#13867,#13873));
#13860 = ORIENTED_EDGE('',*,*,#13861,.F.);
#13861 = EDGE_CURVE('',#13770,#13810,#13862,.T.);
#13862 = LINE('',#13863,#13864);
#13863 = CARTESIAN_POINT('',(-59.2,-35.,246.));
#13864 = VECTOR('',#13865,1.);
#13865 = DIRECTION('',(1.,0.,0.));
#13866 = ORIENTED_EDGE('',*,*,#13777,.T.);
#13867 = ORIENTED_EDGE('',*,*,#13868,.T.);
#13868 = EDGE_CURVE('',#13778,#13818,#13869,.T.);
#13869 = LINE('',#13870,#13871);
#13870 = CARTESIAN_POINT('',(-59.2,-35.,275.));
#13871 = VECTOR('',#13872,1.);
#13872 = DIRECTION('',(1.,0.,0.));
#13873 = ORIENTED_EDGE('',*,*,#13817,.F.);
#13874 = PLANE('',#13875);
#13875 = AXIS2_PLACEMENT_3D('',#13876,#13877,#13878);
#13876 = CARTESIAN_POINT('',(-59.2,-35.,246.));
#13877 = DIRECTION('',(0.,1.,0.));
#13878 = DIRECTION('',(0.,0.,1.));
#13879 = ADVANCED_FACE('',(#13880),#13886,.F.);
#13880 = FACE_BOUND('',#13881,.F.);
#13881 = EDGE_LOOP('',(#13882,#13883,#13884,#13885));
#13882 = ORIENTED_EDGE('',*,*,#13769,.F.);
#13883 = ORIENTED_EDGE('',*,*,#13839,.T.);
#13884 = ORIENTED_EDGE('',*,*,#13809,.T.);
#13885 = ORIENTED_EDGE('',*,*,#13861,.F.);
#13886 = PLANE('',#13887);
#13887 = AXIS2_PLACEMENT_3D('',#13888,#13889,#13890);
#13888 = CARTESIAN_POINT('',(-59.2,-58.,246.));
#13889 = DIRECTION('',(0.,0.,1.));
#13890 = DIRECTION('',(1.,0.,0.));
#13891 = ADVANCED_FACE('',(#13892),#13898,.T.);
#13892 = FACE_BOUND('',#13893,.T.);
#13893 = EDGE_LOOP('',(#13894,#13895,#13896,#13897));
#13894 = ORIENTED_EDGE('',*,*,#13785,.F.);
#13895 = ORIENTED_EDGE('',*,*,#13846,.T.);
#13896 = ORIENTED_EDGE('',*,*,#13825,.T.);
#13897 = ORIENTED_EDGE('',*,*,#13868,.F.);
#13898 = PLANE('',#13899);
#13899 = AXIS2_PLACEMENT_3D('',#13900,#13901,#13902);
#13900 = CARTESIAN_POINT('',(-59.2,-58.,275.));
#13901 = DIRECTION('',(0.,0.,1.));
#13902 = DIRECTION('',(1.,0.,0.));
#13903 = MANIFOLD_SOLID_BREP('',#13904);
#13904 = CLOSED_SHELL('',(#13905,#13945,#13985,#14007,#14029,#14041));
#13905 = ADVANCED_FACE('',(#13906),#13940,.F.);
#13906 = FACE_BOUND('',#13907,.F.);
#13907 = EDGE_LOOP('',(#13908,#13918,#13926,#13934));
#13908 = ORIENTED_EDGE('',*,*,#13909,.F.);
#13909 = EDGE_CURVE('',#13910,#13912,#13914,.T.);
#13910 = VERTEX_POINT('',#13911);
#13911 = CARTESIAN_POINT('',(-49.,-62.5,246.));
#13912 = VERTEX_POINT('',#13913);
#13913 = CARTESIAN_POINT('',(-49.,-62.5,275.));
#13914 = LINE('',#13915,#13916);
#13915 = CARTESIAN_POINT('',(-49.,-62.5,246.));
#13916 = VECTOR('',#13917,1.);
#13917 = DIRECTION('',(0.,0.,1.));
#13918 = ORIENTED_EDGE('',*,*,#13919,.T.);
#13919 = EDGE_CURVE('',#13910,#13920,#13922,.T.);
#13920 = VERTEX_POINT('',#13921);
#13921 = CARTESIAN_POINT('',(-49.,-30.5,246.));
#13922 = LINE('',#13923,#13924);
#13923 = CARTESIAN_POINT('',(-49.,-62.5,246.));
#13924 = VECTOR('',#13925,1.);
#13925 = DIRECTION('',(0.,1.,0.));
#13926 = ORIENTED_EDGE('',*,*,#13927,.T.);
#13927 = EDGE_CURVE('',#13920,#13928,#13930,.T.);
#13928 = VERTEX_POINT('',#13929);
#13929 = CARTESIAN_POINT('',(-49.,-30.5,275.));
#13930 = LINE('',#13931,#13932);
#13931 = CARTESIAN_POINT('',(-49.,-30.5,246.));
#13932 = VECTOR('',#13933,1.);
#13933 = DIRECTION('',(0.,0.,1.));
#13934 = ORIENTED_EDGE('',*,*,#13935,.F.);
#13935 = EDGE_CURVE('',#13912,#13928,#13936,.T.);
#13936 = LINE('',#13937,#13938);
#13937 = CARTESIAN_POINT('',(-49.,-62.5,275.));
#13938 = VECTOR('',#13939,1.);
#13939 = DIRECTION('',(0.,1.,0.));
#13940 = PLANE('',#13941);
#13941 = AXIS2_PLACEMENT_3D('',#13942,#13943,#13944);
#13942 = CARTESIAN_POINT('',(-49.,-62.5,246.));
#13943 = DIRECTION('',(1.,0.,0.));
#13944 = DIRECTION('',(0.,0.,1.));
#13945 = ADVANCED_FACE('',(#13946),#13980,.T.);
#13946 = FACE_BOUND('',#13947,.T.);
#13947 = EDGE_LOOP('',(#13948,#13958,#13966,#13974));
#13948 = ORIENTED_EDGE('',*,*,#13949,.F.);
#13949 = EDGE_CURVE('',#13950,#13952,#13954,.T.);
#13950 = VERTEX_POINT('',#13951);
#13951 = CARTESIAN_POINT('',(-47.,-62.5,246.));
#13952 = VERTEX_POINT('',#13953);
#13953 = CARTESIAN_POINT('',(-47.,-62.5,275.));
#13954 = LINE('',#13955,#13956);
#13955 = CARTESIAN_POINT('',(-47.,-62.5,246.));
#13956 = VECTOR('',#13957,1.);
#13957 = DIRECTION('',(0.,0.,1.));
#13958 = ORIENTED_EDGE('',*,*,#13959,.T.);
#13959 = EDGE_CURVE('',#13950,#13960,#13962,.T.);
#13960 = VERTEX_POINT('',#13961);
#13961 = CARTESIAN_POINT('',(-47.,-30.5,246.));
#13962 = LINE('',#13963,#13964);
#13963 = CARTESIAN_POINT('',(-47.,-62.5,246.));
#13964 = VECTOR('',#13965,1.);
#13965 = DIRECTION('',(0.,1.,0.));
#13966 = ORIENTED_EDGE('',*,*,#13967,.T.);
#13967 = EDGE_CURVE('',#13960,#13968,#13970,.T.);
#13968 = VERTEX_POINT('',#13969);
#13969 = CARTESIAN_POINT('',(-47.,-30.5,275.));
#13970 = LINE('',#13971,#13972);
#13971 = CARTESIAN_POINT('',(-47.,-30.5,246.));
#13972 = VECTOR('',#13973,1.);
#13973 = DIRECTION('',(0.,0.,1.));
#13974 = ORIENTED_EDGE('',*,*,#13975,.F.);
#13975 = EDGE_CURVE('',#13952,#13968,#13976,.T.);
#13976 = LINE('',#13977,#13978);
#13977 = CARTESIAN_POINT('',(-47.,-62.5,275.));
#13978 = VECTOR('',#13979,1.);
#13979 = DIRECTION('',(0.,1.,0.));
#13980 = PLANE('',#13981);
#13981 = AXIS2_PLACEMENT_3D('',#13982,#13983,#13984);
#13982 = CARTESIAN_POINT('',(-47.,-62.5,246.));
#13983 = DIRECTION('',(1.,0.,0.));
#13984 = DIRECTION('',(0.,0.,1.));
#13985 = ADVANCED_FACE('',(#13986),#14002,.F.);
#13986 = FACE_BOUND('',#13987,.F.);
#13987 = EDGE_LOOP('',(#13988,#13994,#13995,#14001));
#13988 = ORIENTED_EDGE('',*,*,#13989,.F.);
#13989 = EDGE_CURVE('',#13910,#13950,#13990,.T.);
#13990 = LINE('',#13991,#13992);
#13991 = CARTESIAN_POINT('',(-49.,-62.5,246.));
#13992 = VECTOR('',#13993,1.);
#13993 = DIRECTION('',(1.,0.,0.));
#13994 = ORIENTED_EDGE('',*,*,#13909,.T.);
#13995 = ORIENTED_EDGE('',*,*,#13996,.T.);
#13996 = EDGE_CURVE('',#13912,#13952,#13997,.T.);
#13997 = LINE('',#13998,#13999);
#13998 = CARTESIAN_POINT('',(-49.,-62.5,275.));
#13999 = VECTOR('',#14000,1.);
#14000 = DIRECTION('',(1.,0.,0.));
#14001 = ORIENTED_EDGE('',*,*,#13949,.F.);
#14002 = PLANE('',#14003);
#14003 = AXIS2_PLACEMENT_3D('',#14004,#14005,#14006);
#14004 = CARTESIAN_POINT('',(-49.,-62.5,246.));
#14005 = DIRECTION('',(0.,1.,0.));
#14006 = DIRECTION('',(0.,0.,1.));
#14007 = ADVANCED_FACE('',(#14008),#14024,.T.);
#14008 = FACE_BOUND('',#14009,.T.);
#14009 = EDGE_LOOP('',(#14010,#14016,#14017,#14023));
#14010 = ORIENTED_EDGE('',*,*,#14011,.F.);
#14011 = EDGE_CURVE('',#13920,#13960,#14012,.T.);
#14012 = LINE('',#14013,#14014);
#14013 = CARTESIAN_POINT('',(-49.,-30.5,246.));
#14014 = VECTOR('',#14015,1.);
#14015 = DIRECTION('',(1.,0.,0.));
#14016 = ORIENTED_EDGE('',*,*,#13927,.T.);
#14017 = ORIENTED_EDGE('',*,*,#14018,.T.);
#14018 = EDGE_CURVE('',#13928,#13968,#14019,.T.);
#14019 = LINE('',#14020,#14021);
#14020 = CARTESIAN_POINT('',(-49.,-30.5,275.));
#14021 = VECTOR('',#14022,1.);
#14022 = DIRECTION('',(1.,0.,0.));
#14023 = ORIENTED_EDGE('',*,*,#13967,.F.);
#14024 = PLANE('',#14025);
#14025 = AXIS2_PLACEMENT_3D('',#14026,#14027,#14028);
#14026 = CARTESIAN_POINT('',(-49.,-30.5,246.));
#14027 = DIRECTION('',(0.,1.,0.));
#14028 = DIRECTION('',(0.,0.,1.));
#14029 = ADVANCED_FACE('',(#14030),#14036,.F.);
#14030 = FACE_BOUND('',#14031,.F.);
#14031 = EDGE_LOOP('',(#14032,#14033,#14034,#14035));
#14032 = ORIENTED_EDGE('',*,*,#13919,.F.);
#14033 = ORIENTED_EDGE('',*,*,#13989,.T.);
#14034 = ORIENTED_EDGE('',*,*,#13959,.T.);
#14035 = ORIENTED_EDGE('',*,*,#14011,.F.);
#14036 = PLANE('',#14037);
#14037 = AXIS2_PLACEMENT_3D('',#14038,#14039,#14040);
#14038 = CARTESIAN_POINT('',(-49.,-62.5,246.));
#14039 = DIRECTION('',(0.,0.,1.));
#14040 = DIRECTION('',(1.,0.,0.));
#14041 = ADVANCED_FACE('',(#14042),#14048,.T.);
#14042 = FACE_BOUND('',#14043,.T.);
#14043 = EDGE_LOOP('',(#14044,#14045,#14046,#14047));
#14044 = ORIENTED_EDGE('',*,*,#13935,.F.);
#14045 = ORIENTED_EDGE('',*,*,#13996,.T.);
#14046 = ORIENTED_EDGE('',*,*,#13975,.T.);
#14047 = ORIENTED_EDGE('',*,*,#14018,.F.);
#14048 = PLANE('',#14049);
#14049 = AXIS2_PLACEMENT_3D('',#14050,#14051,#14052);
#14050 = CARTESIAN_POINT('',(-49.,-62.5,275.));
#14051 = DIRECTION('',(0.,0.,1.));
#14052 = DIRECTION('',(1.,0.,0.));
#14053 = MANIFOLD_SOLID_BREP('',#14054);
#14054 = CLOSED_SHELL('',(#14055,#14088,#14097));
#14055 = ADVANCED_FACE('',(#14056),#14083,.T.);
#14056 = FACE_BOUND('',#14057,.T.);
#14057 = EDGE_LOOP('',(#14058,#14067,#14075,#14082));
#14058 = ORIENTED_EDGE('',*,*,#14059,.F.);
#14059 = EDGE_CURVE('',#14060,#14060,#14062,.T.);
#14060 = VERTEX_POINT('',#14061);
#14061 = CARTESIAN_POINT('',(-45.,-46.5,276.));
#14062 = CIRCLE('',#14063,13.);
#14063 = AXIS2_PLACEMENT_3D('',#14064,#14065,#14066);
#14064 = CARTESIAN_POINT('',(-45.,-46.5,263.));
#14065 = DIRECTION('',(1.,0.,-0.));
#14066 = DIRECTION('',(0.,0.,1.));
#14067 = ORIENTED_EDGE('',*,*,#14068,.F.);
#14068 = EDGE_CURVE('',#14069,#14060,#14071,.T.);
#14069 = VERTEX_POINT('',#14070);
#14070 = CARTESIAN_POINT('',(-47.,-46.5,276.));
#14071 = LINE('',#14072,#14073);
#14072 = CARTESIAN_POINT('',(-47.,-46.5,276.));
#14073 = VECTOR('',#14074,1.);
#14074 = DIRECTION('',(1.,0.,0.));
#14075 = ORIENTED_EDGE('',*,*,#14076,.T.);
#14076 = EDGE_CURVE('',#14069,#14069,#14077,.T.);
#14077 = CIRCLE('',#14078,13.);
#14078 = AXIS2_PLACEMENT_3D('',#14079,#14080,#14081);
#14079 = CARTESIAN_POINT('',(-47.,-46.5,263.));
#14080 = DIRECTION('',(1.,0.,-0.));
#14081 = DIRECTION('',(0.,0.,1.));
#14082 = ORIENTED_EDGE('',*,*,#14068,.T.);
#14083 = CYLINDRICAL_SURFACE('',#14084,13.);
#14084 = AXIS2_PLACEMENT_3D('',#14085,#14086,#14087);
#14085 = CARTESIAN_POINT('',(-47.,-46.5,263.));
#14086 = DIRECTION('',(1.,0.,0.));
#14087 = DIRECTION('',(0.,0.,1.));
#14088 = ADVANCED_FACE('',(#14089),#14092,.T.);
#14089 = FACE_BOUND('',#14090,.T.);
#14090 = EDGE_LOOP('',(#14091));
#14091 = ORIENTED_EDGE('',*,*,#14059,.T.);
#14092 = PLANE('',#14093);
#14093 = AXIS2_PLACEMENT_3D('',#14094,#14095,#14096);
#14094 = CARTESIAN_POINT('',(-45.,-46.5,263.));
#14095 = DIRECTION('',(1.,0.,0.));
#14096 = DIRECTION('',(0.,0.,1.));
#14097 = ADVANCED_FACE('',(#14098),#14101,.F.);
#14098 = FACE_BOUND('',#14099,.T.);
#14099 = EDGE_LOOP('',(#14100));
#14100 = ORIENTED_EDGE('',*,*,#14076,.F.);
#14101 = PLANE('',#14102);
#14102 = AXIS2_PLACEMENT_3D('',#14103,#14104,#14105);
#14103 = CARTESIAN_POINT('',(-47.,-46.5,263.));
#14104 = DIRECTION('',(1.,0.,0.));
#14105 = DIRECTION('',(0.,0.,1.));
#14106 = MANIFOLD_SOLID_BREP('',#14107);
#14107 = CLOSED_SHELL('',(#14108,#14148,#14188,#14210,#14232,#14244));
#14108 = ADVANCED_FACE('',(#14109),#14143,.F.);
#14109 = FACE_BOUND('',#14110,.F.);
#14110 = EDGE_LOOP('',(#14111,#14121,#14129,#14137));
#14111 = ORIENTED_EDGE('',*,*,#14112,.F.);
#14112 = EDGE_CURVE('',#14113,#14115,#14117,.T.);
#14113 = VERTEX_POINT('',#14114);
#14114 = CARTESIAN_POINT('',(-11.5,-76.,242.));
#14115 = VERTEX_POINT('',#14116);
#14116 = CARTESIAN_POINT('',(-11.5,-76.,271.));
#14117 = LINE('',#14118,#14119);
#14118 = CARTESIAN_POINT('',(-11.5,-76.,242.));
#14119 = VECTOR('',#14120,1.);
#14120 = DIRECTION('',(0.,0.,1.));
#14121 = ORIENTED_EDGE('',*,*,#14122,.T.);
#14122 = EDGE_CURVE('',#14113,#14123,#14125,.T.);
#14123 = VERTEX_POINT('',#14124);
#14124 = CARTESIAN_POINT('',(-11.5,-63.8,242.));
#14125 = LINE('',#14126,#14127);
#14126 = CARTESIAN_POINT('',(-11.5,-76.,242.));
#14127 = VECTOR('',#14128,1.);
#14128 = DIRECTION('',(0.,1.,0.));
#14129 = ORIENTED_EDGE('',*,*,#14130,.T.);
#14130 = EDGE_CURVE('',#14123,#14131,#14133,.T.);
#14131 = VERTEX_POINT('',#14132);
#14132 = CARTESIAN_POINT('',(-11.5,-63.8,271.));
#14133 = LINE('',#14134,#14135);
#14134 = CARTESIAN_POINT('',(-11.5,-63.8,242.));
#14135 = VECTOR('',#14136,1.);
#14136 = DIRECTION('',(0.,0.,1.));
#14137 = ORIENTED_EDGE('',*,*,#14138,.F.);
#14138 = EDGE_CURVE('',#14115,#14131,#14139,.T.);
#14139 = LINE('',#14140,#14141);
#14140 = CARTESIAN_POINT('',(-11.5,-76.,271.));
#14141 = VECTOR('',#14142,1.);
#14142 = DIRECTION('',(0.,1.,0.));
#14143 = PLANE('',#14144);
#14144 = AXIS2_PLACEMENT_3D('',#14145,#14146,#14147);
#14145 = CARTESIAN_POINT('',(-11.5,-76.,242.));
#14146 = DIRECTION('',(1.,0.,0.));
#14147 = DIRECTION('',(0.,0.,1.));
#14148 = ADVANCED_FACE('',(#14149),#14183,.T.);
#14149 = FACE_BOUND('',#14150,.T.);
#14150 = EDGE_LOOP('',(#14151,#14161,#14169,#14177));
#14151 = ORIENTED_EDGE('',*,*,#14152,.F.);
#14152 = EDGE_CURVE('',#14153,#14155,#14157,.T.);
#14153 = VERTEX_POINT('',#14154);
#14154 = CARTESIAN_POINT('',(11.5,-76.,242.));
#14155 = VERTEX_POINT('',#14156);
#14156 = CARTESIAN_POINT('',(11.5,-76.,271.));
#14157 = LINE('',#14158,#14159);
#14158 = CARTESIAN_POINT('',(11.5,-76.,242.));
#14159 = VECTOR('',#14160,1.);
#14160 = DIRECTION('',(0.,0.,1.));
#14161 = ORIENTED_EDGE('',*,*,#14162,.T.);
#14162 = EDGE_CURVE('',#14153,#14163,#14165,.T.);
#14163 = VERTEX_POINT('',#14164);
#14164 = CARTESIAN_POINT('',(11.5,-63.8,242.));
#14165 = LINE('',#14166,#14167);
#14166 = CARTESIAN_POINT('',(11.5,-76.,242.));
#14167 = VECTOR('',#14168,1.);
#14168 = DIRECTION('',(0.,1.,0.));
#14169 = ORIENTED_EDGE('',*,*,#14170,.T.);
#14170 = EDGE_CURVE('',#14163,#14171,#14173,.T.);
#14171 = VERTEX_POINT('',#14172);
#14172 = CARTESIAN_POINT('',(11.5,-63.8,271.));
#14173 = LINE('',#14174,#14175);
#14174 = CARTESIAN_POINT('',(11.5,-63.8,242.));
#14175 = VECTOR('',#14176,1.);
#14176 = DIRECTION('',(0.,0.,1.));
#14177 = ORIENTED_EDGE('',*,*,#14178,.F.);
#14178 = EDGE_CURVE('',#14155,#14171,#14179,.T.);
#14179 = LINE('',#14180,#14181);
#14180 = CARTESIAN_POINT('',(11.5,-76.,271.));
#14181 = VECTOR('',#14182,1.);
#14182 = DIRECTION('',(0.,1.,0.));
#14183 = PLANE('',#14184);
#14184 = AXIS2_PLACEMENT_3D('',#14185,#14186,#14187);
#14185 = CARTESIAN_POINT('',(11.5,-76.,242.));
#14186 = DIRECTION('',(1.,0.,0.));
#14187 = DIRECTION('',(0.,0.,1.));
#14188 = ADVANCED_FACE('',(#14189),#14205,.F.);
#14189 = FACE_BOUND('',#14190,.F.);
#14190 = EDGE_LOOP('',(#14191,#14197,#14198,#14204));
#14191 = ORIENTED_EDGE('',*,*,#14192,.F.);
#14192 = EDGE_CURVE('',#14113,#14153,#14193,.T.);
#14193 = LINE('',#14194,#14195);
#14194 = CARTESIAN_POINT('',(-11.5,-76.,242.));
#14195 = VECTOR('',#14196,1.);
#14196 = DIRECTION('',(1.,0.,0.));
#14197 = ORIENTED_EDGE('',*,*,#14112,.T.);
#14198 = ORIENTED_EDGE('',*,*,#14199,.T.);
#14199 = EDGE_CURVE('',#14115,#14155,#14200,.T.);
#14200 = LINE('',#14201,#14202);
#14201 = CARTESIAN_POINT('',(-11.5,-76.,271.));
#14202 = VECTOR('',#14203,1.);
#14203 = DIRECTION('',(1.,0.,0.));
#14204 = ORIENTED_EDGE('',*,*,#14152,.F.);
#14205 = PLANE('',#14206);
#14206 = AXIS2_PLACEMENT_3D('',#14207,#14208,#14209);
#14207 = CARTESIAN_POINT('',(-11.5,-76.,242.));
#14208 = DIRECTION('',(0.,1.,0.));
#14209 = DIRECTION('',(0.,0.,1.));
#14210 = ADVANCED_FACE('',(#14211),#14227,.T.);
#14211 = FACE_BOUND('',#14212,.T.);
#14212 = EDGE_LOOP('',(#14213,#14219,#14220,#14226));
#14213 = ORIENTED_EDGE('',*,*,#14214,.F.);
#14214 = EDGE_CURVE('',#14123,#14163,#14215,.T.);
#14215 = LINE('',#14216,#14217);
#14216 = CARTESIAN_POINT('',(-11.5,-63.8,242.));
#14217 = VECTOR('',#14218,1.);
#14218 = DIRECTION('',(1.,0.,0.));
#14219 = ORIENTED_EDGE('',*,*,#14130,.T.);
#14220 = ORIENTED_EDGE('',*,*,#14221,.T.);
#14221 = EDGE_CURVE('',#14131,#14171,#14222,.T.);
#14222 = LINE('',#14223,#14224);
#14223 = CARTESIAN_POINT('',(-11.5,-63.8,271.));
#14224 = VECTOR('',#14225,1.);
#14225 = DIRECTION('',(1.,0.,0.));
#14226 = ORIENTED_EDGE('',*,*,#14170,.F.);
#14227 = PLANE('',#14228);
#14228 = AXIS2_PLACEMENT_3D('',#14229,#14230,#14231);
#14229 = CARTESIAN_POINT('',(-11.5,-63.8,242.));
#14230 = DIRECTION('',(0.,1.,0.));
#14231 = DIRECTION('',(0.,0.,1.));
#14232 = ADVANCED_FACE('',(#14233),#14239,.F.);
#14233 = FACE_BOUND('',#14234,.F.);
#14234 = EDGE_LOOP('',(#14235,#14236,#14237,#14238));
#14235 = ORIENTED_EDGE('',*,*,#14122,.F.);
#14236 = ORIENTED_EDGE('',*,*,#14192,.T.);
#14237 = ORIENTED_EDGE('',*,*,#14162,.T.);
#14238 = ORIENTED_EDGE('',*,*,#14214,.F.);
#14239 = PLANE('',#14240);
#14240 = AXIS2_PLACEMENT_3D('',#14241,#14242,#14243);
#14241 = CARTESIAN_POINT('',(-11.5,-76.,242.));
#14242 = DIRECTION('',(0.,0.,1.));
#14243 = DIRECTION('',(1.,0.,0.));
#14244 = ADVANCED_FACE('',(#14245),#14251,.T.);
#14245 = FACE_BOUND('',#14246,.T.);
#14246 = EDGE_LOOP('',(#14247,#14248,#14249,#14250));
#14247 = ORIENTED_EDGE('',*,*,#14138,.F.);
#14248 = ORIENTED_EDGE('',*,*,#14199,.T.);
#14249 = ORIENTED_EDGE('',*,*,#14178,.T.);
#14250 = ORIENTED_EDGE('',*,*,#14221,.F.);
#14251 = PLANE('',#14252);
#14252 = AXIS2_PLACEMENT_3D('',#14253,#14254,#14255);
#14253 = CARTESIAN_POINT('',(-11.5,-76.,271.));
#14254 = DIRECTION('',(0.,0.,1.));
#14255 = DIRECTION('',(1.,0.,0.));
#14256 = MANIFOLD_SOLID_BREP('',#14257);
#14257 = CLOSED_SHELL('',(#14258,#14298,#14338,#14360,#14382,#14394));
#14258 = ADVANCED_FACE('',(#14259),#14293,.F.);
#14259 = FACE_BOUND('',#14260,.F.);
#14260 = EDGE_LOOP('',(#14261,#14271,#14279,#14287));
#14261 = ORIENTED_EDGE('',*,*,#14262,.F.);
#14262 = EDGE_CURVE('',#14263,#14265,#14267,.T.);
#14263 = VERTEX_POINT('',#14264);
#14264 = CARTESIAN_POINT('',(-16.,-76.,257.));
#14265 = VERTEX_POINT('',#14266);
#14266 = CARTESIAN_POINT('',(-16.,-76.,259.));
#14267 = LINE('',#14268,#14269);
#14268 = CARTESIAN_POINT('',(-16.,-76.,257.));
#14269 = VECTOR('',#14270,1.);
#14270 = DIRECTION('',(0.,0.,1.));
#14271 = ORIENTED_EDGE('',*,*,#14272,.T.);
#14272 = EDGE_CURVE('',#14263,#14273,#14275,.T.);
#14273 = VERTEX_POINT('',#14274);
#14274 = CARTESIAN_POINT('',(-16.,-63.8,257.));
#14275 = LINE('',#14276,#14277);
#14276 = CARTESIAN_POINT('',(-16.,-76.,257.));
#14277 = VECTOR('',#14278,1.);
#14278 = DIRECTION('',(0.,1.,0.));
#14279 = ORIENTED_EDGE('',*,*,#14280,.T.);
#14280 = EDGE_CURVE('',#14273,#14281,#14283,.T.);
#14281 = VERTEX_POINT('',#14282);
#14282 = CARTESIAN_POINT('',(-16.,-63.8,259.));
#14283 = LINE('',#14284,#14285);
#14284 = CARTESIAN_POINT('',(-16.,-63.8,257.));
#14285 = VECTOR('',#14286,1.);
#14286 = DIRECTION('',(0.,0.,1.));
#14287 = ORIENTED_EDGE('',*,*,#14288,.F.);
#14288 = EDGE_CURVE('',#14265,#14281,#14289,.T.);
#14289 = LINE('',#14290,#14291);
#14290 = CARTESIAN_POINT('',(-16.,-76.,259.));
#14291 = VECTOR('',#14292,1.);
#14292 = DIRECTION('',(0.,1.,0.));
#14293 = PLANE('',#14294);
#14294 = AXIS2_PLACEMENT_3D('',#14295,#14296,#14297);
#14295 = CARTESIAN_POINT('',(-16.,-76.,257.));
#14296 = DIRECTION('',(1.,0.,0.));
#14297 = DIRECTION('',(0.,0.,1.));
#14298 = ADVANCED_FACE('',(#14299),#14333,.T.);
#14299 = FACE_BOUND('',#14300,.T.);
#14300 = EDGE_LOOP('',(#14301,#14311,#14319,#14327));
#14301 = ORIENTED_EDGE('',*,*,#14302,.F.);
#14302 = EDGE_CURVE('',#14303,#14305,#14307,.T.);
#14303 = VERTEX_POINT('',#14304);
#14304 = CARTESIAN_POINT('',(16.,-76.,257.));
#14305 = VERTEX_POINT('',#14306);
#14306 = CARTESIAN_POINT('',(16.,-76.,259.));
#14307 = LINE('',#14308,#14309);
#14308 = CARTESIAN_POINT('',(16.,-76.,257.));
#14309 = VECTOR('',#14310,1.);
#14310 = DIRECTION('',(0.,0.,1.));
#14311 = ORIENTED_EDGE('',*,*,#14312,.T.);
#14312 = EDGE_CURVE('',#14303,#14313,#14315,.T.);
#14313 = VERTEX_POINT('',#14314);
#14314 = CARTESIAN_POINT('',(16.,-63.8,257.));
#14315 = LINE('',#14316,#14317);
#14316 = CARTESIAN_POINT('',(16.,-76.,257.));
#14317 = VECTOR('',#14318,1.);
#14318 = DIRECTION('',(0.,1.,0.));
#14319 = ORIENTED_EDGE('',*,*,#14320,.T.);
#14320 = EDGE_CURVE('',#14313,#14321,#14323,.T.);
#14321 = VERTEX_POINT('',#14322);
#14322 = CARTESIAN_POINT('',(16.,-63.8,259.));
#14323 = LINE('',#14324,#14325);
#14324 = CARTESIAN_POINT('',(16.,-63.8,257.));
#14325 = VECTOR('',#14326,1.);
#14326 = DIRECTION('',(0.,0.,1.));
#14327 = ORIENTED_EDGE('',*,*,#14328,.F.);
#14328 = EDGE_CURVE('',#14305,#14321,#14329,.T.);
#14329 = LINE('',#14330,#14331);
#14330 = CARTESIAN_POINT('',(16.,-76.,259.));
#14331 = VECTOR('',#14332,1.);
#14332 = DIRECTION('',(0.,1.,0.));
#14333 = PLANE('',#14334);
#14334 = AXIS2_PLACEMENT_3D('',#14335,#14336,#14337);
#14335 = CARTESIAN_POINT('',(16.,-76.,257.));
#14336 = DIRECTION('',(1.,0.,0.));
#14337 = DIRECTION('',(0.,0.,1.));
#14338 = ADVANCED_FACE('',(#14339),#14355,.F.);
#14339 = FACE_BOUND('',#14340,.F.);
#14340 = EDGE_LOOP('',(#14341,#14347,#14348,#14354));
#14341 = ORIENTED_EDGE('',*,*,#14342,.F.);
#14342 = EDGE_CURVE('',#14263,#14303,#14343,.T.);
#14343 = LINE('',#14344,#14345);
#14344 = CARTESIAN_POINT('',(-16.,-76.,257.));
#14345 = VECTOR('',#14346,1.);
#14346 = DIRECTION('',(1.,0.,0.));
#14347 = ORIENTED_EDGE('',*,*,#14262,.T.);
#14348 = ORIENTED_EDGE('',*,*,#14349,.T.);
#14349 = EDGE_CURVE('',#14265,#14305,#14350,.T.);
#14350 = LINE('',#14351,#14352);
#14351 = CARTESIAN_POINT('',(-16.,-76.,259.));
#14352 = VECTOR('',#14353,1.);
#14353 = DIRECTION('',(1.,0.,0.));
#14354 = ORIENTED_EDGE('',*,*,#14302,.F.);
#14355 = PLANE('',#14356);
#14356 = AXIS2_PLACEMENT_3D('',#14357,#14358,#14359);
#14357 = CARTESIAN_POINT('',(-16.,-76.,257.));
#14358 = DIRECTION('',(0.,1.,0.));
#14359 = DIRECTION('',(0.,0.,1.));
#14360 = ADVANCED_FACE('',(#14361),#14377,.T.);
#14361 = FACE_BOUND('',#14362,.T.);
#14362 = EDGE_LOOP('',(#14363,#14369,#14370,#14376));
#14363 = ORIENTED_EDGE('',*,*,#14364,.F.);
#14364 = EDGE_CURVE('',#14273,#14313,#14365,.T.);
#14365 = LINE('',#14366,#14367);
#14366 = CARTESIAN_POINT('',(-16.,-63.8,257.));
#14367 = VECTOR('',#14368,1.);
#14368 = DIRECTION('',(1.,0.,0.));
#14369 = ORIENTED_EDGE('',*,*,#14280,.T.);
#14370 = ORIENTED_EDGE('',*,*,#14371,.T.);
#14371 = EDGE_CURVE('',#14281,#14321,#14372,.T.);
#14372 = LINE('',#14373,#14374);
#14373 = CARTESIAN_POINT('',(-16.,-63.8,259.));
#14374 = VECTOR('',#14375,1.);
#14375 = DIRECTION('',(1.,0.,0.));
#14376 = ORIENTED_EDGE('',*,*,#14320,.F.);
#14377 = PLANE('',#14378);
#14378 = AXIS2_PLACEMENT_3D('',#14379,#14380,#14381);
#14379 = CARTESIAN_POINT('',(-16.,-63.8,257.));
#14380 = DIRECTION('',(0.,1.,0.));
#14381 = DIRECTION('',(0.,0.,1.));
#14382 = ADVANCED_FACE('',(#14383),#14389,.F.);
#14383 = FACE_BOUND('',#14384,.F.);
#14384 = EDGE_LOOP('',(#14385,#14386,#14387,#14388));
#14385 = ORIENTED_EDGE('',*,*,#14272,.F.);
#14386 = ORIENTED_EDGE('',*,*,#14342,.T.);
#14387 = ORIENTED_EDGE('',*,*,#14312,.T.);
#14388 = ORIENTED_EDGE('',*,*,#14364,.F.);
#14389 = PLANE('',#14390);
#14390 = AXIS2_PLACEMENT_3D('',#14391,#14392,#14393);
#14391 = CARTESIAN_POINT('',(-16.,-76.,257.));
#14392 = DIRECTION('',(0.,0.,1.));
#14393 = DIRECTION('',(1.,0.,0.));
#14394 = ADVANCED_FACE('',(#14395),#14401,.T.);
#14395 = FACE_BOUND('',#14396,.T.);
#14396 = EDGE_LOOP('',(#14397,#14398,#14399,#14400));
#14397 = ORIENTED_EDGE('',*,*,#14288,.F.);
#14398 = ORIENTED_EDGE('',*,*,#14349,.T.);
#14399 = ORIENTED_EDGE('',*,*,#14328,.T.);
#14400 = ORIENTED_EDGE('',*,*,#14371,.F.);
#14401 = PLANE('',#14402);
#14402 = AXIS2_PLACEMENT_3D('',#14403,#14404,#14405);
#14403 = CARTESIAN_POINT('',(-16.,-76.,259.));
#14404 = DIRECTION('',(0.,0.,1.));
#14405 = DIRECTION('',(1.,0.,0.));
#14406 = MANIFOLD_SOLID_BREP('',#14407);
#14407 = CLOSED_SHELL('',(#14408,#14441,#14450));
#14408 = ADVANCED_FACE('',(#14409),#14436,.T.);
#14409 = FACE_BOUND('',#14410,.T.);
#14410 = EDGE_LOOP('',(#14411,#14420,#14428,#14435));
#14411 = ORIENTED_EDGE('',*,*,#14412,.F.);
#14412 = EDGE_CURVE('',#14413,#14413,#14415,.T.);
#14413 = VERTEX_POINT('',#14414);
#14414 = CARTESIAN_POINT('',(10.,-69.9,273.));
#14415 = CIRCLE('',#14416,10.);
#14416 = AXIS2_PLACEMENT_3D('',#14417,#14418,#14419);
#14417 = CARTESIAN_POINT('',(0.,-69.9,273.));
#14418 = DIRECTION('',(0.,0.,1.));
#14419 = DIRECTION('',(1.,0.,0.));
#14420 = ORIENTED_EDGE('',*,*,#14421,.F.);
#14421 = EDGE_CURVE('',#14422,#14413,#14424,.T.);
#14422 = VERTEX_POINT('',#14423);
#14423 = CARTESIAN_POINT('',(10.,-69.9,271.));
#14424 = LINE('',#14425,#14426);
#14425 = CARTESIAN_POINT('',(10.,-69.9,271.));
#14426 = VECTOR('',#14427,1.);
#14427 = DIRECTION('',(0.,0.,1.));
#14428 = ORIENTED_EDGE('',*,*,#14429,.T.);
#14429 = EDGE_CURVE('',#14422,#14422,#14430,.T.);
#14430 = CIRCLE('',#14431,10.);
#14431 = AXIS2_PLACEMENT_3D('',#14432,#14433,#14434);
#14432 = CARTESIAN_POINT('',(0.,-69.9,271.));
#14433 = DIRECTION('',(0.,0.,1.));
#14434 = DIRECTION('',(1.,0.,0.));
#14435 = ORIENTED_EDGE('',*,*,#14421,.T.);
#14436 = CYLINDRICAL_SURFACE('',#14437,10.);
#14437 = AXIS2_PLACEMENT_3D('',#14438,#14439,#14440);
#14438 = CARTESIAN_POINT('',(0.,-69.9,271.));
#14439 = DIRECTION('',(0.,0.,1.));
#14440 = DIRECTION('',(1.,0.,0.));
#14441 = ADVANCED_FACE('',(#14442),#14445,.T.);
#14442 = FACE_BOUND('',#14443,.T.);
#14443 = EDGE_LOOP('',(#14444));
#14444 = ORIENTED_EDGE('',*,*,#14412,.T.);
#14445 = PLANE('',#14446);
#14446 = AXIS2_PLACEMENT_3D('',#14447,#14448,#14449);
#14447 = CARTESIAN_POINT('',(0.,-69.9,273.));
#14448 = DIRECTION('',(0.,0.,1.));
#14449 = DIRECTION('',(1.,0.,0.));
#14450 = ADVANCED_FACE('',(#14451),#14454,.F.);
#14451 = FACE_BOUND('',#14452,.T.);
#14452 = EDGE_LOOP('',(#14453));
#14453 = ORIENTED_EDGE('',*,*,#14429,.F.);
#14454 = PLANE('',#14455);
#14455 = AXIS2_PLACEMENT_3D('',#14456,#14457,#14458);
#14456 = CARTESIAN_POINT('',(0.,-69.9,271.));
#14457 = DIRECTION('',(0.,0.,1.));
#14458 = DIRECTION('',(1.,0.,0.));
#14459 = MANIFOLD_SOLID_BREP('',#14460);
#14460 = CLOSED_SHELL('',(#14461,#14501,#14541,#14563,#14585,#14597));
#14461 = ADVANCED_FACE('',(#14462),#14496,.F.);
#14462 = FACE_BOUND('',#14463,.F.);
#14463 = EDGE_LOOP('',(#14464,#14474,#14482,#14490));
#14464 = ORIENTED_EDGE('',*,*,#14465,.F.);
#14465 = EDGE_CURVE('',#14466,#14468,#14470,.T.);
#14466 = VERTEX_POINT('',#14467);
#14467 = CARTESIAN_POINT('',(-66.,-42.,87.));
#14468 = VERTEX_POINT('',#14469);
#14469 = CARTESIAN_POINT('',(-66.,-42.,95.));
#14470 = LINE('',#14471,#14472);
#14471 = CARTESIAN_POINT('',(-66.,-42.,87.));
#14472 = VECTOR('',#14473,1.);
#14473 = DIRECTION('',(0.,0.,1.));
#14474 = ORIENTED_EDGE('',*,*,#14475,.T.);
#14475 = EDGE_CURVE('',#14466,#14476,#14478,.T.);
#14476 = VERTEX_POINT('',#14477);
#14477 = CARTESIAN_POINT('',(-66.,-10.,87.));
#14478 = LINE('',#14479,#14480);
#14479 = CARTESIAN_POINT('',(-66.,-42.,87.));
#14480 = VECTOR('',#14481,1.);
#14481 = DIRECTION('',(0.,1.,0.));
#14482 = ORIENTED_EDGE('',*,*,#14483,.T.);
#14483 = EDGE_CURVE('',#14476,#14484,#14486,.T.);
#14484 = VERTEX_POINT('',#14485);
#14485 = CARTESIAN_POINT('',(-66.,-10.,95.));
#14486 = LINE('',#14487,#14488);
#14487 = CARTESIAN_POINT('',(-66.,-10.,87.));
#14488 = VECTOR('',#14489,1.);
#14489 = DIRECTION('',(0.,0.,1.));
#14490 = ORIENTED_EDGE('',*,*,#14491,.F.);
#14491 = EDGE_CURVE('',#14468,#14484,#14492,.T.);
#14492 = LINE('',#14493,#14494);
#14493 = CARTESIAN_POINT('',(-66.,-42.,95.));
#14494 = VECTOR('',#14495,1.);
#14495 = DIRECTION('',(0.,1.,0.));
#14496 = PLANE('',#14497);
#14497 = AXIS2_PLACEMENT_3D('',#14498,#14499,#14500);
#14498 = CARTESIAN_POINT('',(-66.,-42.,87.));
#14499 = DIRECTION('',(1.,0.,0.));
#14500 = DIRECTION('',(0.,0.,1.));
#14501 = ADVANCED_FACE('',(#14502),#14536,.T.);
#14502 = FACE_BOUND('',#14503,.T.);
#14503 = EDGE_LOOP('',(#14504,#14514,#14522,#14530));
#14504 = ORIENTED_EDGE('',*,*,#14505,.F.);
#14505 = EDGE_CURVE('',#14506,#14508,#14510,.T.);
#14506 = VERTEX_POINT('',#14507);
#14507 = CARTESIAN_POINT('',(0.,-42.,87.));
#14508 = VERTEX_POINT('',#14509);
#14509 = CARTESIAN_POINT('',(0.,-42.,95.));
#14510 = LINE('',#14511,#14512);
#14511 = CARTESIAN_POINT('',(0.,-42.,87.));
#14512 = VECTOR('',#14513,1.);
#14513 = DIRECTION('',(0.,0.,1.));
#14514 = ORIENTED_EDGE('',*,*,#14515,.T.);
#14515 = EDGE_CURVE('',#14506,#14516,#14518,.T.);
#14516 = VERTEX_POINT('',#14517);
#14517 = CARTESIAN_POINT('',(0.,-10.,87.));
#14518 = LINE('',#14519,#14520);
#14519 = CARTESIAN_POINT('',(0.,-42.,87.));
#14520 = VECTOR('',#14521,1.);
#14521 = DIRECTION('',(0.,1.,0.));
#14522 = ORIENTED_EDGE('',*,*,#14523,.T.);
#14523 = EDGE_CURVE('',#14516,#14524,#14526,.T.);
#14524 = VERTEX_POINT('',#14525);
#14525 = CARTESIAN_POINT('',(0.,-10.,95.));
#14526 = LINE('',#14527,#14528);
#14527 = CARTESIAN_POINT('',(0.,-10.,87.));
#14528 = VECTOR('',#14529,1.);
#14529 = DIRECTION('',(0.,0.,1.));
#14530 = ORIENTED_EDGE('',*,*,#14531,.F.);
#14531 = EDGE_CURVE('',#14508,#14524,#14532,.T.);
#14532 = LINE('',#14533,#14534);
#14533 = CARTESIAN_POINT('',(0.,-42.,95.));
#14534 = VECTOR('',#14535,1.);
#14535 = DIRECTION('',(0.,1.,0.));
#14536 = PLANE('',#14537);
#14537 = AXIS2_PLACEMENT_3D('',#14538,#14539,#14540);
#14538 = CARTESIAN_POINT('',(0.,-42.,87.));
#14539 = DIRECTION('',(1.,0.,0.));
#14540 = DIRECTION('',(0.,0.,1.));
#14541 = ADVANCED_FACE('',(#14542),#14558,.F.);
#14542 = FACE_BOUND('',#14543,.F.);
#14543 = EDGE_LOOP('',(#14544,#14550,#14551,#14557));
#14544 = ORIENTED_EDGE('',*,*,#14545,.F.);
#14545 = EDGE_CURVE('',#14466,#14506,#14546,.T.);
#14546 = LINE('',#14547,#14548);
#14547 = CARTESIAN_POINT('',(-66.,-42.,87.));
#14548 = VECTOR('',#14549,1.);
#14549 = DIRECTION('',(1.,0.,0.));
#14550 = ORIENTED_EDGE('',*,*,#14465,.T.);
#14551 = ORIENTED_EDGE('',*,*,#14552,.T.);
#14552 = EDGE_CURVE('',#14468,#14508,#14553,.T.);
#14553 = LINE('',#14554,#14555);
#14554 = CARTESIAN_POINT('',(-66.,-42.,95.));
#14555 = VECTOR('',#14556,1.);
#14556 = DIRECTION('',(1.,0.,0.));
#14557 = ORIENTED_EDGE('',*,*,#14505,.F.);
#14558 = PLANE('',#14559);
#14559 = AXIS2_PLACEMENT_3D('',#14560,#14561,#14562);
#14560 = CARTESIAN_POINT('',(-66.,-42.,87.));
#14561 = DIRECTION('',(0.,1.,0.));
#14562 = DIRECTION('',(0.,0.,1.));
#14563 = ADVANCED_FACE('',(#14564),#14580,.T.);
#14564 = FACE_BOUND('',#14565,.T.);
#14565 = EDGE_LOOP('',(#14566,#14572,#14573,#14579));
#14566 = ORIENTED_EDGE('',*,*,#14567,.F.);
#14567 = EDGE_CURVE('',#14476,#14516,#14568,.T.);
#14568 = LINE('',#14569,#14570);
#14569 = CARTESIAN_POINT('',(-66.,-10.,87.));
#14570 = VECTOR('',#14571,1.);
#14571 = DIRECTION('',(1.,0.,0.));
#14572 = ORIENTED_EDGE('',*,*,#14483,.T.);
#14573 = ORIENTED_EDGE('',*,*,#14574,.T.);
#14574 = EDGE_CURVE('',#14484,#14524,#14575,.T.);
#14575 = LINE('',#14576,#14577);
#14576 = CARTESIAN_POINT('',(-66.,-10.,95.));
#14577 = VECTOR('',#14578,1.);
#14578 = DIRECTION('',(1.,0.,0.));
#14579 = ORIENTED_EDGE('',*,*,#14523,.F.);
#14580 = PLANE('',#14581);
#14581 = AXIS2_PLACEMENT_3D('',#14582,#14583,#14584);
#14582 = CARTESIAN_POINT('',(-66.,-10.,87.));
#14583 = DIRECTION('',(0.,1.,0.));
#14584 = DIRECTION('',(0.,0.,1.));
#14585 = ADVANCED_FACE('',(#14586),#14592,.F.);
#14586 = FACE_BOUND('',#14587,.F.);
#14587 = EDGE_LOOP('',(#14588,#14589,#14590,#14591));
#14588 = ORIENTED_EDGE('',*,*,#14475,.F.);
#14589 = ORIENTED_EDGE('',*,*,#14545,.T.);
#14590 = ORIENTED_EDGE('',*,*,#14515,.T.);
#14591 = ORIENTED_EDGE('',*,*,#14567,.F.);
#14592 = PLANE('',#14593);
#14593 = AXIS2_PLACEMENT_3D('',#14594,#14595,#14596);
#14594 = CARTESIAN_POINT('',(-66.,-42.,87.));
#14595 = DIRECTION('',(0.,0.,1.));
#14596 = DIRECTION('',(1.,0.,0.));
#14597 = ADVANCED_FACE('',(#14598),#14604,.T.);
#14598 = FACE_BOUND('',#14599,.T.);
#14599 = EDGE_LOOP('',(#14600,#14601,#14602,#14603));
#14600 = ORIENTED_EDGE('',*,*,#14491,.F.);
#14601 = ORIENTED_EDGE('',*,*,#14552,.T.);
#14602 = ORIENTED_EDGE('',*,*,#14531,.T.);
#14603 = ORIENTED_EDGE('',*,*,#14574,.F.);
#14604 = PLANE('',#14605);
#14605 = AXIS2_PLACEMENT_3D('',#14606,#14607,#14608);
#14606 = CARTESIAN_POINT('',(-66.,-42.,95.));
#14607 = DIRECTION('',(0.,0.,1.));
#14608 = DIRECTION('',(1.,0.,0.));
#14609 = MANIFOLD_SOLID_BREP('',#14610);
#14610 = CLOSED_SHELL('',(#14611,#14651,#14691,#14713,#14735,#14747));
#14611 = ADVANCED_FACE('',(#14612),#14646,.F.);
#14612 = FACE_BOUND('',#14613,.F.);
#14613 = EDGE_LOOP('',(#14614,#14624,#14632,#14640));
#14614 = ORIENTED_EDGE('',*,*,#14615,.F.);
#14615 = EDGE_CURVE('',#14616,#14618,#14620,.T.);
#14616 = VERTEX_POINT('',#14617);
#14617 = CARTESIAN_POINT('',(7.,-40.,87.));
#14618 = VERTEX_POINT('',#14619);
#14619 = CARTESIAN_POINT('',(7.,-40.,99.));
#14620 = LINE('',#14621,#14622);
#14621 = CARTESIAN_POINT('',(7.,-40.,87.));
#14622 = VECTOR('',#14623,1.);
#14623 = DIRECTION('',(0.,0.,1.));
#14624 = ORIENTED_EDGE('',*,*,#14625,.T.);
#14625 = EDGE_CURVE('',#14616,#14626,#14628,.T.);
#14626 = VERTEX_POINT('',#14627);
#14627 = CARTESIAN_POINT('',(7.,-12.,87.));
#14628 = LINE('',#14629,#14630);
#14629 = CARTESIAN_POINT('',(7.,-40.,87.));
#14630 = VECTOR('',#14631,1.);
#14631 = DIRECTION('',(0.,1.,0.));
#14632 = ORIENTED_EDGE('',*,*,#14633,.T.);
#14633 = EDGE_CURVE('',#14626,#14634,#14636,.T.);
#14634 = VERTEX_POINT('',#14635);
#14635 = CARTESIAN_POINT('',(7.,-12.,99.));
#14636 = LINE('',#14637,#14638);
#14637 = CARTESIAN_POINT('',(7.,-12.,87.));
#14638 = VECTOR('',#14639,1.);
#14639 = DIRECTION('',(0.,0.,1.));
#14640 = ORIENTED_EDGE('',*,*,#14641,.F.);
#14641 = EDGE_CURVE('',#14618,#14634,#14642,.T.);
#14642 = LINE('',#14643,#14644);
#14643 = CARTESIAN_POINT('',(7.,-40.,99.));
#14644 = VECTOR('',#14645,1.);
#14645 = DIRECTION('',(0.,1.,0.));
#14646 = PLANE('',#14647);
#14647 = AXIS2_PLACEMENT_3D('',#14648,#14649,#14650);
#14648 = CARTESIAN_POINT('',(7.,-40.,87.));
#14649 = DIRECTION('',(1.,0.,0.));
#14650 = DIRECTION('',(0.,0.,1.));
#14651 = ADVANCED_FACE('',(#14652),#14686,.T.);
#14652 = FACE_BOUND('',#14653,.T.);
#14653 = EDGE_LOOP('',(#14654,#14664,#14672,#14680));
#14654 = ORIENTED_EDGE('',*,*,#14655,.F.);
#14655 = EDGE_CURVE('',#14656,#14658,#14660,.T.);
#14656 = VERTEX_POINT('',#14657);
#14657 = CARTESIAN_POINT('',(42.,-40.,87.));
#14658 = VERTEX_POINT('',#14659);
#14659 = CARTESIAN_POINT('',(42.,-40.,99.));
#14660 = LINE('',#14661,#14662);
#14661 = CARTESIAN_POINT('',(42.,-40.,87.));
#14662 = VECTOR('',#14663,1.);
#14663 = DIRECTION('',(0.,0.,1.));
#14664 = ORIENTED_EDGE('',*,*,#14665,.T.);
#14665 = EDGE_CURVE('',#14656,#14666,#14668,.T.);
#14666 = VERTEX_POINT('',#14667);
#14667 = CARTESIAN_POINT('',(42.,-12.,87.));
#14668 = LINE('',#14669,#14670);
#14669 = CARTESIAN_POINT('',(42.,-40.,87.));
#14670 = VECTOR('',#14671,1.);
#14671 = DIRECTION('',(0.,1.,0.));
#14672 = ORIENTED_EDGE('',*,*,#14673,.T.);
#14673 = EDGE_CURVE('',#14666,#14674,#14676,.T.);
#14674 = VERTEX_POINT('',#14675);
#14675 = CARTESIAN_POINT('',(42.,-12.,99.));
#14676 = LINE('',#14677,#14678);
#14677 = CARTESIAN_POINT('',(42.,-12.,87.));
#14678 = VECTOR('',#14679,1.);
#14679 = DIRECTION('',(0.,0.,1.));
#14680 = ORIENTED_EDGE('',*,*,#14681,.F.);
#14681 = EDGE_CURVE('',#14658,#14674,#14682,.T.);
#14682 = LINE('',#14683,#14684);
#14683 = CARTESIAN_POINT('',(42.,-40.,99.));
#14684 = VECTOR('',#14685,1.);
#14685 = DIRECTION('',(0.,1.,0.));
#14686 = PLANE('',#14687);
#14687 = AXIS2_PLACEMENT_3D('',#14688,#14689,#14690);
#14688 = CARTESIAN_POINT('',(42.,-40.,87.));
#14689 = DIRECTION('',(1.,0.,0.));
#14690 = DIRECTION('',(0.,0.,1.));
#14691 = ADVANCED_FACE('',(#14692),#14708,.F.);
#14692 = FACE_BOUND('',#14693,.F.);
#14693 = EDGE_LOOP('',(#14694,#14700,#14701,#14707));
#14694 = ORIENTED_EDGE('',*,*,#14695,.F.);
#14695 = EDGE_CURVE('',#14616,#14656,#14696,.T.);
#14696 = LINE('',#14697,#14698);
#14697 = CARTESIAN_POINT('',(7.,-40.,87.));
#14698 = VECTOR('',#14699,1.);
#14699 = DIRECTION('',(1.,0.,0.));
#14700 = ORIENTED_EDGE('',*,*,#14615,.T.);
#14701 = ORIENTED_EDGE('',*,*,#14702,.T.);
#14702 = EDGE_CURVE('',#14618,#14658,#14703,.T.);
#14703 = LINE('',#14704,#14705);
#14704 = CARTESIAN_POINT('',(7.,-40.,99.));
#14705 = VECTOR('',#14706,1.);
#14706 = DIRECTION('',(1.,0.,0.));
#14707 = ORIENTED_EDGE('',*,*,#14655,.F.);
#14708 = PLANE('',#14709);
#14709 = AXIS2_PLACEMENT_3D('',#14710,#14711,#14712);
#14710 = CARTESIAN_POINT('',(7.,-40.,87.));
#14711 = DIRECTION('',(0.,1.,0.));
#14712 = DIRECTION('',(0.,0.,1.));
#14713 = ADVANCED_FACE('',(#14714),#14730,.T.);
#14714 = FACE_BOUND('',#14715,.T.);
#14715 = EDGE_LOOP('',(#14716,#14722,#14723,#14729));
#14716 = ORIENTED_EDGE('',*,*,#14717,.F.);
#14717 = EDGE_CURVE('',#14626,#14666,#14718,.T.);
#14718 = LINE('',#14719,#14720);
#14719 = CARTESIAN_POINT('',(7.,-12.,87.));
#14720 = VECTOR('',#14721,1.);
#14721 = DIRECTION('',(1.,0.,0.));
#14722 = ORIENTED_EDGE('',*,*,#14633,.T.);
#14723 = ORIENTED_EDGE('',*,*,#14724,.T.);
#14724 = EDGE_CURVE('',#14634,#14674,#14725,.T.);
#14725 = LINE('',#14726,#14727);
#14726 = CARTESIAN_POINT('',(7.,-12.,99.));
#14727 = VECTOR('',#14728,1.);
#14728 = DIRECTION('',(1.,0.,0.));
#14729 = ORIENTED_EDGE('',*,*,#14673,.F.);
#14730 = PLANE('',#14731);
#14731 = AXIS2_PLACEMENT_3D('',#14732,#14733,#14734);
#14732 = CARTESIAN_POINT('',(7.,-12.,87.));
#14733 = DIRECTION('',(0.,1.,0.));
#14734 = DIRECTION('',(0.,0.,1.));
#14735 = ADVANCED_FACE('',(#14736),#14742,.F.);
#14736 = FACE_BOUND('',#14737,.F.);
#14737 = EDGE_LOOP('',(#14738,#14739,#14740,#14741));
#14738 = ORIENTED_EDGE('',*,*,#14625,.F.);
#14739 = ORIENTED_EDGE('',*,*,#14695,.T.);
#14740 = ORIENTED_EDGE('',*,*,#14665,.T.);
#14741 = ORIENTED_EDGE('',*,*,#14717,.F.);
#14742 = PLANE('',#14743);
#14743 = AXIS2_PLACEMENT_3D('',#14744,#14745,#14746);
#14744 = CARTESIAN_POINT('',(7.,-40.,87.));
#14745 = DIRECTION('',(0.,0.,1.));
#14746 = DIRECTION('',(1.,0.,0.));
#14747 = ADVANCED_FACE('',(#14748),#14754,.T.);
#14748 = FACE_BOUND('',#14749,.T.);
#14749 = EDGE_LOOP('',(#14750,#14751,#14752,#14753));
#14750 = ORIENTED_EDGE('',*,*,#14641,.F.);
#14751 = ORIENTED_EDGE('',*,*,#14702,.T.);
#14752 = ORIENTED_EDGE('',*,*,#14681,.T.);
#14753 = ORIENTED_EDGE('',*,*,#14724,.F.);
#14754 = PLANE('',#14755);
#14755 = AXIS2_PLACEMENT_3D('',#14756,#14757,#14758);
#14756 = CARTESIAN_POINT('',(7.,-40.,99.));
#14757 = DIRECTION('',(0.,0.,1.));
#14758 = DIRECTION('',(1.,0.,0.));
#14759 = MANIFOLD_SOLID_BREP('',#14760);
#14760 = CLOSED_SHELL('',(#14761,#14801,#14841,#14863,#14885,#14897));
#14761 = ADVANCED_FACE('',(#14762),#14796,.F.);
#14762 = FACE_BOUND('',#14763,.F.);
#14763 = EDGE_LOOP('',(#14764,#14774,#14782,#14790));
#14764 = ORIENTED_EDGE('',*,*,#14765,.F.);
#14765 = EDGE_CURVE('',#14766,#14768,#14770,.T.);
#14766 = VERTEX_POINT('',#14767);
#14767 = CARTESIAN_POINT('',(12.,4.,87.));
#14768 = VERTEX_POINT('',#14769);
#14769 = CARTESIAN_POINT('',(12.,4.,103.));
#14770 = LINE('',#14771,#14772);
#14771 = CARTESIAN_POINT('',(12.,4.,87.));
#14772 = VECTOR('',#14773,1.);
#14773 = DIRECTION('',(0.,0.,1.));
#14774 = ORIENTED_EDGE('',*,*,#14775,.T.);
#14775 = EDGE_CURVE('',#14766,#14776,#14778,.T.);
#14776 = VERTEX_POINT('',#14777);
#14777 = CARTESIAN_POINT('',(12.,32.,87.));
#14778 = LINE('',#14779,#14780);
#14779 = CARTESIAN_POINT('',(12.,4.,87.));
#14780 = VECTOR('',#14781,1.);
#14781 = DIRECTION('',(0.,1.,0.));
#14782 = ORIENTED_EDGE('',*,*,#14783,.T.);
#14783 = EDGE_CURVE('',#14776,#14784,#14786,.T.);
#14784 = VERTEX_POINT('',#14785);
#14785 = CARTESIAN_POINT('',(12.,32.,103.));
#14786 = LINE('',#14787,#14788);
#14787 = CARTESIAN_POINT('',(12.,32.,87.));
#14788 = VECTOR('',#14789,1.);
#14789 = DIRECTION('',(0.,0.,1.));
#14790 = ORIENTED_EDGE('',*,*,#14791,.F.);
#14791 = EDGE_CURVE('',#14768,#14784,#14792,.T.);
#14792 = LINE('',#14793,#14794);
#14793 = CARTESIAN_POINT('',(12.,4.,103.));
#14794 = VECTOR('',#14795,1.);
#14795 = DIRECTION('',(0.,1.,0.));
#14796 = PLANE('',#14797);
#14797 = AXIS2_PLACEMENT_3D('',#14798,#14799,#14800);
#14798 = CARTESIAN_POINT('',(12.,4.,87.));
#14799 = DIRECTION('',(1.,0.,0.));
#14800 = DIRECTION('',(0.,0.,1.));
#14801 = ADVANCED_FACE('',(#14802),#14836,.T.);
#14802 = FACE_BOUND('',#14803,.T.);
#14803 = EDGE_LOOP('',(#14804,#14814,#14822,#14830));
#14804 = ORIENTED_EDGE('',*,*,#14805,.F.);
#14805 = EDGE_CURVE('',#14806,#14808,#14810,.T.);
#14806 = VERTEX_POINT('',#14807);
#14807 = CARTESIAN_POINT('',(60.,4.,87.));
#14808 = VERTEX_POINT('',#14809);
#14809 = CARTESIAN_POINT('',(60.,4.,103.));
#14810 = LINE('',#14811,#14812);
#14811 = CARTESIAN_POINT('',(60.,4.,87.));
#14812 = VECTOR('',#14813,1.);
#14813 = DIRECTION('',(0.,0.,1.));
#14814 = ORIENTED_EDGE('',*,*,#14815,.T.);
#14815 = EDGE_CURVE('',#14806,#14816,#14818,.T.);
#14816 = VERTEX_POINT('',#14817);
#14817 = CARTESIAN_POINT('',(60.,32.,87.));
#14818 = LINE('',#14819,#14820);
#14819 = CARTESIAN_POINT('',(60.,4.,87.));
#14820 = VECTOR('',#14821,1.);
#14821 = DIRECTION('',(0.,1.,0.));
#14822 = ORIENTED_EDGE('',*,*,#14823,.T.);
#14823 = EDGE_CURVE('',#14816,#14824,#14826,.T.);
#14824 = VERTEX_POINT('',#14825);
#14825 = CARTESIAN_POINT('',(60.,32.,103.));
#14826 = LINE('',#14827,#14828);
#14827 = CARTESIAN_POINT('',(60.,32.,87.));
#14828 = VECTOR('',#14829,1.);
#14829 = DIRECTION('',(0.,0.,1.));
#14830 = ORIENTED_EDGE('',*,*,#14831,.F.);
#14831 = EDGE_CURVE('',#14808,#14824,#14832,.T.);
#14832 = LINE('',#14833,#14834);
#14833 = CARTESIAN_POINT('',(60.,4.,103.));
#14834 = VECTOR('',#14835,1.);
#14835 = DIRECTION('',(0.,1.,0.));
#14836 = PLANE('',#14837);
#14837 = AXIS2_PLACEMENT_3D('',#14838,#14839,#14840);
#14838 = CARTESIAN_POINT('',(60.,4.,87.));
#14839 = DIRECTION('',(1.,0.,0.));
#14840 = DIRECTION('',(0.,0.,1.));
#14841 = ADVANCED_FACE('',(#14842),#14858,.F.);
#14842 = FACE_BOUND('',#14843,.F.);
#14843 = EDGE_LOOP('',(#14844,#14850,#14851,#14857));
#14844 = ORIENTED_EDGE('',*,*,#14845,.F.);
#14845 = EDGE_CURVE('',#14766,#14806,#14846,.T.);
#14846 = LINE('',#14847,#14848);
#14847 = CARTESIAN_POINT('',(12.,4.,87.));
#14848 = VECTOR('',#14849,1.);
#14849 = DIRECTION('',(1.,0.,0.));
#14850 = ORIENTED_EDGE('',*,*,#14765,.T.);
#14851 = ORIENTED_EDGE('',*,*,#14852,.T.);
#14852 = EDGE_CURVE('',#14768,#14808,#14853,.T.);
#14853 = LINE('',#14854,#14855);
#14854 = CARTESIAN_POINT('',(12.,4.,103.));
#14855 = VECTOR('',#14856,1.);
#14856 = DIRECTION('',(1.,0.,0.));
#14857 = ORIENTED_EDGE('',*,*,#14805,.F.);
#14858 = PLANE('',#14859);
#14859 = AXIS2_PLACEMENT_3D('',#14860,#14861,#14862);
#14860 = CARTESIAN_POINT('',(12.,4.,87.));
#14861 = DIRECTION('',(0.,1.,0.));
#14862 = DIRECTION('',(0.,0.,1.));
#14863 = ADVANCED_FACE('',(#14864),#14880,.T.);
#14864 = FACE_BOUND('',#14865,.T.);
#14865 = EDGE_LOOP('',(#14866,#14872,#14873,#14879));
#14866 = ORIENTED_EDGE('',*,*,#14867,.F.);
#14867 = EDGE_CURVE('',#14776,#14816,#14868,.T.);
#14868 = LINE('',#14869,#14870);
#14869 = CARTESIAN_POINT('',(12.,32.,87.));
#14870 = VECTOR('',#14871,1.);
#14871 = DIRECTION('',(1.,0.,0.));
#14872 = ORIENTED_EDGE('',*,*,#14783,.T.);
#14873 = ORIENTED_EDGE('',*,*,#14874,.T.);
#14874 = EDGE_CURVE('',#14784,#14824,#14875,.T.);
#14875 = LINE('',#14876,#14877);
#14876 = CARTESIAN_POINT('',(12.,32.,103.));
#14877 = VECTOR('',#14878,1.);
#14878 = DIRECTION('',(1.,0.,0.));
#14879 = ORIENTED_EDGE('',*,*,#14823,.F.);
#14880 = PLANE('',#14881);
#14881 = AXIS2_PLACEMENT_3D('',#14882,#14883,#14884);
#14882 = CARTESIAN_POINT('',(12.,32.,87.));
#14883 = DIRECTION('',(0.,1.,0.));
#14884 = DIRECTION('',(0.,0.,1.));
#14885 = ADVANCED_FACE('',(#14886),#14892,.F.);
#14886 = FACE_BOUND('',#14887,.F.);
#14887 = EDGE_LOOP('',(#14888,#14889,#14890,#14891));
#14888 = ORIENTED_EDGE('',*,*,#14775,.F.);
#14889 = ORIENTED_EDGE('',*,*,#14845,.T.);
#14890 = ORIENTED_EDGE('',*,*,#14815,.T.);
#14891 = ORIENTED_EDGE('',*,*,#14867,.F.);
#14892 = PLANE('',#14893);
#14893 = AXIS2_PLACEMENT_3D('',#14894,#14895,#14896);
#14894 = CARTESIAN_POINT('',(12.,4.,87.));
#14895 = DIRECTION('',(0.,0.,1.));
#14896 = DIRECTION('',(1.,0.,0.));
#14897 = ADVANCED_FACE('',(#14898),#14904,.T.);
#14898 = FACE_BOUND('',#14899,.T.);
#14899 = EDGE_LOOP('',(#14900,#14901,#14902,#14903));
#14900 = ORIENTED_EDGE('',*,*,#14791,.F.);
#14901 = ORIENTED_EDGE('',*,*,#14852,.T.);
#14902 = ORIENTED_EDGE('',*,*,#14831,.T.);
#14903 = ORIENTED_EDGE('',*,*,#14874,.F.);
#14904 = PLANE('',#14905);
#14905 = AXIS2_PLACEMENT_3D('',#14906,#14907,#14908);
#14906 = CARTESIAN_POINT('',(12.,4.,103.));
#14907 = DIRECTION('',(0.,0.,1.));
#14908 = DIRECTION('',(1.,0.,0.));
#14909 = MANIFOLD_SOLID_BREP('',#14910);
#14910 = CLOSED_SHELL('',(#14911,#14951,#14991,#15013,#15035,#15047));
#14911 = ADVANCED_FACE('',(#14912),#14946,.F.);
#14912 = FACE_BOUND('',#14913,.F.);
#14913 = EDGE_LOOP('',(#14914,#14924,#14932,#14940));
#14914 = ORIENTED_EDGE('',*,*,#14915,.F.);
#14915 = EDGE_CURVE('',#14916,#14918,#14920,.T.);
#14916 = VERTEX_POINT('',#14917);
#14917 = CARTESIAN_POINT('',(-22.5,-74.,120.));
#14918 = VERTEX_POINT('',#14919);
#14919 = CARTESIAN_POINT('',(-22.5,-74.,155.));
#14920 = LINE('',#14921,#14922);
#14921 = CARTESIAN_POINT('',(-22.5,-74.,120.));
#14922 = VECTOR('',#14923,1.);
#14923 = DIRECTION('',(0.,0.,1.));
#14924 = ORIENTED_EDGE('',*,*,#14925,.T.);
#14925 = EDGE_CURVE('',#14916,#14926,#14928,.T.);
#14926 = VERTEX_POINT('',#14927);
#14927 = CARTESIAN_POINT('',(-22.5,-66.,120.));
#14928 = LINE('',#14929,#14930);
#14929 = CARTESIAN_POINT('',(-22.5,-74.,120.));
#14930 = VECTOR('',#14931,1.);
#14931 = DIRECTION('',(0.,1.,0.));
#14932 = ORIENTED_EDGE('',*,*,#14933,.T.);
#14933 = EDGE_CURVE('',#14926,#14934,#14936,.T.);
#14934 = VERTEX_POINT('',#14935);
#14935 = CARTESIAN_POINT('',(-22.5,-66.,155.));
#14936 = LINE('',#14937,#14938);
#14937 = CARTESIAN_POINT('',(-22.5,-66.,120.));
#14938 = VECTOR('',#14939,1.);
#14939 = DIRECTION('',(0.,0.,1.));
#14940 = ORIENTED_EDGE('',*,*,#14941,.F.);
#14941 = EDGE_CURVE('',#14918,#14934,#14942,.T.);
#14942 = LINE('',#14943,#14944);
#14943 = CARTESIAN_POINT('',(-22.5,-74.,155.));
#14944 = VECTOR('',#14945,1.);
#14945 = DIRECTION('',(0.,1.,0.));
#14946 = PLANE('',#14947);
#14947 = AXIS2_PLACEMENT_3D('',#14948,#14949,#14950);
#14948 = CARTESIAN_POINT('',(-22.5,-74.,120.));
#14949 = DIRECTION('',(1.,0.,0.));
#14950 = DIRECTION('',(0.,0.,1.));
#14951 = ADVANCED_FACE('',(#14952),#14986,.T.);
#14952 = FACE_BOUND('',#14953,.T.);
#14953 = EDGE_LOOP('',(#14954,#14964,#14972,#14980));
#14954 = ORIENTED_EDGE('',*,*,#14955,.F.);
#14955 = EDGE_CURVE('',#14956,#14958,#14960,.T.);
#14956 = VERTEX_POINT('',#14957);
#14957 = CARTESIAN_POINT('',(22.5,-74.,120.));
#14958 = VERTEX_POINT('',#14959);
#14959 = CARTESIAN_POINT('',(22.5,-74.,155.));
#14960 = LINE('',#14961,#14962);
#14961 = CARTESIAN_POINT('',(22.5,-74.,120.));
#14962 = VECTOR('',#14963,1.);
#14963 = DIRECTION('',(0.,0.,1.));
#14964 = ORIENTED_EDGE('',*,*,#14965,.T.);
#14965 = EDGE_CURVE('',#14956,#14966,#14968,.T.);
#14966 = VERTEX_POINT('',#14967);
#14967 = CARTESIAN_POINT('',(22.5,-66.,120.));
#14968 = LINE('',#14969,#14970);
#14969 = CARTESIAN_POINT('',(22.5,-74.,120.));
#14970 = VECTOR('',#14971,1.);
#14971 = DIRECTION('',(0.,1.,0.));
#14972 = ORIENTED_EDGE('',*,*,#14973,.T.);
#14973 = EDGE_CURVE('',#14966,#14974,#14976,.T.);
#14974 = VERTEX_POINT('',#14975);
#14975 = CARTESIAN_POINT('',(22.5,-66.,155.));
#14976 = LINE('',#14977,#14978);
#14977 = CARTESIAN_POINT('',(22.5,-66.,120.));
#14978 = VECTOR('',#14979,1.);
#14979 = DIRECTION('',(0.,0.,1.));
#14980 = ORIENTED_EDGE('',*,*,#14981,.F.);
#14981 = EDGE_CURVE('',#14958,#14974,#14982,.T.);
#14982 = LINE('',#14983,#14984);
#14983 = CARTESIAN_POINT('',(22.5,-74.,155.));
#14984 = VECTOR('',#14985,1.);
#14985 = DIRECTION('',(0.,1.,0.));
#14986 = PLANE('',#14987);
#14987 = AXIS2_PLACEMENT_3D('',#14988,#14989,#14990);
#14988 = CARTESIAN_POINT('',(22.5,-74.,120.));
#14989 = DIRECTION('',(1.,0.,0.));
#14990 = DIRECTION('',(0.,0.,1.));
#14991 = ADVANCED_FACE('',(#14992),#15008,.F.);
#14992 = FACE_BOUND('',#14993,.F.);
#14993 = EDGE_LOOP('',(#14994,#15000,#15001,#15007));
#14994 = ORIENTED_EDGE('',*,*,#14995,.F.);
#14995 = EDGE_CURVE('',#14916,#14956,#14996,.T.);
#14996 = LINE('',#14997,#14998);
#14997 = CARTESIAN_POINT('',(-22.5,-74.,120.));
#14998 = VECTOR('',#14999,1.);
#14999 = DIRECTION('',(1.,0.,0.));
#15000 = ORIENTED_EDGE('',*,*,#14915,.T.);
#15001 = ORIENTED_EDGE('',*,*,#15002,.T.);
#15002 = EDGE_CURVE('',#14918,#14958,#15003,.T.);
#15003 = LINE('',#15004,#15005);
#15004 = CARTESIAN_POINT('',(-22.5,-74.,155.));
#15005 = VECTOR('',#15006,1.);
#15006 = DIRECTION('',(1.,0.,0.));
#15007 = ORIENTED_EDGE('',*,*,#14955,.F.);
#15008 = PLANE('',#15009);
#15009 = AXIS2_PLACEMENT_3D('',#15010,#15011,#15012);
#15010 = CARTESIAN_POINT('',(-22.5,-74.,120.));
#15011 = DIRECTION('',(0.,1.,0.));
#15012 = DIRECTION('',(0.,0.,1.));
#15013 = ADVANCED_FACE('',(#15014),#15030,.T.);
#15014 = FACE_BOUND('',#15015,.T.);
#15015 = EDGE_LOOP('',(#15016,#15022,#15023,#15029));
#15016 = ORIENTED_EDGE('',*,*,#15017,.F.);
#15017 = EDGE_CURVE('',#14926,#14966,#15018,.T.);
#15018 = LINE('',#15019,#15020);
#15019 = CARTESIAN_POINT('',(-22.5,-66.,120.));
#15020 = VECTOR('',#15021,1.);
#15021 = DIRECTION('',(1.,0.,0.));
#15022 = ORIENTED_EDGE('',*,*,#14933,.T.);
#15023 = ORIENTED_EDGE('',*,*,#15024,.T.);
#15024 = EDGE_CURVE('',#14934,#14974,#15025,.T.);
#15025 = LINE('',#15026,#15027);
#15026 = CARTESIAN_POINT('',(-22.5,-66.,155.));
#15027 = VECTOR('',#15028,1.);
#15028 = DIRECTION('',(1.,0.,0.));
#15029 = ORIENTED_EDGE('',*,*,#14973,.F.);
#15030 = PLANE('',#15031);
#15031 = AXIS2_PLACEMENT_3D('',#15032,#15033,#15034);
#15032 = CARTESIAN_POINT('',(-22.5,-66.,120.));
#15033 = DIRECTION('',(0.,1.,0.));
#15034 = DIRECTION('',(0.,0.,1.));
#15035 = ADVANCED_FACE('',(#15036),#15042,.F.);
#15036 = FACE_BOUND('',#15037,.F.);
#15037 = EDGE_LOOP('',(#15038,#15039,#15040,#15041));
#15038 = ORIENTED_EDGE('',*,*,#14925,.F.);
#15039 = ORIENTED_EDGE('',*,*,#14995,.T.);
#15040 = ORIENTED_EDGE('',*,*,#14965,.T.);
#15041 = ORIENTED_EDGE('',*,*,#15017,.F.);
#15042 = PLANE('',#15043);
#15043 = AXIS2_PLACEMENT_3D('',#15044,#15045,#15046);
#15044 = CARTESIAN_POINT('',(-22.5,-74.,120.));
#15045 = DIRECTION('',(0.,0.,1.));
#15046 = DIRECTION('',(1.,0.,0.));
#15047 = ADVANCED_FACE('',(#15048),#15054,.T.);
#15048 = FACE_BOUND('',#15049,.T.);
#15049 = EDGE_LOOP('',(#15050,#15051,#15052,#15053));
#15050 = ORIENTED_EDGE('',*,*,#14941,.F.);
#15051 = ORIENTED_EDGE('',*,*,#15002,.T.);
#15052 = ORIENTED_EDGE('',*,*,#14981,.T.);
#15053 = ORIENTED_EDGE('',*,*,#15024,.F.);
#15054 = PLANE('',#15055);
#15055 = AXIS2_PLACEMENT_3D('',#15056,#15057,#15058);
#15056 = CARTESIAN_POINT('',(-22.5,-74.,155.));
#15057 = DIRECTION('',(0.,0.,1.));
#15058 = DIRECTION('',(1.,0.,0.));
#15059 = MANIFOLD_SOLID_BREP('',#15060);
#15060 = CLOSED_SHELL('',(#15061,#15101,#15141,#15163,#15185,#15197));
#15061 = ADVANCED_FACE('',(#15062),#15096,.F.);
#15062 = FACE_BOUND('',#15063,.F.);
#15063 = EDGE_LOOP('',(#15064,#15074,#15082,#15090));
#15064 = ORIENTED_EDGE('',*,*,#15065,.F.);
#15065 = EDGE_CURVE('',#15066,#15068,#15070,.T.);
#15066 = VERTEX_POINT('',#15067);
#15067 = CARTESIAN_POINT('',(-33.,-78.,296.));
#15068 = VERTEX_POINT('',#15069);
#15069 = CARTESIAN_POINT('',(-33.,-78.,340.));
#15070 = LINE('',#15071,#15072);
#15071 = CARTESIAN_POINT('',(-33.,-78.,296.));
#15072 = VECTOR('',#15073,1.);
#15073 = DIRECTION('',(0.,0.,1.));
#15074 = ORIENTED_EDGE('',*,*,#15075,.T.);
#15075 = EDGE_CURVE('',#15066,#15076,#15078,.T.);
#15076 = VERTEX_POINT('',#15077);
#15077 = CARTESIAN_POINT('',(-33.,-70.,296.));
#15078 = LINE('',#15079,#15080);
#15079 = CARTESIAN_POINT('',(-33.,-78.,296.));
#15080 = VECTOR('',#15081,1.);
#15081 = DIRECTION('',(0.,1.,0.));
#15082 = ORIENTED_EDGE('',*,*,#15083,.T.);
#15083 = EDGE_CURVE('',#15076,#15084,#15086,.T.);
#15084 = VERTEX_POINT('',#15085);
#15085 = CARTESIAN_POINT('',(-33.,-70.,340.));
#15086 = LINE('',#15087,#15088);
#15087 = CARTESIAN_POINT('',(-33.,-70.,296.));
#15088 = VECTOR('',#15089,1.);
#15089 = DIRECTION('',(0.,0.,1.));
#15090 = ORIENTED_EDGE('',*,*,#15091,.F.);
#15091 = EDGE_CURVE('',#15068,#15084,#15092,.T.);
#15092 = LINE('',#15093,#15094);
#15093 = CARTESIAN_POINT('',(-33.,-78.,340.));
#15094 = VECTOR('',#15095,1.);
#15095 = DIRECTION('',(0.,1.,0.));
#15096 = PLANE('',#15097);
#15097 = AXIS2_PLACEMENT_3D('',#15098,#15099,#15100);
#15098 = CARTESIAN_POINT('',(-33.,-78.,296.));
#15099 = DIRECTION('',(1.,0.,0.));
#15100 = DIRECTION('',(0.,0.,1.));
#15101 = ADVANCED_FACE('',(#15102),#15136,.T.);
#15102 = FACE_BOUND('',#15103,.T.);
#15103 = EDGE_LOOP('',(#15104,#15114,#15122,#15130));
#15104 = ORIENTED_EDGE('',*,*,#15105,.F.);
#15105 = EDGE_CURVE('',#15106,#15108,#15110,.T.);
#15106 = VERTEX_POINT('',#15107);
#15107 = CARTESIAN_POINT('',(33.,-78.,296.));
#15108 = VERTEX_POINT('',#15109);
#15109 = CARTESIAN_POINT('',(33.,-78.,340.));
#15110 = LINE('',#15111,#15112);
#15111 = CARTESIAN_POINT('',(33.,-78.,296.));
#15112 = VECTOR('',#15113,1.);
#15113 = DIRECTION('',(0.,0.,1.));
#15114 = ORIENTED_EDGE('',*,*,#15115,.T.);
#15115 = EDGE_CURVE('',#15106,#15116,#15118,.T.);
#15116 = VERTEX_POINT('',#15117);
#15117 = CARTESIAN_POINT('',(33.,-70.,296.));
#15118 = LINE('',#15119,#15120);
#15119 = CARTESIAN_POINT('',(33.,-78.,296.));
#15120 = VECTOR('',#15121,1.);
#15121 = DIRECTION('',(0.,1.,0.));
#15122 = ORIENTED_EDGE('',*,*,#15123,.T.);
#15123 = EDGE_CURVE('',#15116,#15124,#15126,.T.);
#15124 = VERTEX_POINT('',#15125);
#15125 = CARTESIAN_POINT('',(33.,-70.,340.));
#15126 = LINE('',#15127,#15128);
#15127 = CARTESIAN_POINT('',(33.,-70.,296.));
#15128 = VECTOR('',#15129,1.);
#15129 = DIRECTION('',(0.,0.,1.));
#15130 = ORIENTED_EDGE('',*,*,#15131,.F.);
#15131 = EDGE_CURVE('',#15108,#15124,#15132,.T.);
#15132 = LINE('',#15133,#15134);
#15133 = CARTESIAN_POINT('',(33.,-78.,340.));
#15134 = VECTOR('',#15135,1.);
#15135 = DIRECTION('',(0.,1.,0.));
#15136 = PLANE('',#15137);
#15137 = AXIS2_PLACEMENT_3D('',#15138,#15139,#15140);
#15138 = CARTESIAN_POINT('',(33.,-78.,296.));
#15139 = DIRECTION('',(1.,0.,0.));
#15140 = DIRECTION('',(0.,0.,1.));
#15141 = ADVANCED_FACE('',(#15142),#15158,.F.);
#15142 = FACE_BOUND('',#15143,.F.);
#15143 = EDGE_LOOP('',(#15144,#15150,#15151,#15157));
#15144 = ORIENTED_EDGE('',*,*,#15145,.F.);
#15145 = EDGE_CURVE('',#15066,#15106,#15146,.T.);
#15146 = LINE('',#15147,#15148);
#15147 = CARTESIAN_POINT('',(-33.,-78.,296.));
#15148 = VECTOR('',#15149,1.);
#15149 = DIRECTION('',(1.,0.,0.));
#15150 = ORIENTED_EDGE('',*,*,#15065,.T.);
#15151 = ORIENTED_EDGE('',*,*,#15152,.T.);
#15152 = EDGE_CURVE('',#15068,#15108,#15153,.T.);
#15153 = LINE('',#15154,#15155);
#15154 = CARTESIAN_POINT('',(-33.,-78.,340.));
#15155 = VECTOR('',#15156,1.);
#15156 = DIRECTION('',(1.,0.,0.));
#15157 = ORIENTED_EDGE('',*,*,#15105,.F.);
#15158 = PLANE('',#15159);
#15159 = AXIS2_PLACEMENT_3D('',#15160,#15161,#15162);
#15160 = CARTESIAN_POINT('',(-33.,-78.,296.));
#15161 = DIRECTION('',(0.,1.,0.));
#15162 = DIRECTION('',(0.,0.,1.));
#15163 = ADVANCED_FACE('',(#15164),#15180,.T.);
#15164 = FACE_BOUND('',#15165,.T.);
#15165 = EDGE_LOOP('',(#15166,#15172,#15173,#15179));
#15166 = ORIENTED_EDGE('',*,*,#15167,.F.);
#15167 = EDGE_CURVE('',#15076,#15116,#15168,.T.);
#15168 = LINE('',#15169,#15170);
#15169 = CARTESIAN_POINT('',(-33.,-70.,296.));
#15170 = VECTOR('',#15171,1.);
#15171 = DIRECTION('',(1.,0.,0.));
#15172 = ORIENTED_EDGE('',*,*,#15083,.T.);
#15173 = ORIENTED_EDGE('',*,*,#15174,.T.);
#15174 = EDGE_CURVE('',#15084,#15124,#15175,.T.);
#15175 = LINE('',#15176,#15177);
#15176 = CARTESIAN_POINT('',(-33.,-70.,340.));
#15177 = VECTOR('',#15178,1.);
#15178 = DIRECTION('',(1.,0.,0.));
#15179 = ORIENTED_EDGE('',*,*,#15123,.F.);
#15180 = PLANE('',#15181);
#15181 = AXIS2_PLACEMENT_3D('',#15182,#15183,#15184);
#15182 = CARTESIAN_POINT('',(-33.,-70.,296.));
#15183 = DIRECTION('',(0.,1.,0.));
#15184 = DIRECTION('',(0.,0.,1.));
#15185 = ADVANCED_FACE('',(#15186),#15192,.F.);
#15186 = FACE_BOUND('',#15187,.F.);
#15187 = EDGE_LOOP('',(#15188,#15189,#15190,#15191));
#15188 = ORIENTED_EDGE('',*,*,#15075,.F.);
#15189 = ORIENTED_EDGE('',*,*,#15145,.T.);
#15190 = ORIENTED_EDGE('',*,*,#15115,.T.);
#15191 = ORIENTED_EDGE('',*,*,#15167,.F.);
#15192 = PLANE('',#15193);
#15193 = AXIS2_PLACEMENT_3D('',#15194,#15195,#15196);
#15194 = CARTESIAN_POINT('',(-33.,-78.,296.));
#15195 = DIRECTION('',(0.,0.,1.));
#15196 = DIRECTION('',(1.,0.,0.));
#15197 = ADVANCED_FACE('',(#15198),#15204,.T.);
#15198 = FACE_BOUND('',#15199,.T.);
#15199 = EDGE_LOOP('',(#15200,#15201,#15202,#15203));
#15200 = ORIENTED_EDGE('',*,*,#15091,.F.);
#15201 = ORIENTED_EDGE('',*,*,#15152,.T.);
#15202 = ORIENTED_EDGE('',*,*,#15131,.T.);
#15203 = ORIENTED_EDGE('',*,*,#15174,.F.);
#15204 = PLANE('',#15205);
#15205 = AXIS2_PLACEMENT_3D('',#15206,#15207,#15208);
#15206 = CARTESIAN_POINT('',(-33.,-78.,340.));
#15207 = DIRECTION('',(0.,0.,1.));
#15208 = DIRECTION('',(1.,0.,0.));
#15209 = MANIFOLD_SOLID_BREP('',#15210);
#15210 = CLOSED_SHELL('',(#15211,#15251,#15291,#15313,#15335,#15347));
#15211 = ADVANCED_FACE('',(#15212),#15246,.F.);
#15212 = FACE_BOUND('',#15213,.F.);
#15213 = EDGE_LOOP('',(#15214,#15224,#15232,#15240));
#15214 = ORIENTED_EDGE('',*,*,#15215,.F.);
#15215 = EDGE_CURVE('',#15216,#15218,#15220,.T.);
#15216 = VERTEX_POINT('',#15217);
#15217 = CARTESIAN_POINT('',(-24.,-80.,270.));
#15218 = VERTEX_POINT('',#15219);
#15219 = CARTESIAN_POINT('',(-24.,-80.,293.));
#15220 = LINE('',#15221,#15222);
#15221 = CARTESIAN_POINT('',(-24.,-80.,270.));
#15222 = VECTOR('',#15223,1.);
#15223 = DIRECTION('',(0.,0.,1.));
#15224 = ORIENTED_EDGE('',*,*,#15225,.T.);
#15225 = EDGE_CURVE('',#15216,#15226,#15228,.T.);
#15226 = VERTEX_POINT('',#15227);
#15227 = CARTESIAN_POINT('',(-24.,-72.,270.));
#15228 = LINE('',#15229,#15230);
#15229 = CARTESIAN_POINT('',(-24.,-80.,270.));
#15230 = VECTOR('',#15231,1.);
#15231 = DIRECTION('',(0.,1.,0.));
#15232 = ORIENTED_EDGE('',*,*,#15233,.T.);
#15233 = EDGE_CURVE('',#15226,#15234,#15236,.T.);
#15234 = VERTEX_POINT('',#15235);
#15235 = CARTESIAN_POINT('',(-24.,-72.,293.));
#15236 = LINE('',#15237,#15238);
#15237 = CARTESIAN_POINT('',(-24.,-72.,270.));
#15238 = VECTOR('',#15239,1.);
#15239 = DIRECTION('',(0.,0.,1.));
#15240 = ORIENTED_EDGE('',*,*,#15241,.F.);
#15241 = EDGE_CURVE('',#15218,#15234,#15242,.T.);
#15242 = LINE('',#15243,#15244);
#15243 = CARTESIAN_POINT('',(-24.,-80.,293.));
#15244 = VECTOR('',#15245,1.);
#15245 = DIRECTION('',(0.,1.,0.));
#15246 = PLANE('',#15247);
#15247 = AXIS2_PLACEMENT_3D('',#15248,#15249,#15250);
#15248 = CARTESIAN_POINT('',(-24.,-80.,270.));
#15249 = DIRECTION('',(1.,0.,0.));
#15250 = DIRECTION('',(0.,0.,1.));
#15251 = ADVANCED_FACE('',(#15252),#15286,.T.);
#15252 = FACE_BOUND('',#15253,.T.);
#15253 = EDGE_LOOP('',(#15254,#15264,#15272,#15280));
#15254 = ORIENTED_EDGE('',*,*,#15255,.F.);
#15255 = EDGE_CURVE('',#15256,#15258,#15260,.T.);
#15256 = VERTEX_POINT('',#15257);
#15257 = CARTESIAN_POINT('',(24.,-80.,270.));
#15258 = VERTEX_POINT('',#15259);
#15259 = CARTESIAN_POINT('',(24.,-80.,293.));
#15260 = LINE('',#15261,#15262);
#15261 = CARTESIAN_POINT('',(24.,-80.,270.));
#15262 = VECTOR('',#15263,1.);
#15263 = DIRECTION('',(0.,0.,1.));
#15264 = ORIENTED_EDGE('',*,*,#15265,.T.);
#15265 = EDGE_CURVE('',#15256,#15266,#15268,.T.);
#15266 = VERTEX_POINT('',#15267);
#15267 = CARTESIAN_POINT('',(24.,-72.,270.));
#15268 = LINE('',#15269,#15270);
#15269 = CARTESIAN_POINT('',(24.,-80.,270.));
#15270 = VECTOR('',#15271,1.);
#15271 = DIRECTION('',(0.,1.,0.));
#15272 = ORIENTED_EDGE('',*,*,#15273,.T.);
#15273 = EDGE_CURVE('',#15266,#15274,#15276,.T.);
#15274 = VERTEX_POINT('',#15275);
#15275 = CARTESIAN_POINT('',(24.,-72.,293.));
#15276 = LINE('',#15277,#15278);
#15277 = CARTESIAN_POINT('',(24.,-72.,270.));
#15278 = VECTOR('',#15279,1.);
#15279 = DIRECTION('',(0.,0.,1.));
#15280 = ORIENTED_EDGE('',*,*,#15281,.F.);
#15281 = EDGE_CURVE('',#15258,#15274,#15282,.T.);
#15282 = LINE('',#15283,#15284);
#15283 = CARTESIAN_POINT('',(24.,-80.,293.));
#15284 = VECTOR('',#15285,1.);
#15285 = DIRECTION('',(0.,1.,0.));
#15286 = PLANE('',#15287);
#15287 = AXIS2_PLACEMENT_3D('',#15288,#15289,#15290);
#15288 = CARTESIAN_POINT('',(24.,-80.,270.));
#15289 = DIRECTION('',(1.,0.,0.));
#15290 = DIRECTION('',(0.,0.,1.));
#15291 = ADVANCED_FACE('',(#15292),#15308,.F.);
#15292 = FACE_BOUND('',#15293,.F.);
#15293 = EDGE_LOOP('',(#15294,#15300,#15301,#15307));
#15294 = ORIENTED_EDGE('',*,*,#15295,.F.);
#15295 = EDGE_CURVE('',#15216,#15256,#15296,.T.);
#15296 = LINE('',#15297,#15298);
#15297 = CARTESIAN_POINT('',(-24.,-80.,270.));
#15298 = VECTOR('',#15299,1.);
#15299 = DIRECTION('',(1.,0.,0.));
#15300 = ORIENTED_EDGE('',*,*,#15215,.T.);
#15301 = ORIENTED_EDGE('',*,*,#15302,.T.);
#15302 = EDGE_CURVE('',#15218,#15258,#15303,.T.);
#15303 = LINE('',#15304,#15305);
#15304 = CARTESIAN_POINT('',(-24.,-80.,293.));
#15305 = VECTOR('',#15306,1.);
#15306 = DIRECTION('',(1.,0.,0.));
#15307 = ORIENTED_EDGE('',*,*,#15255,.F.);
#15308 = PLANE('',#15309);
#15309 = AXIS2_PLACEMENT_3D('',#15310,#15311,#15312);
#15310 = CARTESIAN_POINT('',(-24.,-80.,270.));
#15311 = DIRECTION('',(0.,1.,0.));
#15312 = DIRECTION('',(0.,0.,1.));
#15313 = ADVANCED_FACE('',(#15314),#15330,.T.);
#15314 = FACE_BOUND('',#15315,.T.);
#15315 = EDGE_LOOP('',(#15316,#15322,#15323,#15329));
#15316 = ORIENTED_EDGE('',*,*,#15317,.F.);
#15317 = EDGE_CURVE('',#15226,#15266,#15318,.T.);
#15318 = LINE('',#15319,#15320);
#15319 = CARTESIAN_POINT('',(-24.,-72.,270.));
#15320 = VECTOR('',#15321,1.);
#15321 = DIRECTION('',(1.,0.,0.));
#15322 = ORIENTED_EDGE('',*,*,#15233,.T.);
#15323 = ORIENTED_EDGE('',*,*,#15324,.T.);
#15324 = EDGE_CURVE('',#15234,#15274,#15325,.T.);
#15325 = LINE('',#15326,#15327);
#15326 = CARTESIAN_POINT('',(-24.,-72.,293.));
#15327 = VECTOR('',#15328,1.);
#15328 = DIRECTION('',(1.,0.,0.));
#15329 = ORIENTED_EDGE('',*,*,#15273,.F.);
#15330 = PLANE('',#15331);
#15331 = AXIS2_PLACEMENT_3D('',#15332,#15333,#15334);
#15332 = CARTESIAN_POINT('',(-24.,-72.,270.));
#15333 = DIRECTION('',(0.,1.,0.));
#15334 = DIRECTION('',(0.,0.,1.));
#15335 = ADVANCED_FACE('',(#15336),#15342,.F.);
#15336 = FACE_BOUND('',#15337,.F.);
#15337 = EDGE_LOOP('',(#15338,#15339,#15340,#15341));
#15338 = ORIENTED_EDGE('',*,*,#15225,.F.);
#15339 = ORIENTED_EDGE('',*,*,#15295,.T.);
#15340 = ORIENTED_EDGE('',*,*,#15265,.T.);
#15341 = ORIENTED_EDGE('',*,*,#15317,.F.);
#15342 = PLANE('',#15343);
#15343 = AXIS2_PLACEMENT_3D('',#15344,#15345,#15346);
#15344 = CARTESIAN_POINT('',(-24.,-80.,270.));
#15345 = DIRECTION('',(0.,0.,1.));
#15346 = DIRECTION('',(1.,0.,0.));
#15347 = ADVANCED_FACE('',(#15348),#15354,.T.);
#15348 = FACE_BOUND('',#15349,.T.);
#15349 = EDGE_LOOP('',(#15350,#15351,#15352,#15353));
#15350 = ORIENTED_EDGE('',*,*,#15241,.F.);
#15351 = ORIENTED_EDGE('',*,*,#15302,.T.);
#15352 = ORIENTED_EDGE('',*,*,#15281,.T.);
#15353 = ORIENTED_EDGE('',*,*,#15324,.F.);
#15354 = PLANE('',#15355);
#15355 = AXIS2_PLACEMENT_3D('',#15356,#15357,#15358);
#15356 = CARTESIAN_POINT('',(-24.,-80.,293.));
#15357 = DIRECTION('',(0.,0.,1.));
#15358 = DIRECTION('',(1.,0.,0.));
#15359 = ( GEOMETRIC_REPRESENTATION_CONTEXT(3) 
GLOBAL_UNCERTAINTY_ASSIGNED_CONTEXT((#15363)) 
GLOBAL_UNIT_ASSIGNED_CONTEXT((#15360,#15361,#15362)) 
REPRESENTATION_CONTEXT('Context #1',
  '3D Context with UNIT and UNCERTAINTY') );
#15360 = ( LENGTH_UNIT() NAMED_UNIT(*) SI_UNIT(.MILLI.,.METRE.) );
#15361 = ( NAMED_UNIT(*) PLANE_ANGLE_UNIT() SI_UNIT($,.RADIAN.) );
#15362 = ( NAMED_UNIT(*) SI_UNIT($,.STERADIAN.) SOLID_ANGLE_UNIT() );
#15363 = UNCERTAINTY_MEASURE_WITH_UNIT(LENGTH_MEASURE(2.E-07),#15360,
  'distance_accuracy_value','confusion accuracy');
#15364 = PRODUCT_RELATED_PRODUCT_CATEGORY('part',$,(#7));
ENDSEC;
END-ISO-10303-21;
